ISO-10303-21;
HEADER;
/* Generated by software containing ST-Developer
 * from STEP Tools, Inc. (www.steptools.com) 
 */
/* OPTION: using custom schema-name function */

FILE_DESCRIPTION(
/* description */ (''),
/* implementation_level */ '2;1');

FILE_NAME(
/* name */ 'NC3MD-LX_01-GC-STEP',
/* time_stamp */ '2025-02-18T11:25:03-08:00',
/* author */ (''),
/* organization */ (''),
/* preprocessor_version */ 'ST-DEVELOPER v19.2',
/* originating_system */ 'Rhino 8.16',
/* authorisation */ '');

FILE_SCHEMA (('AUTOMOTIVE_DESIGN'));
ENDSEC;

DATA;
#10=SHAPE_REPRESENTATION_RELATIONSHIP('','',#3450,#21);
#11=SHAPE_REPRESENTATION_RELATIONSHIP('','',#3450,#16);
#12=SHAPE_REPRESENTATION_RELATIONSHIP('','',#3450,#88);
#13=MANIFOLD_SOLID_BREP('brep_1',#17);
#14=MANIFOLD_SOLID_BREP('brep_2',#18);
#15=MANIFOLD_SOLID_BREP('brep_3',#19);
#16=ADVANCED_BREP_SHAPE_REPRESENTATION('brep_rep_0',(#13,#14,#15,#3777),
#3449);
#17=CLOSED_SHELL('',(#285,#286,#287,#288,#289,#290,#291,#292,#293,#294,
#295,#296));
#18=CLOSED_SHELL('',(#297,#298,#299,#300,#301,#302,#303,#304,#305,#306,
#307,#308));
#19=CLOSED_SHELL('',(#309,#310,#311,#312,#313,#314,#315,#316,#317,#318,
#319,#320));
#20=GEOMETRIC_CURVE_SET('curve_set_0',(#30,#31,#32,#33));
#21=GEOMETRICALLY_BOUNDED_WIREFRAME_SHAPE_REPRESENTATION(
'wireframe_rep_0',(#20,#3776),#3449);
#22=CURVE_STYLE('',$,POSITIVE_LENGTH_MEASURE(0.02),#35);
#23=CURVE_STYLE('',$,POSITIVE_LENGTH_MEASURE(0.02),#36);
#24=CURVE_STYLE('',$,POSITIVE_LENGTH_MEASURE(0.02),#37);
#25=CURVE_STYLE('',$,POSITIVE_LENGTH_MEASURE(0.02),#38);
#26=VECTOR('',#4184,2.);
#27=VECTOR('',#4185,1.5);
#28=VECTOR('',#4186,2.);
#29=VECTOR('',#4187,2.);
#30=LINE('',#6147,#26);
#31=LINE('',#6148,#27);
#32=LINE('',#6149,#28);
#33=LINE('',#6150,#29);
#34=COLOUR_RGB('',0.411764705882353,0.411764705882353,0.411764705882353);
#35=COLOUR_RGB('',0.,1.,1.);
#36=COLOUR_RGB('',0.,1.,1.);
#37=COLOUR_RGB('',0.,1.,1.);
#38=COLOUR_RGB('',0.,1.,1.);
#39=COLOUR_RGB('',1.,0.749019607843137,0.);
#40=COLOUR_RGB('',1.,0.749019607843137,0.);
#41=COLOUR_RGB('',1.,0.749019607843137,0.);
#42=FILL_AREA_STYLE_COLOUR('',#34);
#43=FILL_AREA_STYLE_COLOUR('',#39);
#44=FILL_AREA_STYLE_COLOUR('',#40);
#45=FILL_AREA_STYLE_COLOUR('',#41);
#46=FILL_AREA_STYLE('',(#42));
#47=FILL_AREA_STYLE('',(#43));
#48=FILL_AREA_STYLE('',(#44));
#49=FILL_AREA_STYLE('',(#45));
#50=SURFACE_STYLE_FILL_AREA(#46);
#51=SURFACE_STYLE_FILL_AREA(#47);
#52=SURFACE_STYLE_FILL_AREA(#48);
#53=SURFACE_STYLE_FILL_AREA(#49);
#54=SURFACE_SIDE_STYLE('',(#50));
#55=SURFACE_SIDE_STYLE('',(#51));
#56=SURFACE_SIDE_STYLE('',(#52));
#57=SURFACE_SIDE_STYLE('',(#53));
#58=SURFACE_STYLE_USAGE(.BOTH.,#54);
#59=SURFACE_STYLE_USAGE(.BOTH.,#55);
#60=SURFACE_STYLE_USAGE(.BOTH.,#56);
#61=SURFACE_STYLE_USAGE(.BOTH.,#57);
#62=MECHANICAL_DESIGN_GEOMETRIC_PRESENTATION_REPRESENTATION('',(#71,#72,
#73,#74,#75,#76,#77,#78),#3449);
#63=PRESENTATION_STYLE_ASSIGNMENT((#58));
#64=PRESENTATION_STYLE_ASSIGNMENT((#22));
#65=PRESENTATION_STYLE_ASSIGNMENT((#23));
#66=PRESENTATION_STYLE_ASSIGNMENT((#24));
#67=PRESENTATION_STYLE_ASSIGNMENT((#25));
#68=PRESENTATION_STYLE_ASSIGNMENT((#59));
#69=PRESENTATION_STYLE_ASSIGNMENT((#60));
#70=PRESENTATION_STYLE_ASSIGNMENT((#61));
#71=STYLED_ITEM('',(#63),#87);
#72=STYLED_ITEM('',(#64),#30);
#73=STYLED_ITEM('',(#65),#31);
#74=STYLED_ITEM('',(#66),#32);
#75=STYLED_ITEM('',(#67),#33);
#76=STYLED_ITEM('',(#68),#13);
#77=STYLED_ITEM('',(#69),#14);
#78=STYLED_ITEM('',(#70),#15);
#79=PRESENTATION_LAYER_ASSIGNMENT('NC3MD-LX::Black_Plastic','',(#87));
#80=PRESENTATION_LAYER_ASSIGNMENT('Guide_Lines','',(#30));
#81=PRESENTATION_LAYER_ASSIGNMENT('Guide_Lines','',(#31));
#82=PRESENTATION_LAYER_ASSIGNMENT('Guide_Lines','',(#32));
#83=PRESENTATION_LAYER_ASSIGNMENT('Guide_Lines','',(#33));
#84=PRESENTATION_LAYER_ASSIGNMENT('NC3MD-LX::Gold','',(#13));
#85=PRESENTATION_LAYER_ASSIGNMENT('NC3MD-LX::Gold','',(#14));
#86=PRESENTATION_LAYER_ASSIGNMENT('NC3MD-LX::Gold','',(#15));
#87=SHELL_BASED_SURFACE_MODEL('shell_1',(#89));
#88=MANIFOLD_SURFACE_SHAPE_REPRESENTATION('shell_rep_0',(#87,#3778),#3449);
#89=OPEN_SHELL('',(#117,#118,#119,#120,#121,#122,#123,#124,#125,#126,#127,
#128,#129,#130,#131,#132,#133,#134,#135,#136,#137,#138,#139,#140,#141,#142,
#143,#144,#145,#146,#147,#148,#149,#150,#151,#152,#153,#154,#155,#156,#157,
#158,#159,#160,#161,#162,#163,#164,#165,#166,#167,#168,#169,#170,#171,#172,
#173,#174,#175,#176,#177,#178,#179,#180,#181,#182,#183,#184,#185,#186,#187,
#188,#189,#190,#191,#192,#193,#194,#195,#196,#197,#198,#199,#200,#201,#202,
#203,#204,#205,#206,#207,#208,#209,#210,#211,#212,#213,#214,#215,#216,#217,
#218,#219,#220,#221,#222,#223,#224,#225,#226,#227,#228,#229,#230,#231,#232,
#233,#234,#235,#236,#237,#238,#239,#240,#241,#242,#243,#244,#245,#246,#247,
#248,#249,#250,#251,#252,#253,#254,#255,#256,#257,#258,#259,#260,#261,#262,
#263,#264,#265,#266,#267,#268,#269,#270,#271,#272,#273,#274,#275,#276,#277,
#278,#279,#280,#281,#282,#283,#284));
#90=FACE_BOUND('',#538,.T.);
#91=FACE_BOUND('',#613,.T.);
#92=FACE_BOUND('',#614,.T.);
#93=FACE_BOUND('',#615,.T.);
#94=FACE_BOUND('',#616,.T.);
#95=FACE_BOUND('',#617,.T.);
#96=FACE_BOUND('',#618,.T.);
#97=FACE_BOUND('',#619,.T.);
#98=FACE_BOUND('',#620,.T.);
#99=FACE_BOUND('',#621,.T.);
#100=FACE_BOUND('',#622,.T.);
#101=FACE_BOUND('',#626,.T.);
#102=FACE_BOUND('',#640,.T.);
#103=FACE_BOUND('',#641,.T.);
#104=FACE_BOUND('',#642,.T.);
#105=FACE_BOUND('',#643,.T.);
#106=FACE_BOUND('',#644,.T.);
#107=FACE_BOUND('',#658,.T.);
#108=FACE_BOUND('',#659,.T.);
#109=FACE_BOUND('',#660,.T.);
#110=FACE_BOUND('',#675,.T.);
#111=FACE_BOUND('',#677,.T.);
#112=FACE_BOUND('',#678,.T.);
#113=FACE_BOUND('',#679,.T.);
#114=FACE_BOUND('',#686,.T.);
#115=FACE_BOUND('',#687,.T.);
#116=FACE_BOUND('',#688,.T.);
#117=ADVANCED_FACE('',(#321),#3331,.T.);
#118=ADVANCED_FACE('',(#322),#3332,.T.);
#119=ADVANCED_FACE('',(#323),#3333,.T.);
#120=ADVANCED_FACE('',(#324),#3334,.T.);
#121=ADVANCED_FACE('',(#325),#3335,.T.);
#122=ADVANCED_FACE('',(#326),#3336,.T.);
#123=ADVANCED_FACE('',(#327),#3337,.T.);
#124=ADVANCED_FACE('',(#328),#3329,.T.);
#125=ADVANCED_FACE('',(#329),#3338,.T.);
#126=ADVANCED_FACE('',(#330),#3330,.T.);
#127=ADVANCED_FACE('',(#331),#3339,.T.);
#128=ADVANCED_FACE('',(#332),#3340,.T.);
#129=ADVANCED_FACE('',(#333,#90),#3341,.T.);
#130=ADVANCED_FACE('',(#334),#3342,.T.);
#131=ADVANCED_FACE('',(#335),#3343,.T.);
#132=ADVANCED_FACE('',(#336),#3344,.T.);
#133=ADVANCED_FACE('',(#337),#3345,.T.);
#134=ADVANCED_FACE('',(#338),#3346,.T.);
#135=ADVANCED_FACE('',(#339),#3347,.T.);
#136=ADVANCED_FACE('',(#340),#3348,.T.);
#137=ADVANCED_FACE('',(#341),#3349,.T.);
#138=ADVANCED_FACE('',(#342),#3350,.T.);
#139=ADVANCED_FACE('',(#343),#3351,.T.);
#140=ADVANCED_FACE('',(#344),#3352,.T.);
#141=ADVANCED_FACE('',(#345),#3353,.T.);
#142=ADVANCED_FACE('',(#346),#3354,.T.);
#143=ADVANCED_FACE('',(#347),#3355,.T.);
#144=ADVANCED_FACE('',(#348),#3356,.T.);
#145=ADVANCED_FACE('',(#349),#3357,.T.);
#146=ADVANCED_FACE('',(#350),#3358,.T.);
#147=ADVANCED_FACE('',(#351),#3359,.T.);
#148=ADVANCED_FACE('',(#352),#3360,.T.);
#149=ADVANCED_FACE('',(#353),#3361,.T.);
#150=ADVANCED_FACE('',(#354),#3362,.T.);
#151=ADVANCED_FACE('',(#355),#3363,.T.);
#152=ADVANCED_FACE('',(#356),#3364,.T.);
#153=ADVANCED_FACE('',(#357),#3365,.T.);
#154=ADVANCED_FACE('',(#358),#3366,.T.);
#155=ADVANCED_FACE('',(#359),#3367,.T.);
#156=ADVANCED_FACE('',(#360),#3368,.T.);
#157=ADVANCED_FACE('',(#361),#3369,.T.);
#158=ADVANCED_FACE('',(#362),#3370,.T.);
#159=ADVANCED_FACE('',(#363),#3371,.T.);
#160=ADVANCED_FACE('',(#364),#3372,.T.);
#161=ADVANCED_FACE('',(#365),#3373,.T.);
#162=ADVANCED_FACE('',(#366),#3374,.T.);
#163=ADVANCED_FACE('',(#367),#3375,.T.);
#164=ADVANCED_FACE('',(#368),#3376,.T.);
#165=ADVANCED_FACE('',(#369),#3377,.T.);
#166=ADVANCED_FACE('',(#370),#3378,.T.);
#167=ADVANCED_FACE('',(#371),#3379,.T.);
#168=ADVANCED_FACE('',(#372),#3380,.T.);
#169=ADVANCED_FACE('',(#373),#3381,.T.);
#170=ADVANCED_FACE('',(#374),#3382,.T.);
#171=ADVANCED_FACE('',(#375),#3383,.T.);
#172=ADVANCED_FACE('',(#376),#3263,.T.);
#173=ADVANCED_FACE('',(#377),#3384,.T.);
#174=ADVANCED_FACE('',(#378),#3264,.T.);
#175=ADVANCED_FACE('',(#379),#3385,.T.);
#176=ADVANCED_FACE('',(#380),#3386,.T.);
#177=ADVANCED_FACE('',(#381),#3387,.T.);
#178=ADVANCED_FACE('',(#382),#3265,.F.);
#179=ADVANCED_FACE('',(#383),#3388,.T.);
#180=ADVANCED_FACE('',(#384),#3266,.F.);
#181=ADVANCED_FACE('',(#385),#3389,.T.);
#182=ADVANCED_FACE('',(#386),#3390,.T.);
#183=ADVANCED_FACE('',(#387),#3391,.T.);
#184=ADVANCED_FACE('',(#388),#3392,.T.);
#185=ADVANCED_FACE('',(#389),#3393,.T.);
#186=ADVANCED_FACE('',(#390),#3394,.T.);
#187=ADVANCED_FACE('',(#391),#3395,.T.);
#188=ADVANCED_FACE('',(#392),#3396,.T.);
#189=ADVANCED_FACE('',(#393),#3397,.T.);
#190=ADVANCED_FACE('',(#394),#3398,.T.);
#191=ADVANCED_FACE('',(#395),#3399,.T.);
#192=ADVANCED_FACE('',(#396),#3400,.T.);
#193=ADVANCED_FACE('',(#397),#3267,.F.);
#194=ADVANCED_FACE('',(#398),#3225,.T.);
#195=ADVANCED_FACE('',(#399),#3226,.T.);
#196=ADVANCED_FACE('',(#400),#3268,.F.);
#197=ADVANCED_FACE('',(#401),#3269,.F.);
#198=ADVANCED_FACE('',(#402),#3227,.T.);
#199=ADVANCED_FACE('',(#403),#3228,.T.);
#200=ADVANCED_FACE('',(#404),#3270,.F.);
#201=ADVANCED_FACE('',(#405),#3271,.T.);
#202=ADVANCED_FACE('',(#406),#3272,.T.);
#203=ADVANCED_FACE('',(#407,#91,#92,#93,#94,#95,#96,#97,#98,#99,#100),#3401,
 .T.);
#204=ADVANCED_FACE('',(#408),#3273,.T.);
#205=ADVANCED_FACE('',(#409),#3274,.T.);
#206=ADVANCED_FACE('',(#410,#101),#3402,.T.);
#207=ADVANCED_FACE('',(#411),#3229,.T.);
#208=ADVANCED_FACE('',(#412),#3230,.T.);
#209=ADVANCED_FACE('',(#413),#3275,.F.);
#210=ADVANCED_FACE('',(#414),#3276,.F.);
#211=ADVANCED_FACE('',(#415),#3277,.F.);
#212=ADVANCED_FACE('',(#416),#3231,.T.);
#213=ADVANCED_FACE('',(#417),#3232,.T.);
#214=ADVANCED_FACE('',(#418),#3278,.T.);
#215=ADVANCED_FACE('',(#419),#3279,.T.);
#216=ADVANCED_FACE('',(#420),#3233,.T.);
#217=ADVANCED_FACE('',(#421),#3234,.T.);
#218=ADVANCED_FACE('',(#422),#3235,.T.);
#219=ADVANCED_FACE('',(#423,#102,#103,#104,#105,#106),#3403,.T.);
#220=ADVANCED_FACE('',(#424),#3280,.T.);
#221=ADVANCED_FACE('',(#425),#3281,.T.);
#222=ADVANCED_FACE('',(#426),#3282,.T.);
#223=ADVANCED_FACE('',(#427),#3283,.T.);
#224=ADVANCED_FACE('',(#428),#3236,.T.);
#225=ADVANCED_FACE('',(#429),#3237,.T.);
#226=ADVANCED_FACE('',(#430),#3238,.T.);
#227=ADVANCED_FACE('',(#431),#3239,.T.);
#228=ADVANCED_FACE('',(#432),#3284,.T.);
#229=ADVANCED_FACE('',(#433),#3285,.T.);
#230=ADVANCED_FACE('',(#434),#3286,.T.);
#231=ADVANCED_FACE('',(#435),#3287,.T.);
#232=ADVANCED_FACE('',(#436,#107,#108,#109),#3404,.T.);
#233=ADVANCED_FACE('',(#437),#3405,.T.);
#234=ADVANCED_FACE('',(#438),#3406,.T.);
#235=ADVANCED_FACE('',(#439),#3407,.T.);
#236=ADVANCED_FACE('',(#440),#3408,.T.);
#237=ADVANCED_FACE('',(#441),#3288,.T.);
#238=ADVANCED_FACE('',(#442),#3240,.T.);
#239=ADVANCED_FACE('',(#443),#3289,.T.);
#240=ADVANCED_FACE('',(#444),#3241,.T.);
#241=ADVANCED_FACE('',(#445),#3290,.T.);
#242=ADVANCED_FACE('',(#446),#3242,.T.);
#243=ADVANCED_FACE('',(#447),#3291,.T.);
#244=ADVANCED_FACE('',(#448),#3243,.T.);
#245=ADVANCED_FACE('',(#449),#3292,.T.);
#246=ADVANCED_FACE('',(#450,#110),#3409,.T.);
#247=ADVANCED_FACE('',(#451,#111,#112,#113),#3410,.T.);
#248=ADVANCED_FACE('',(#452),#3244,.T.);
#249=ADVANCED_FACE('',(#453),#3245,.T.);
#250=ADVANCED_FACE('',(#454),#3246,.T.);
#251=ADVANCED_FACE('',(#455),#3293,.F.);
#252=ADVANCED_FACE('',(#456),#3411,.T.);
#253=ADVANCED_FACE('',(#457,#114,#115,#116),#3412,.T.);
#254=ADVANCED_FACE('',(#458),#3413,.T.);
#255=ADVANCED_FACE('',(#459),#3294,.T.);
#256=ADVANCED_FACE('',(#460),#3295,.F.);
#257=ADVANCED_FACE('',(#461),#3414,.T.);
#258=ADVANCED_FACE('',(#462),#3296,.T.);
#259=ADVANCED_FACE('',(#463),#3415,.T.);
#260=ADVANCED_FACE('',(#464),#3297,.T.);
#261=ADVANCED_FACE('',(#465),#3298,.T.);
#262=ADVANCED_FACE('',(#466),#3416,.T.);
#263=ADVANCED_FACE('',(#467),#3299,.T.);
#264=ADVANCED_FACE('',(#468),#3300,.F.);
#265=ADVANCED_FACE('',(#469),#3417,.T.);
#266=ADVANCED_FACE('',(#470),#3301,.T.);
#267=ADVANCED_FACE('',(#471),#3418,.T.);
#268=ADVANCED_FACE('',(#472),#3302,.F.);
#269=ADVANCED_FACE('',(#473),#3303,.T.);
#270=ADVANCED_FACE('',(#474),#3304,.T.);
#271=ADVANCED_FACE('',(#475),#3419,.T.);
#272=ADVANCED_FACE('',(#476),#3305,.T.);
#273=ADVANCED_FACE('',(#477),#3306,.T.);
#274=ADVANCED_FACE('',(#478),#3307,.T.);
#275=ADVANCED_FACE('',(#479),#3308,.F.);
#276=ADVANCED_FACE('',(#480),#3420,.T.);
#277=ADVANCED_FACE('',(#481),#3309,.T.);
#278=ADVANCED_FACE('',(#482),#3421,.T.);
#279=ADVANCED_FACE('',(#483),#3310,.F.);
#280=ADVANCED_FACE('',(#484),#3422,.T.);
#281=ADVANCED_FACE('',(#485),#3311,.T.);
#282=ADVANCED_FACE('',(#486),#3247,.T.);
#283=ADVANCED_FACE('',(#487),#3312,.F.);
#284=ADVANCED_FACE('',(#488),#3313,.F.);
#285=ADVANCED_FACE('',(#489),#3248,.T.);
#286=ADVANCED_FACE('',(#490),#3249,.T.);
#287=ADVANCED_FACE('',(#491),#3423,.T.);
#288=ADVANCED_FACE('',(#492),#3250,.T.);
#289=ADVANCED_FACE('',(#493),#3314,.T.);
#290=ADVANCED_FACE('',(#494),#3315,.F.);
#291=ADVANCED_FACE('',(#495),#3316,.F.);
#292=ADVANCED_FACE('',(#496),#3251,.T.);
#293=ADVANCED_FACE('',(#497),#3252,.T.);
#294=ADVANCED_FACE('',(#498),#3424,.T.);
#295=ADVANCED_FACE('',(#499),#3317,.T.);
#296=ADVANCED_FACE('',(#500),#3318,.F.);
#297=ADVANCED_FACE('',(#501),#3253,.T.);
#298=ADVANCED_FACE('',(#502),#3254,.T.);
#299=ADVANCED_FACE('',(#503),#3425,.T.);
#300=ADVANCED_FACE('',(#504),#3255,.T.);
#301=ADVANCED_FACE('',(#505),#3319,.T.);
#302=ADVANCED_FACE('',(#506),#3320,.F.);
#303=ADVANCED_FACE('',(#507),#3321,.F.);
#304=ADVANCED_FACE('',(#508),#3256,.T.);
#305=ADVANCED_FACE('',(#509),#3257,.T.);
#306=ADVANCED_FACE('',(#510),#3426,.T.);
#307=ADVANCED_FACE('',(#511),#3322,.T.);
#308=ADVANCED_FACE('',(#512),#3323,.F.);
#309=ADVANCED_FACE('',(#513),#3258,.T.);
#310=ADVANCED_FACE('',(#514),#3259,.T.);
#311=ADVANCED_FACE('',(#515),#3427,.T.);
#312=ADVANCED_FACE('',(#516),#3260,.T.);
#313=ADVANCED_FACE('',(#517),#3324,.T.);
#314=ADVANCED_FACE('',(#518),#3325,.F.);
#315=ADVANCED_FACE('',(#519),#3326,.F.);
#316=ADVANCED_FACE('',(#520),#3261,.T.);
#317=ADVANCED_FACE('',(#521),#3262,.T.);
#318=ADVANCED_FACE('',(#522),#3428,.T.);
#319=ADVANCED_FACE('',(#523),#3327,.T.);
#320=ADVANCED_FACE('',(#524),#3328,.F.);
#321=FACE_OUTER_BOUND('',#525,.T.);
#322=FACE_OUTER_BOUND('',#526,.T.);
#323=FACE_OUTER_BOUND('',#527,.T.);
#324=FACE_OUTER_BOUND('',#528,.T.);
#325=FACE_OUTER_BOUND('',#529,.T.);
#326=FACE_OUTER_BOUND('',#530,.T.);
#327=FACE_OUTER_BOUND('',#531,.T.);
#328=FACE_OUTER_BOUND('',#532,.T.);
#329=FACE_OUTER_BOUND('',#533,.T.);
#330=FACE_OUTER_BOUND('',#534,.T.);
#331=FACE_OUTER_BOUND('',#535,.T.);
#332=FACE_OUTER_BOUND('',#536,.T.);
#333=FACE_OUTER_BOUND('',#537,.T.);
#334=FACE_OUTER_BOUND('',#539,.T.);
#335=FACE_OUTER_BOUND('',#540,.T.);
#336=FACE_OUTER_BOUND('',#541,.T.);
#337=FACE_OUTER_BOUND('',#542,.T.);
#338=FACE_OUTER_BOUND('',#543,.T.);
#339=FACE_OUTER_BOUND('',#544,.T.);
#340=FACE_OUTER_BOUND('',#545,.T.);
#341=FACE_OUTER_BOUND('',#546,.T.);
#342=FACE_OUTER_BOUND('',#547,.T.);
#343=FACE_OUTER_BOUND('',#548,.T.);
#344=FACE_OUTER_BOUND('',#549,.T.);
#345=FACE_OUTER_BOUND('',#550,.T.);
#346=FACE_OUTER_BOUND('',#551,.T.);
#347=FACE_OUTER_BOUND('',#552,.T.);
#348=FACE_OUTER_BOUND('',#553,.T.);
#349=FACE_OUTER_BOUND('',#554,.T.);
#350=FACE_OUTER_BOUND('',#555,.T.);
#351=FACE_OUTER_BOUND('',#556,.T.);
#352=FACE_OUTER_BOUND('',#557,.T.);
#353=FACE_OUTER_BOUND('',#558,.T.);
#354=FACE_OUTER_BOUND('',#559,.T.);
#355=FACE_OUTER_BOUND('',#560,.T.);
#356=FACE_OUTER_BOUND('',#561,.T.);
#357=FACE_OUTER_BOUND('',#562,.T.);
#358=FACE_OUTER_BOUND('',#563,.T.);
#359=FACE_OUTER_BOUND('',#564,.T.);
#360=FACE_OUTER_BOUND('',#565,.T.);
#361=FACE_OUTER_BOUND('',#566,.T.);
#362=FACE_OUTER_BOUND('',#567,.T.);
#363=FACE_OUTER_BOUND('',#568,.T.);
#364=FACE_OUTER_BOUND('',#569,.T.);
#365=FACE_OUTER_BOUND('',#570,.T.);
#366=FACE_OUTER_BOUND('',#571,.T.);
#367=FACE_OUTER_BOUND('',#572,.T.);
#368=FACE_OUTER_BOUND('',#573,.T.);
#369=FACE_OUTER_BOUND('',#574,.T.);
#370=FACE_OUTER_BOUND('',#575,.T.);
#371=FACE_OUTER_BOUND('',#576,.T.);
#372=FACE_OUTER_BOUND('',#577,.T.);
#373=FACE_OUTER_BOUND('',#578,.T.);
#374=FACE_OUTER_BOUND('',#579,.T.);
#375=FACE_OUTER_BOUND('',#580,.T.);
#376=FACE_OUTER_BOUND('',#581,.T.);
#377=FACE_OUTER_BOUND('',#582,.T.);
#378=FACE_OUTER_BOUND('',#583,.T.);
#379=FACE_OUTER_BOUND('',#584,.T.);
#380=FACE_OUTER_BOUND('',#585,.T.);
#381=FACE_OUTER_BOUND('',#586,.T.);
#382=FACE_OUTER_BOUND('',#587,.T.);
#383=FACE_OUTER_BOUND('',#588,.T.);
#384=FACE_OUTER_BOUND('',#589,.T.);
#385=FACE_OUTER_BOUND('',#590,.T.);
#386=FACE_OUTER_BOUND('',#591,.T.);
#387=FACE_OUTER_BOUND('',#592,.T.);
#388=FACE_OUTER_BOUND('',#593,.T.);
#389=FACE_OUTER_BOUND('',#594,.T.);
#390=FACE_OUTER_BOUND('',#595,.T.);
#391=FACE_OUTER_BOUND('',#596,.T.);
#392=FACE_OUTER_BOUND('',#597,.T.);
#393=FACE_OUTER_BOUND('',#598,.T.);
#394=FACE_OUTER_BOUND('',#599,.T.);
#395=FACE_OUTER_BOUND('',#600,.T.);
#396=FACE_OUTER_BOUND('',#601,.T.);
#397=FACE_OUTER_BOUND('',#602,.T.);
#398=FACE_OUTER_BOUND('',#603,.T.);
#399=FACE_OUTER_BOUND('',#604,.T.);
#400=FACE_OUTER_BOUND('',#605,.T.);
#401=FACE_OUTER_BOUND('',#606,.T.);
#402=FACE_OUTER_BOUND('',#607,.T.);
#403=FACE_OUTER_BOUND('',#608,.T.);
#404=FACE_OUTER_BOUND('',#609,.T.);
#405=FACE_OUTER_BOUND('',#610,.T.);
#406=FACE_OUTER_BOUND('',#611,.T.);
#407=FACE_OUTER_BOUND('',#612,.T.);
#408=FACE_OUTER_BOUND('',#623,.T.);
#409=FACE_OUTER_BOUND('',#624,.T.);
#410=FACE_OUTER_BOUND('',#625,.T.);
#411=FACE_OUTER_BOUND('',#627,.T.);
#412=FACE_OUTER_BOUND('',#628,.T.);
#413=FACE_OUTER_BOUND('',#629,.T.);
#414=FACE_OUTER_BOUND('',#630,.T.);
#415=FACE_OUTER_BOUND('',#631,.T.);
#416=FACE_OUTER_BOUND('',#632,.T.);
#417=FACE_OUTER_BOUND('',#633,.T.);
#418=FACE_OUTER_BOUND('',#634,.T.);
#419=FACE_OUTER_BOUND('',#635,.T.);
#420=FACE_OUTER_BOUND('',#636,.T.);
#421=FACE_OUTER_BOUND('',#637,.T.);
#422=FACE_OUTER_BOUND('',#638,.T.);
#423=FACE_OUTER_BOUND('',#639,.T.);
#424=FACE_OUTER_BOUND('',#645,.T.);
#425=FACE_OUTER_BOUND('',#646,.T.);
#426=FACE_OUTER_BOUND('',#647,.T.);
#427=FACE_OUTER_BOUND('',#648,.T.);
#428=FACE_OUTER_BOUND('',#649,.T.);
#429=FACE_OUTER_BOUND('',#650,.T.);
#430=FACE_OUTER_BOUND('',#651,.T.);
#431=FACE_OUTER_BOUND('',#652,.T.);
#432=FACE_OUTER_BOUND('',#653,.T.);
#433=FACE_OUTER_BOUND('',#654,.T.);
#434=FACE_OUTER_BOUND('',#655,.T.);
#435=FACE_OUTER_BOUND('',#656,.T.);
#436=FACE_OUTER_BOUND('',#657,.T.);
#437=FACE_OUTER_BOUND('',#661,.T.);
#438=FACE_OUTER_BOUND('',#662,.T.);
#439=FACE_OUTER_BOUND('',#663,.T.);
#440=FACE_OUTER_BOUND('',#664,.T.);
#441=FACE_OUTER_BOUND('',#665,.T.);
#442=FACE_OUTER_BOUND('',#666,.T.);
#443=FACE_OUTER_BOUND('',#667,.T.);
#444=FACE_OUTER_BOUND('',#668,.T.);
#445=FACE_OUTER_BOUND('',#669,.T.);
#446=FACE_OUTER_BOUND('',#670,.T.);
#447=FACE_OUTER_BOUND('',#671,.T.);
#448=FACE_OUTER_BOUND('',#672,.T.);
#449=FACE_OUTER_BOUND('',#673,.T.);
#450=FACE_OUTER_BOUND('',#674,.T.);
#451=FACE_OUTER_BOUND('',#676,.T.);
#452=FACE_OUTER_BOUND('',#680,.T.);
#453=FACE_OUTER_BOUND('',#681,.T.);
#454=FACE_OUTER_BOUND('',#682,.T.);
#455=FACE_OUTER_BOUND('',#683,.T.);
#456=FACE_OUTER_BOUND('',#684,.T.);
#457=FACE_OUTER_BOUND('',#685,.T.);
#458=FACE_OUTER_BOUND('',#689,.T.);
#459=FACE_OUTER_BOUND('',#690,.T.);
#460=FACE_OUTER_BOUND('',#691,.T.);
#461=FACE_OUTER_BOUND('',#692,.T.);
#462=FACE_OUTER_BOUND('',#693,.T.);
#463=FACE_OUTER_BOUND('',#694,.T.);
#464=FACE_OUTER_BOUND('',#695,.T.);
#465=FACE_OUTER_BOUND('',#696,.T.);
#466=FACE_OUTER_BOUND('',#697,.T.);
#467=FACE_OUTER_BOUND('',#698,.T.);
#468=FACE_OUTER_BOUND('',#699,.T.);
#469=FACE_OUTER_BOUND('',#700,.T.);
#470=FACE_OUTER_BOUND('',#701,.T.);
#471=FACE_OUTER_BOUND('',#702,.T.);
#472=FACE_OUTER_BOUND('',#703,.T.);
#473=FACE_OUTER_BOUND('',#704,.T.);
#474=FACE_OUTER_BOUND('',#705,.T.);
#475=FACE_OUTER_BOUND('',#706,.T.);
#476=FACE_OUTER_BOUND('',#707,.T.);
#477=FACE_OUTER_BOUND('',#708,.T.);
#478=FACE_OUTER_BOUND('',#709,.T.);
#479=FACE_OUTER_BOUND('',#710,.T.);
#480=FACE_OUTER_BOUND('',#711,.T.);
#481=FACE_OUTER_BOUND('',#712,.T.);
#482=FACE_OUTER_BOUND('',#713,.T.);
#483=FACE_OUTER_BOUND('',#714,.T.);
#484=FACE_OUTER_BOUND('',#715,.T.);
#485=FACE_OUTER_BOUND('',#716,.T.);
#486=FACE_OUTER_BOUND('',#717,.T.);
#487=FACE_OUTER_BOUND('',#718,.T.);
#488=FACE_OUTER_BOUND('',#719,.T.);
#489=FACE_OUTER_BOUND('',#720,.T.);
#490=FACE_OUTER_BOUND('',#721,.T.);
#491=FACE_OUTER_BOUND('',#722,.T.);
#492=FACE_OUTER_BOUND('',#723,.T.);
#493=FACE_OUTER_BOUND('',#724,.T.);
#494=FACE_OUTER_BOUND('',#725,.T.);
#495=FACE_OUTER_BOUND('',#726,.T.);
#496=FACE_OUTER_BOUND('',#727,.T.);
#497=FACE_OUTER_BOUND('',#728,.T.);
#498=FACE_OUTER_BOUND('',#729,.T.);
#499=FACE_OUTER_BOUND('',#730,.T.);
#500=FACE_OUTER_BOUND('',#731,.T.);
#501=FACE_OUTER_BOUND('',#732,.T.);
#502=FACE_OUTER_BOUND('',#733,.T.);
#503=FACE_OUTER_BOUND('',#734,.T.);
#504=FACE_OUTER_BOUND('',#735,.T.);
#505=FACE_OUTER_BOUND('',#736,.T.);
#506=FACE_OUTER_BOUND('',#737,.T.);
#507=FACE_OUTER_BOUND('',#738,.T.);
#508=FACE_OUTER_BOUND('',#739,.T.);
#509=FACE_OUTER_BOUND('',#740,.T.);
#510=FACE_OUTER_BOUND('',#741,.T.);
#511=FACE_OUTER_BOUND('',#742,.T.);
#512=FACE_OUTER_BOUND('',#743,.T.);
#513=FACE_OUTER_BOUND('',#744,.T.);
#514=FACE_OUTER_BOUND('',#745,.T.);
#515=FACE_OUTER_BOUND('',#746,.T.);
#516=FACE_OUTER_BOUND('',#747,.T.);
#517=FACE_OUTER_BOUND('',#748,.T.);
#518=FACE_OUTER_BOUND('',#749,.T.);
#519=FACE_OUTER_BOUND('',#750,.T.);
#520=FACE_OUTER_BOUND('',#751,.T.);
#521=FACE_OUTER_BOUND('',#752,.T.);
#522=FACE_OUTER_BOUND('',#753,.T.);
#523=FACE_OUTER_BOUND('',#754,.T.);
#524=FACE_OUTER_BOUND('',#755,.T.);
#525=EDGE_LOOP('',(#756,#757,#758,#759));
#526=EDGE_LOOP('',(#760,#761,#762,#763));
#527=EDGE_LOOP('',(#764,#765,#766,#767));
#528=EDGE_LOOP('',(#768,#769,#770,#771));
#529=EDGE_LOOP('',(#772,#773,#774,#775));
#530=EDGE_LOOP('',(#776,#777,#778,#779));
#531=EDGE_LOOP('',(#780,#781,#782,#783));
#532=EDGE_LOOP('',(#784,#785,#786,#787));
#533=EDGE_LOOP('',(#788,#789,#790,#791));
#534=EDGE_LOOP('',(#792,#793,#794,#795));
#535=EDGE_LOOP('',(#796,#797,#798,#799));
#536=EDGE_LOOP('',(#800,#801,#802,#803));
#537=EDGE_LOOP('',(#804,#805,#806,#807,#808,#809,#810,#811));
#538=EDGE_LOOP('',(#812,#813,#814,#815));
#539=EDGE_LOOP('',(#816,#817,#818,#819));
#540=EDGE_LOOP('',(#820,#821,#822,#823));
#541=EDGE_LOOP('',(#824,#825,#826,#827));
#542=EDGE_LOOP('',(#828,#829,#830,#831));
#543=EDGE_LOOP('',(#832,#833,#834,#835));
#544=EDGE_LOOP('',(#836,#837,#838,#839));
#545=EDGE_LOOP('',(#840,#841,#842,#843));
#546=EDGE_LOOP('',(#844,#845,#846,#847));
#547=EDGE_LOOP('',(#848,#849,#850,#851));
#548=EDGE_LOOP('',(#852,#853,#854,#855));
#549=EDGE_LOOP('',(#856,#857,#858,#859));
#550=EDGE_LOOP('',(#860,#861,#862,#863,#864,#865,#866,#867,#868,#869,#870));
#551=EDGE_LOOP('',(#871,#872,#873,#874));
#552=EDGE_LOOP('',(#875,#876,#877,#878));
#553=EDGE_LOOP('',(#879,#880,#881,#882));
#554=EDGE_LOOP('',(#883,#884,#885,#886));
#555=EDGE_LOOP('',(#887,#888,#889,#890));
#556=EDGE_LOOP('',(#891,#892,#893,#894));
#557=EDGE_LOOP('',(#895,#896,#897,#898));
#558=EDGE_LOOP('',(#899,#900,#901,#902));
#559=EDGE_LOOP('',(#903,#904,#905,#906));
#560=EDGE_LOOP('',(#907,#908,#909,#910));
#561=EDGE_LOOP('',(#911,#912,#913,#914));
#562=EDGE_LOOP('',(#915,#916,#917,#918));
#563=EDGE_LOOP('',(#919,#920,#921,#922,#923,#924,#925,#926,#927,#928,#929,
#930));
#564=EDGE_LOOP('',(#931,#932,#933,#934));
#565=EDGE_LOOP('',(#935,#936,#937,#938));
#566=EDGE_LOOP('',(#939,#940,#941,#942));
#567=EDGE_LOOP('',(#943,#944,#945,#946));
#568=EDGE_LOOP('',(#947,#948,#949,#950));
#569=EDGE_LOOP('',(#951,#952,#953,#954));
#570=EDGE_LOOP('',(#955,#956,#957,#958));
#571=EDGE_LOOP('',(#959,#960,#961,#962));
#572=EDGE_LOOP('',(#963,#964,#965,#966));
#573=EDGE_LOOP('',(#967,#968,#969,#970));
#574=EDGE_LOOP('',(#971,#972,#973,#974));
#575=EDGE_LOOP('',(#975,#976,#977,#978));
#576=EDGE_LOOP('',(#979,#980,#981,#982));
#577=EDGE_LOOP('',(#983,#984,#985,#986));
#578=EDGE_LOOP('',(#987,#988,#989,#990));
#579=EDGE_LOOP('',(#991,#992,#993,#994,#995,#996,#997,#998,#999,#1000));
#580=EDGE_LOOP('',(#1001,#1002,#1003,#1004));
#581=EDGE_LOOP('',(#1005,#1006,#1007,#1008));
#582=EDGE_LOOP('',(#1009,#1010,#1011,#1012));
#583=EDGE_LOOP('',(#1013,#1014,#1015,#1016));
#584=EDGE_LOOP('',(#1017,#1018,#1019,#1020));
#585=EDGE_LOOP('',(#1021,#1022,#1023,#1024));
#586=EDGE_LOOP('',(#1025,#1026,#1027,#1028));
#587=EDGE_LOOP('',(#1029,#1030,#1031,#1032));
#588=EDGE_LOOP('',(#1033,#1034,#1035,#1036));
#589=EDGE_LOOP('',(#1037,#1038,#1039,#1040));
#590=EDGE_LOOP('',(#1041,#1042,#1043,#1044));
#591=EDGE_LOOP('',(#1045,#1046,#1047,#1048));
#592=EDGE_LOOP('',(#1049,#1050,#1051,#1052,#1053,#1054,#1055,#1056,#1057,
#1058,#1059,#1060));
#593=EDGE_LOOP('',(#1061,#1062,#1063,#1064));
#594=EDGE_LOOP('',(#1065,#1066,#1067,#1068));
#595=EDGE_LOOP('',(#1069,#1070,#1071,#1072));
#596=EDGE_LOOP('',(#1073,#1074,#1075,#1076));
#597=EDGE_LOOP('',(#1077,#1078,#1079,#1080));
#598=EDGE_LOOP('',(#1081,#1082,#1083,#1084));
#599=EDGE_LOOP('',(#1085,#1086,#1087,#1088));
#600=EDGE_LOOP('',(#1089,#1090,#1091,#1092));
#601=EDGE_LOOP('',(#1093,#1094,#1095,#1096,#1097,#1098,#1099,#1100));
#602=EDGE_LOOP('',(#1101,#1102,#1103,#1104));
#603=EDGE_LOOP('',(#1105,#1106,#1107,#1108));
#604=EDGE_LOOP('',(#1109,#1110,#1111,#1112));
#605=EDGE_LOOP('',(#1113,#1114,#1115,#1116));
#606=EDGE_LOOP('',(#1117,#1118,#1119,#1120));
#607=EDGE_LOOP('',(#1121,#1122,#1123,#1124));
#608=EDGE_LOOP('',(#1125,#1126,#1127,#1128));
#609=EDGE_LOOP('',(#1129,#1130,#1131,#1132));
#610=EDGE_LOOP('',(#1133,#1134,#1135,#1136));
#611=EDGE_LOOP('',(#1137,#1138,#1139,#1140));
#612=EDGE_LOOP('',(#1141,#1142,#1143,#1144,#1145));
#613=EDGE_LOOP('',(#1146));
#614=EDGE_LOOP('',(#1147));
#615=EDGE_LOOP('',(#1148));
#616=EDGE_LOOP('',(#1149,#1150,#1151,#1152,#1153,#1154,#1155,#1156));
#617=EDGE_LOOP('',(#1157,#1158,#1159,#1160,#1161,#1162,#1163,#1164,#1165,
#1166,#1167));
#618=EDGE_LOOP('',(#1168,#1169,#1170,#1171,#1172,#1173,#1174,#1175,#1176,
#1177,#1178,#1179));
#619=EDGE_LOOP('',(#1180,#1181,#1182,#1183));
#620=EDGE_LOOP('',(#1184,#1185,#1186,#1187,#1188,#1189,#1190,#1191,#1192,
#1193));
#621=EDGE_LOOP('',(#1194,#1195,#1196,#1197,#1198,#1199,#1200,#1201,#1202,
#1203,#1204,#1205));
#622=EDGE_LOOP('',(#1206,#1207,#1208,#1209,#1210,#1211,#1212,#1213));
#623=EDGE_LOOP('',(#1214,#1215,#1216,#1217));
#624=EDGE_LOOP('',(#1218,#1219,#1220,#1221));
#625=EDGE_LOOP('',(#1222,#1223));
#626=EDGE_LOOP('',(#1224,#1225,#1226));
#627=EDGE_LOOP('',(#1227,#1228,#1229,#1230));
#628=EDGE_LOOP('',(#1231,#1232,#1233,#1234));
#629=EDGE_LOOP('',(#1235,#1236,#1237,#1238,#1239,#1240));
#630=EDGE_LOOP('',(#1241,#1242,#1243,#1244));
#631=EDGE_LOOP('',(#1245,#1246,#1247,#1248));
#632=EDGE_LOOP('',(#1249,#1250,#1251,#1252));
#633=EDGE_LOOP('',(#1253,#1254,#1255,#1256));
#634=EDGE_LOOP('',(#1257,#1258,#1259,#1260));
#635=EDGE_LOOP('',(#1261,#1262,#1263,#1264));
#636=EDGE_LOOP('',(#1265,#1266,#1267,#1268));
#637=EDGE_LOOP('',(#1269,#1270,#1271,#1272));
#638=EDGE_LOOP('',(#1273,#1274,#1275,#1276));
#639=EDGE_LOOP('',(#1277,#1278,#1279,#1280,#1281,#1282,#1283,#1284));
#640=EDGE_LOOP('',(#1285,#1286));
#641=EDGE_LOOP('',(#1287,#1288));
#642=EDGE_LOOP('',(#1289,#1290));
#643=EDGE_LOOP('',(#1291,#1292));
#644=EDGE_LOOP('',(#1293,#1294));
#645=EDGE_LOOP('',(#1295,#1296,#1297,#1298));
#646=EDGE_LOOP('',(#1299,#1300,#1301,#1302));
#647=EDGE_LOOP('',(#1303,#1304,#1305,#1306));
#648=EDGE_LOOP('',(#1307,#1308,#1309,#1310));
#649=EDGE_LOOP('',(#1311,#1312,#1313,#1314));
#650=EDGE_LOOP('',(#1315,#1316,#1317,#1318));
#651=EDGE_LOOP('',(#1319,#1320,#1321,#1322));
#652=EDGE_LOOP('',(#1323,#1324,#1325,#1326));
#653=EDGE_LOOP('',(#1327,#1328,#1329,#1330));
#654=EDGE_LOOP('',(#1331,#1332,#1333,#1334));
#655=EDGE_LOOP('',(#1335,#1336,#1337,#1338));
#656=EDGE_LOOP('',(#1339,#1340,#1341,#1342));
#657=EDGE_LOOP('',(#1343,#1344,#1345,#1346,#1347,#1348,#1349,#1350));
#658=EDGE_LOOP('',(#1351,#1352));
#659=EDGE_LOOP('',(#1353,#1354));
#660=EDGE_LOOP('',(#1355,#1356));
#661=EDGE_LOOP('',(#1357,#1358,#1359,#1360));
#662=EDGE_LOOP('',(#1361,#1362,#1363,#1364));
#663=EDGE_LOOP('',(#1365,#1366,#1367,#1368));
#664=EDGE_LOOP('',(#1369,#1370,#1371,#1372));
#665=EDGE_LOOP('',(#1373,#1374,#1375,#1376));
#666=EDGE_LOOP('',(#1377,#1378,#1379,#1380));
#667=EDGE_LOOP('',(#1381,#1382,#1383,#1384));
#668=EDGE_LOOP('',(#1385,#1386,#1387,#1388));
#669=EDGE_LOOP('',(#1389,#1390,#1391,#1392));
#670=EDGE_LOOP('',(#1393,#1394,#1395,#1396));
#671=EDGE_LOOP('',(#1397,#1398,#1399,#1400));
#672=EDGE_LOOP('',(#1401,#1402,#1403,#1404));
#673=EDGE_LOOP('',(#1405,#1406,#1407,#1408));
#674=EDGE_LOOP('',(#1409,#1410));
#675=EDGE_LOOP('',(#1411,#1412));
#676=EDGE_LOOP('',(#1413,#1414));
#677=EDGE_LOOP('',(#1415));
#678=EDGE_LOOP('',(#1416));
#679=EDGE_LOOP('',(#1417));
#680=EDGE_LOOP('',(#1418,#1419,#1420,#1421));
#681=EDGE_LOOP('',(#1422,#1423,#1424,#1425));
#682=EDGE_LOOP('',(#1426,#1427,#1428,#1429));
#683=EDGE_LOOP('',(#1430,#1431,#1432,#1433));
#684=EDGE_LOOP('',(#1434,#1435));
#685=EDGE_LOOP('',(#1436,#1437));
#686=EDGE_LOOP('',(#1438,#1439,#1440,#1441,#1442,#1443,#1444));
#687=EDGE_LOOP('',(#1445,#1446,#1447,#1448,#1449,#1450,#1451,#1452));
#688=EDGE_LOOP('',(#1453,#1454,#1455,#1456,#1457,#1458,#1459));
#689=EDGE_LOOP('',(#1460,#1461,#1462,#1463,#1464,#1465,#1466));
#690=EDGE_LOOP('',(#1467,#1468,#1469,#1470));
#691=EDGE_LOOP('',(#1471,#1472,#1473,#1474));
#692=EDGE_LOOP('',(#1475,#1476,#1477,#1478));
#693=EDGE_LOOP('',(#1479,#1480,#1481,#1482));
#694=EDGE_LOOP('',(#1483,#1484,#1485,#1486));
#695=EDGE_LOOP('',(#1487,#1488,#1489,#1490));
#696=EDGE_LOOP('',(#1491,#1492,#1493,#1494));
#697=EDGE_LOOP('',(#1495,#1496,#1497,#1498,#1499,#1500,#1501,#1502));
#698=EDGE_LOOP('',(#1503,#1504,#1505,#1506));
#699=EDGE_LOOP('',(#1507,#1508,#1509,#1510));
#700=EDGE_LOOP('',(#1511,#1512,#1513,#1514));
#701=EDGE_LOOP('',(#1515,#1516,#1517,#1518));
#702=EDGE_LOOP('',(#1519,#1520,#1521,#1522));
#703=EDGE_LOOP('',(#1523,#1524,#1525,#1526));
#704=EDGE_LOOP('',(#1527,#1528,#1529,#1530));
#705=EDGE_LOOP('',(#1531,#1532,#1533,#1534));
#706=EDGE_LOOP('',(#1535,#1536,#1537,#1538,#1539,#1540,#1541));
#707=EDGE_LOOP('',(#1542,#1543,#1544,#1545));
#708=EDGE_LOOP('',(#1546,#1547,#1548,#1549));
#709=EDGE_LOOP('',(#1550,#1551,#1552,#1553));
#710=EDGE_LOOP('',(#1554,#1555,#1556,#1557));
#711=EDGE_LOOP('',(#1558,#1559,#1560,#1561));
#712=EDGE_LOOP('',(#1562,#1563,#1564,#1565));
#713=EDGE_LOOP('',(#1566,#1567,#1568,#1569));
#714=EDGE_LOOP('',(#1570,#1571,#1572,#1573));
#715=EDGE_LOOP('',(#1574,#1575,#1576,#1577));
#716=EDGE_LOOP('',(#1578,#1579,#1580,#1581));
#717=EDGE_LOOP('',(#1582,#1583,#1584,#1585));
#718=EDGE_LOOP('',(#1586,#1587,#1588,#1589));
#719=EDGE_LOOP('',(#1590,#1591,#1592,#1593));
#720=EDGE_LOOP('',(#1594,#1595,#1596));
#721=EDGE_LOOP('',(#1597,#1598,#1599));
#722=EDGE_LOOP('',(#1600,#1601,#1602,#1603));
#723=EDGE_LOOP('',(#1604,#1605,#1606,#1607));
#724=EDGE_LOOP('',(#1608,#1609,#1610,#1611));
#725=EDGE_LOOP('',(#1612,#1613,#1614,#1615));
#726=EDGE_LOOP('',(#1616,#1617,#1618,#1619,#1620,#1621,#1622,#1623));
#727=EDGE_LOOP('',(#1624,#1625,#1626));
#728=EDGE_LOOP('',(#1627,#1628,#1629));
#729=EDGE_LOOP('',(#1630,#1631,#1632,#1633));
#730=EDGE_LOOP('',(#1634,#1635,#1636,#1637,#1638,#1639));
#731=EDGE_LOOP('',(#1640,#1641,#1642,#1643,#1644,#1645));
#732=EDGE_LOOP('',(#1646,#1647,#1648));
#733=EDGE_LOOP('',(#1649,#1650,#1651));
#734=EDGE_LOOP('',(#1652,#1653,#1654,#1655));
#735=EDGE_LOOP('',(#1656,#1657,#1658,#1659));
#736=EDGE_LOOP('',(#1660,#1661,#1662,#1663));
#737=EDGE_LOOP('',(#1664,#1665,#1666,#1667));
#738=EDGE_LOOP('',(#1668,#1669,#1670,#1671,#1672,#1673,#1674,#1675));
#739=EDGE_LOOP('',(#1676,#1677,#1678));
#740=EDGE_LOOP('',(#1679,#1680,#1681));
#741=EDGE_LOOP('',(#1682,#1683,#1684,#1685));
#742=EDGE_LOOP('',(#1686,#1687,#1688,#1689,#1690,#1691));
#743=EDGE_LOOP('',(#1692,#1693,#1694,#1695,#1696,#1697));
#744=EDGE_LOOP('',(#1698,#1699,#1700));
#745=EDGE_LOOP('',(#1701,#1702,#1703));
#746=EDGE_LOOP('',(#1704,#1705,#1706,#1707));
#747=EDGE_LOOP('',(#1708,#1709,#1710,#1711));
#748=EDGE_LOOP('',(#1712,#1713,#1714,#1715));
#749=EDGE_LOOP('',(#1716,#1717,#1718,#1719));
#750=EDGE_LOOP('',(#1720,#1721,#1722,#1723,#1724,#1725,#1726,#1727));
#751=EDGE_LOOP('',(#1728,#1729,#1730));
#752=EDGE_LOOP('',(#1731,#1732,#1733));
#753=EDGE_LOOP('',(#1734,#1735,#1736,#1737));
#754=EDGE_LOOP('',(#1738,#1739,#1740,#1741,#1742,#1743));
#755=EDGE_LOOP('',(#1744,#1745,#1746,#1747,#1748,#1749));
#756=ORIENTED_EDGE('',*,*,#1750,.F.);
#757=ORIENTED_EDGE('',*,*,#1753,.T.);
#758=ORIENTED_EDGE('',*,*,#1752,.T.);
#759=ORIENTED_EDGE('',*,*,#1751,.T.);
#760=ORIENTED_EDGE('',*,*,#1754,.F.);
#761=ORIENTED_EDGE('',*,*,#1756,.T.);
#762=ORIENTED_EDGE('',*,*,#1755,.T.);
#763=ORIENTED_EDGE('',*,*,#1753,.F.);
#764=ORIENTED_EDGE('',*,*,#1757,.F.);
#765=ORIENTED_EDGE('',*,*,#1759,.T.);
#766=ORIENTED_EDGE('',*,*,#1758,.T.);
#767=ORIENTED_EDGE('',*,*,#1756,.F.);
#768=ORIENTED_EDGE('',*,*,#1760,.F.);
#769=ORIENTED_EDGE('',*,*,#1762,.T.);
#770=ORIENTED_EDGE('',*,*,#1761,.T.);
#771=ORIENTED_EDGE('',*,*,#1759,.F.);
#772=ORIENTED_EDGE('',*,*,#1763,.F.);
#773=ORIENTED_EDGE('',*,*,#1765,.T.);
#774=ORIENTED_EDGE('',*,*,#1764,.T.);
#775=ORIENTED_EDGE('',*,*,#1762,.F.);
#776=ORIENTED_EDGE('',*,*,#1766,.F.);
#777=ORIENTED_EDGE('',*,*,#1768,.T.);
#778=ORIENTED_EDGE('',*,*,#1767,.T.);
#779=ORIENTED_EDGE('',*,*,#1765,.F.);
#780=ORIENTED_EDGE('',*,*,#1769,.F.);
#781=ORIENTED_EDGE('',*,*,#1771,.T.);
#782=ORIENTED_EDGE('',*,*,#1770,.T.);
#783=ORIENTED_EDGE('',*,*,#1768,.F.);
#784=ORIENTED_EDGE('',*,*,#1772,.T.);
#785=ORIENTED_EDGE('',*,*,#1771,.F.);
#786=ORIENTED_EDGE('',*,*,#1773,.F.);
#787=ORIENTED_EDGE('',*,*,#1751,.F.);
#788=ORIENTED_EDGE('',*,*,#1775,.T.);
#789=ORIENTED_EDGE('',*,*,#1777,.T.);
#790=ORIENTED_EDGE('',*,*,#1774,.T.);
#791=ORIENTED_EDGE('',*,*,#1776,.T.);
#792=ORIENTED_EDGE('',*,*,#1778,.T.);
#793=ORIENTED_EDGE('',*,*,#1779,.T.);
#794=ORIENTED_EDGE('',*,*,#1780,.T.);
#795=ORIENTED_EDGE('',*,*,#1776,.F.);
#796=ORIENTED_EDGE('',*,*,#1782,.T.);
#797=ORIENTED_EDGE('',*,*,#1779,.F.);
#798=ORIENTED_EDGE('',*,*,#1781,.T.);
#799=ORIENTED_EDGE('',*,*,#1783,.T.);
#800=ORIENTED_EDGE('',*,*,#1784,.T.);
#801=ORIENTED_EDGE('',*,*,#1783,.F.);
#802=ORIENTED_EDGE('',*,*,#1785,.T.);
#803=ORIENTED_EDGE('',*,*,#1777,.F.);
#804=ORIENTED_EDGE('',*,*,#1750,.T.);
#805=ORIENTED_EDGE('',*,*,#1773,.T.);
#806=ORIENTED_EDGE('',*,*,#1769,.T.);
#807=ORIENTED_EDGE('',*,*,#1766,.T.);
#808=ORIENTED_EDGE('',*,*,#1763,.T.);
#809=ORIENTED_EDGE('',*,*,#1760,.T.);
#810=ORIENTED_EDGE('',*,*,#1757,.T.);
#811=ORIENTED_EDGE('',*,*,#1754,.T.);
#812=ORIENTED_EDGE('',*,*,#1784,.F.);
#813=ORIENTED_EDGE('',*,*,#1775,.F.);
#814=ORIENTED_EDGE('',*,*,#1780,.F.);
#815=ORIENTED_EDGE('',*,*,#1782,.F.);
#816=ORIENTED_EDGE('',*,*,#1786,.F.);
#817=ORIENTED_EDGE('',*,*,#1789,.T.);
#818=ORIENTED_EDGE('',*,*,#1788,.T.);
#819=ORIENTED_EDGE('',*,*,#1787,.T.);
#820=ORIENTED_EDGE('',*,*,#1790,.F.);
#821=ORIENTED_EDGE('',*,*,#1792,.T.);
#822=ORIENTED_EDGE('',*,*,#1791,.T.);
#823=ORIENTED_EDGE('',*,*,#1789,.F.);
#824=ORIENTED_EDGE('',*,*,#1793,.F.);
#825=ORIENTED_EDGE('',*,*,#1795,.T.);
#826=ORIENTED_EDGE('',*,*,#1794,.T.);
#827=ORIENTED_EDGE('',*,*,#1792,.F.);
#828=ORIENTED_EDGE('',*,*,#1796,.F.);
#829=ORIENTED_EDGE('',*,*,#1798,.T.);
#830=ORIENTED_EDGE('',*,*,#1797,.T.);
#831=ORIENTED_EDGE('',*,*,#1795,.F.);
#832=ORIENTED_EDGE('',*,*,#1799,.F.);
#833=ORIENTED_EDGE('',*,*,#1801,.T.);
#834=ORIENTED_EDGE('',*,*,#1800,.T.);
#835=ORIENTED_EDGE('',*,*,#1798,.F.);
#836=ORIENTED_EDGE('',*,*,#1802,.F.);
#837=ORIENTED_EDGE('',*,*,#1804,.T.);
#838=ORIENTED_EDGE('',*,*,#1803,.T.);
#839=ORIENTED_EDGE('',*,*,#1801,.F.);
#840=ORIENTED_EDGE('',*,*,#1805,.F.);
#841=ORIENTED_EDGE('',*,*,#1807,.T.);
#842=ORIENTED_EDGE('',*,*,#1806,.T.);
#843=ORIENTED_EDGE('',*,*,#1804,.F.);
#844=ORIENTED_EDGE('',*,*,#1808,.F.);
#845=ORIENTED_EDGE('',*,*,#1810,.T.);
#846=ORIENTED_EDGE('',*,*,#1809,.T.);
#847=ORIENTED_EDGE('',*,*,#1807,.F.);
#848=ORIENTED_EDGE('',*,*,#1811,.F.);
#849=ORIENTED_EDGE('',*,*,#1813,.T.);
#850=ORIENTED_EDGE('',*,*,#1812,.T.);
#851=ORIENTED_EDGE('',*,*,#1810,.F.);
#852=ORIENTED_EDGE('',*,*,#1814,.F.);
#853=ORIENTED_EDGE('',*,*,#1816,.T.);
#854=ORIENTED_EDGE('',*,*,#1815,.T.);
#855=ORIENTED_EDGE('',*,*,#1813,.F.);
#856=ORIENTED_EDGE('',*,*,#1817,.F.);
#857=ORIENTED_EDGE('',*,*,#1787,.F.);
#858=ORIENTED_EDGE('',*,*,#1818,.T.);
#859=ORIENTED_EDGE('',*,*,#1816,.F.);
#860=ORIENTED_EDGE('',*,*,#1786,.T.);
#861=ORIENTED_EDGE('',*,*,#1817,.T.);
#862=ORIENTED_EDGE('',*,*,#1814,.T.);
#863=ORIENTED_EDGE('',*,*,#1811,.T.);
#864=ORIENTED_EDGE('',*,*,#1808,.T.);
#865=ORIENTED_EDGE('',*,*,#1805,.T.);
#866=ORIENTED_EDGE('',*,*,#1802,.T.);
#867=ORIENTED_EDGE('',*,*,#1799,.T.);
#868=ORIENTED_EDGE('',*,*,#1796,.T.);
#869=ORIENTED_EDGE('',*,*,#1793,.T.);
#870=ORIENTED_EDGE('',*,*,#1790,.T.);
#871=ORIENTED_EDGE('',*,*,#1819,.F.);
#872=ORIENTED_EDGE('',*,*,#1822,.T.);
#873=ORIENTED_EDGE('',*,*,#1821,.T.);
#874=ORIENTED_EDGE('',*,*,#1820,.T.);
#875=ORIENTED_EDGE('',*,*,#1823,.F.);
#876=ORIENTED_EDGE('',*,*,#1825,.T.);
#877=ORIENTED_EDGE('',*,*,#1824,.T.);
#878=ORIENTED_EDGE('',*,*,#1822,.F.);
#879=ORIENTED_EDGE('',*,*,#1826,.F.);
#880=ORIENTED_EDGE('',*,*,#1828,.T.);
#881=ORIENTED_EDGE('',*,*,#1827,.T.);
#882=ORIENTED_EDGE('',*,*,#1825,.F.);
#883=ORIENTED_EDGE('',*,*,#1829,.F.);
#884=ORIENTED_EDGE('',*,*,#1831,.T.);
#885=ORIENTED_EDGE('',*,*,#1830,.T.);
#886=ORIENTED_EDGE('',*,*,#1828,.F.);
#887=ORIENTED_EDGE('',*,*,#1832,.F.);
#888=ORIENTED_EDGE('',*,*,#1834,.T.);
#889=ORIENTED_EDGE('',*,*,#1833,.T.);
#890=ORIENTED_EDGE('',*,*,#1831,.F.);
#891=ORIENTED_EDGE('',*,*,#1835,.F.);
#892=ORIENTED_EDGE('',*,*,#1837,.T.);
#893=ORIENTED_EDGE('',*,*,#1836,.T.);
#894=ORIENTED_EDGE('',*,*,#1834,.F.);
#895=ORIENTED_EDGE('',*,*,#1838,.F.);
#896=ORIENTED_EDGE('',*,*,#1840,.T.);
#897=ORIENTED_EDGE('',*,*,#1839,.T.);
#898=ORIENTED_EDGE('',*,*,#1837,.F.);
#899=ORIENTED_EDGE('',*,*,#1841,.F.);
#900=ORIENTED_EDGE('',*,*,#1843,.T.);
#901=ORIENTED_EDGE('',*,*,#1842,.T.);
#902=ORIENTED_EDGE('',*,*,#1840,.F.);
#903=ORIENTED_EDGE('',*,*,#1844,.F.);
#904=ORIENTED_EDGE('',*,*,#1846,.T.);
#905=ORIENTED_EDGE('',*,*,#1845,.T.);
#906=ORIENTED_EDGE('',*,*,#1843,.F.);
#907=ORIENTED_EDGE('',*,*,#1847,.F.);
#908=ORIENTED_EDGE('',*,*,#1849,.T.);
#909=ORIENTED_EDGE('',*,*,#1848,.T.);
#910=ORIENTED_EDGE('',*,*,#1846,.F.);
#911=ORIENTED_EDGE('',*,*,#1850,.F.);
#912=ORIENTED_EDGE('',*,*,#1852,.T.);
#913=ORIENTED_EDGE('',*,*,#1851,.T.);
#914=ORIENTED_EDGE('',*,*,#1849,.F.);
#915=ORIENTED_EDGE('',*,*,#1853,.F.);
#916=ORIENTED_EDGE('',*,*,#1820,.F.);
#917=ORIENTED_EDGE('',*,*,#1854,.T.);
#918=ORIENTED_EDGE('',*,*,#1852,.F.);
#919=ORIENTED_EDGE('',*,*,#1819,.T.);
#920=ORIENTED_EDGE('',*,*,#1853,.T.);
#921=ORIENTED_EDGE('',*,*,#1850,.T.);
#922=ORIENTED_EDGE('',*,*,#1847,.T.);
#923=ORIENTED_EDGE('',*,*,#1844,.T.);
#924=ORIENTED_EDGE('',*,*,#1841,.T.);
#925=ORIENTED_EDGE('',*,*,#1838,.T.);
#926=ORIENTED_EDGE('',*,*,#1835,.T.);
#927=ORIENTED_EDGE('',*,*,#1832,.T.);
#928=ORIENTED_EDGE('',*,*,#1829,.T.);
#929=ORIENTED_EDGE('',*,*,#1826,.T.);
#930=ORIENTED_EDGE('',*,*,#1823,.T.);
#931=ORIENTED_EDGE('',*,*,#1855,.F.);
#932=ORIENTED_EDGE('',*,*,#1858,.T.);
#933=ORIENTED_EDGE('',*,*,#1857,.T.);
#934=ORIENTED_EDGE('',*,*,#1856,.T.);
#935=ORIENTED_EDGE('',*,*,#1859,.F.);
#936=ORIENTED_EDGE('',*,*,#1861,.T.);
#937=ORIENTED_EDGE('',*,*,#1860,.T.);
#938=ORIENTED_EDGE('',*,*,#1858,.F.);
#939=ORIENTED_EDGE('',*,*,#1862,.F.);
#940=ORIENTED_EDGE('',*,*,#1864,.T.);
#941=ORIENTED_EDGE('',*,*,#1863,.T.);
#942=ORIENTED_EDGE('',*,*,#1861,.F.);
#943=ORIENTED_EDGE('',*,*,#1865,.F.);
#944=ORIENTED_EDGE('',*,*,#1856,.F.);
#945=ORIENTED_EDGE('',*,*,#1866,.T.);
#946=ORIENTED_EDGE('',*,*,#1864,.F.);
#947=ORIENTED_EDGE('',*,*,#1855,.T.);
#948=ORIENTED_EDGE('',*,*,#1865,.T.);
#949=ORIENTED_EDGE('',*,*,#1862,.T.);
#950=ORIENTED_EDGE('',*,*,#1859,.T.);
#951=ORIENTED_EDGE('',*,*,#1867,.F.);
#952=ORIENTED_EDGE('',*,*,#1870,.T.);
#953=ORIENTED_EDGE('',*,*,#1869,.T.);
#954=ORIENTED_EDGE('',*,*,#1868,.T.);
#955=ORIENTED_EDGE('',*,*,#1871,.F.);
#956=ORIENTED_EDGE('',*,*,#1873,.T.);
#957=ORIENTED_EDGE('',*,*,#1872,.T.);
#958=ORIENTED_EDGE('',*,*,#1870,.F.);
#959=ORIENTED_EDGE('',*,*,#1874,.F.);
#960=ORIENTED_EDGE('',*,*,#1876,.T.);
#961=ORIENTED_EDGE('',*,*,#1875,.T.);
#962=ORIENTED_EDGE('',*,*,#1873,.F.);
#963=ORIENTED_EDGE('',*,*,#1877,.F.);
#964=ORIENTED_EDGE('',*,*,#1879,.T.);
#965=ORIENTED_EDGE('',*,*,#1878,.T.);
#966=ORIENTED_EDGE('',*,*,#1876,.F.);
#967=ORIENTED_EDGE('',*,*,#1880,.F.);
#968=ORIENTED_EDGE('',*,*,#1882,.T.);
#969=ORIENTED_EDGE('',*,*,#1881,.T.);
#970=ORIENTED_EDGE('',*,*,#1879,.F.);
#971=ORIENTED_EDGE('',*,*,#1883,.F.);
#972=ORIENTED_EDGE('',*,*,#1885,.T.);
#973=ORIENTED_EDGE('',*,*,#1884,.T.);
#974=ORIENTED_EDGE('',*,*,#1882,.F.);
#975=ORIENTED_EDGE('',*,*,#1886,.F.);
#976=ORIENTED_EDGE('',*,*,#1888,.T.);
#977=ORIENTED_EDGE('',*,*,#1887,.T.);
#978=ORIENTED_EDGE('',*,*,#1885,.F.);
#979=ORIENTED_EDGE('',*,*,#1889,.F.);
#980=ORIENTED_EDGE('',*,*,#1891,.T.);
#981=ORIENTED_EDGE('',*,*,#1890,.T.);
#982=ORIENTED_EDGE('',*,*,#1888,.F.);
#983=ORIENTED_EDGE('',*,*,#1892,.F.);
#984=ORIENTED_EDGE('',*,*,#1894,.T.);
#985=ORIENTED_EDGE('',*,*,#1893,.T.);
#986=ORIENTED_EDGE('',*,*,#1891,.F.);
#987=ORIENTED_EDGE('',*,*,#1895,.F.);
#988=ORIENTED_EDGE('',*,*,#1868,.F.);
#989=ORIENTED_EDGE('',*,*,#1896,.T.);
#990=ORIENTED_EDGE('',*,*,#1894,.F.);
#991=ORIENTED_EDGE('',*,*,#1867,.T.);
#992=ORIENTED_EDGE('',*,*,#1895,.T.);
#993=ORIENTED_EDGE('',*,*,#1892,.T.);
#994=ORIENTED_EDGE('',*,*,#1889,.T.);
#995=ORIENTED_EDGE('',*,*,#1886,.T.);
#996=ORIENTED_EDGE('',*,*,#1883,.T.);
#997=ORIENTED_EDGE('',*,*,#1880,.T.);
#998=ORIENTED_EDGE('',*,*,#1877,.T.);
#999=ORIENTED_EDGE('',*,*,#1874,.T.);
#1000=ORIENTED_EDGE('',*,*,#1871,.T.);
#1001=ORIENTED_EDGE('',*,*,#1897,.F.);
#1002=ORIENTED_EDGE('',*,*,#1900,.T.);
#1003=ORIENTED_EDGE('',*,*,#1899,.T.);
#1004=ORIENTED_EDGE('',*,*,#1898,.T.);
#1005=ORIENTED_EDGE('',*,*,#1901,.F.);
#1006=ORIENTED_EDGE('',*,*,#1903,.T.);
#1007=ORIENTED_EDGE('',*,*,#1902,.T.);
#1008=ORIENTED_EDGE('',*,*,#1900,.F.);
#1009=ORIENTED_EDGE('',*,*,#1904,.F.);
#1010=ORIENTED_EDGE('',*,*,#1906,.T.);
#1011=ORIENTED_EDGE('',*,*,#1905,.T.);
#1012=ORIENTED_EDGE('',*,*,#1903,.F.);
#1013=ORIENTED_EDGE('',*,*,#1907,.F.);
#1014=ORIENTED_EDGE('',*,*,#1909,.T.);
#1015=ORIENTED_EDGE('',*,*,#1908,.T.);
#1016=ORIENTED_EDGE('',*,*,#1906,.F.);
#1017=ORIENTED_EDGE('',*,*,#1910,.F.);
#1018=ORIENTED_EDGE('',*,*,#1912,.T.);
#1019=ORIENTED_EDGE('',*,*,#1911,.T.);
#1020=ORIENTED_EDGE('',*,*,#1909,.F.);
#1021=ORIENTED_EDGE('',*,*,#1913,.F.);
#1022=ORIENTED_EDGE('',*,*,#1915,.T.);
#1023=ORIENTED_EDGE('',*,*,#1914,.T.);
#1024=ORIENTED_EDGE('',*,*,#1912,.F.);
#1025=ORIENTED_EDGE('',*,*,#1916,.F.);
#1026=ORIENTED_EDGE('',*,*,#1918,.T.);
#1027=ORIENTED_EDGE('',*,*,#1917,.T.);
#1028=ORIENTED_EDGE('',*,*,#1915,.F.);
#1029=ORIENTED_EDGE('',*,*,#1921,.F.);
#1030=ORIENTED_EDGE('',*,*,#1920,.F.);
#1031=ORIENTED_EDGE('',*,*,#1918,.F.);
#1032=ORIENTED_EDGE('',*,*,#1919,.F.);
#1033=ORIENTED_EDGE('',*,*,#1922,.F.);
#1034=ORIENTED_EDGE('',*,*,#1924,.T.);
#1035=ORIENTED_EDGE('',*,*,#1923,.T.);
#1036=ORIENTED_EDGE('',*,*,#1921,.T.);
#1037=ORIENTED_EDGE('',*,*,#1927,.F.);
#1038=ORIENTED_EDGE('',*,*,#1926,.F.);
#1039=ORIENTED_EDGE('',*,*,#1924,.F.);
#1040=ORIENTED_EDGE('',*,*,#1925,.F.);
#1041=ORIENTED_EDGE('',*,*,#1928,.F.);
#1042=ORIENTED_EDGE('',*,*,#1930,.T.);
#1043=ORIENTED_EDGE('',*,*,#1929,.T.);
#1044=ORIENTED_EDGE('',*,*,#1927,.T.);
#1045=ORIENTED_EDGE('',*,*,#1931,.F.);
#1046=ORIENTED_EDGE('',*,*,#1898,.F.);
#1047=ORIENTED_EDGE('',*,*,#1932,.T.);
#1048=ORIENTED_EDGE('',*,*,#1930,.F.);
#1049=ORIENTED_EDGE('',*,*,#1901,.T.);
#1050=ORIENTED_EDGE('',*,*,#1897,.T.);
#1051=ORIENTED_EDGE('',*,*,#1931,.T.);
#1052=ORIENTED_EDGE('',*,*,#1928,.T.);
#1053=ORIENTED_EDGE('',*,*,#1925,.T.);
#1054=ORIENTED_EDGE('',*,*,#1922,.T.);
#1055=ORIENTED_EDGE('',*,*,#1919,.T.);
#1056=ORIENTED_EDGE('',*,*,#1916,.T.);
#1057=ORIENTED_EDGE('',*,*,#1913,.T.);
#1058=ORIENTED_EDGE('',*,*,#1910,.T.);
#1059=ORIENTED_EDGE('',*,*,#1907,.T.);
#1060=ORIENTED_EDGE('',*,*,#1904,.T.);
#1061=ORIENTED_EDGE('',*,*,#1933,.F.);
#1062=ORIENTED_EDGE('',*,*,#1936,.T.);
#1063=ORIENTED_EDGE('',*,*,#1935,.T.);
#1064=ORIENTED_EDGE('',*,*,#1934,.T.);
#1065=ORIENTED_EDGE('',*,*,#1937,.F.);
#1066=ORIENTED_EDGE('',*,*,#1939,.T.);
#1067=ORIENTED_EDGE('',*,*,#1938,.T.);
#1068=ORIENTED_EDGE('',*,*,#1936,.F.);
#1069=ORIENTED_EDGE('',*,*,#1940,.F.);
#1070=ORIENTED_EDGE('',*,*,#1942,.T.);
#1071=ORIENTED_EDGE('',*,*,#1941,.T.);
#1072=ORIENTED_EDGE('',*,*,#1939,.F.);
#1073=ORIENTED_EDGE('',*,*,#1943,.F.);
#1074=ORIENTED_EDGE('',*,*,#1945,.T.);
#1075=ORIENTED_EDGE('',*,*,#1944,.T.);
#1076=ORIENTED_EDGE('',*,*,#1942,.F.);
#1077=ORIENTED_EDGE('',*,*,#1946,.F.);
#1078=ORIENTED_EDGE('',*,*,#1948,.T.);
#1079=ORIENTED_EDGE('',*,*,#1947,.T.);
#1080=ORIENTED_EDGE('',*,*,#1945,.F.);
#1081=ORIENTED_EDGE('',*,*,#1949,.F.);
#1082=ORIENTED_EDGE('',*,*,#1951,.T.);
#1083=ORIENTED_EDGE('',*,*,#1950,.T.);
#1084=ORIENTED_EDGE('',*,*,#1948,.F.);
#1085=ORIENTED_EDGE('',*,*,#1952,.F.);
#1086=ORIENTED_EDGE('',*,*,#1954,.T.);
#1087=ORIENTED_EDGE('',*,*,#1953,.T.);
#1088=ORIENTED_EDGE('',*,*,#1951,.F.);
#1089=ORIENTED_EDGE('',*,*,#1955,.F.);
#1090=ORIENTED_EDGE('',*,*,#1934,.F.);
#1091=ORIENTED_EDGE('',*,*,#1956,.T.);
#1092=ORIENTED_EDGE('',*,*,#1954,.F.);
#1093=ORIENTED_EDGE('',*,*,#1933,.T.);
#1094=ORIENTED_EDGE('',*,*,#1955,.T.);
#1095=ORIENTED_EDGE('',*,*,#1952,.T.);
#1096=ORIENTED_EDGE('',*,*,#1949,.T.);
#1097=ORIENTED_EDGE('',*,*,#1946,.T.);
#1098=ORIENTED_EDGE('',*,*,#1943,.T.);
#1099=ORIENTED_EDGE('',*,*,#1940,.T.);
#1100=ORIENTED_EDGE('',*,*,#1937,.T.);
#1101=ORIENTED_EDGE('',*,*,#1960,.F.);
#1102=ORIENTED_EDGE('',*,*,#1959,.F.);
#1103=ORIENTED_EDGE('',*,*,#1958,.F.);
#1104=ORIENTED_EDGE('',*,*,#1957,.F.);
#1105=ORIENTED_EDGE('',*,*,#1963,.F.);
#1106=ORIENTED_EDGE('',*,*,#1957,.T.);
#1107=ORIENTED_EDGE('',*,*,#1962,.F.);
#1108=ORIENTED_EDGE('',*,*,#1961,.T.);
#1109=ORIENTED_EDGE('',*,*,#1962,.T.);
#1110=ORIENTED_EDGE('',*,*,#1965,.F.);
#1111=ORIENTED_EDGE('',*,*,#1963,.T.);
#1112=ORIENTED_EDGE('',*,*,#1964,.T.);
#1113=ORIENTED_EDGE('',*,*,#1958,.T.);
#1114=ORIENTED_EDGE('',*,*,#1966,.F.);
#1115=ORIENTED_EDGE('',*,*,#1960,.T.);
#1116=ORIENTED_EDGE('',*,*,#1965,.T.);
#1117=ORIENTED_EDGE('',*,*,#1970,.F.);
#1118=ORIENTED_EDGE('',*,*,#1969,.F.);
#1119=ORIENTED_EDGE('',*,*,#1968,.F.);
#1120=ORIENTED_EDGE('',*,*,#1967,.F.);
#1121=ORIENTED_EDGE('',*,*,#1972,.F.);
#1122=ORIENTED_EDGE('',*,*,#1967,.T.);
#1123=ORIENTED_EDGE('',*,*,#1973,.F.);
#1124=ORIENTED_EDGE('',*,*,#1971,.T.);
#1125=ORIENTED_EDGE('',*,*,#1973,.T.);
#1126=ORIENTED_EDGE('',*,*,#1975,.F.);
#1127=ORIENTED_EDGE('',*,*,#1972,.T.);
#1128=ORIENTED_EDGE('',*,*,#1974,.T.);
#1129=ORIENTED_EDGE('',*,*,#1968,.T.);
#1130=ORIENTED_EDGE('',*,*,#1976,.F.);
#1131=ORIENTED_EDGE('',*,*,#1970,.T.);
#1132=ORIENTED_EDGE('',*,*,#1975,.T.);
#1133=ORIENTED_EDGE('',*,*,#1979,.T.);
#1134=ORIENTED_EDGE('',*,*,#1980,.T.);
#1135=ORIENTED_EDGE('',*,*,#1978,.F.);
#1136=ORIENTED_EDGE('',*,*,#1977,.T.);
#1137=ORIENTED_EDGE('',*,*,#1982,.T.);
#1138=ORIENTED_EDGE('',*,*,#1977,.F.);
#1139=ORIENTED_EDGE('',*,*,#1981,.F.);
#1140=ORIENTED_EDGE('',*,*,#1980,.F.);
#1141=ORIENTED_EDGE('',*,*,#2011,.T.);
#1142=ORIENTED_EDGE('',*,*,#2007,.T.);
#1143=ORIENTED_EDGE('',*,*,#1984,.T.);
#1144=ORIENTED_EDGE('',*,*,#2001,.T.);
#1145=ORIENTED_EDGE('',*,*,#1983,.T.);
#1146=ORIENTED_EDGE('',*,*,#1986,.T.);
#1147=ORIENTED_EDGE('',*,*,#1985,.T.);
#1148=ORIENTED_EDGE('',*,*,#1987,.T.);
#1149=ORIENTED_EDGE('',*,*,#1755,.F.);
#1150=ORIENTED_EDGE('',*,*,#1758,.F.);
#1151=ORIENTED_EDGE('',*,*,#1761,.F.);
#1152=ORIENTED_EDGE('',*,*,#1764,.F.);
#1153=ORIENTED_EDGE('',*,*,#1767,.F.);
#1154=ORIENTED_EDGE('',*,*,#1770,.F.);
#1155=ORIENTED_EDGE('',*,*,#1772,.F.);
#1156=ORIENTED_EDGE('',*,*,#1752,.F.);
#1157=ORIENTED_EDGE('',*,*,#1788,.F.);
#1158=ORIENTED_EDGE('',*,*,#1791,.F.);
#1159=ORIENTED_EDGE('',*,*,#1794,.F.);
#1160=ORIENTED_EDGE('',*,*,#1797,.F.);
#1161=ORIENTED_EDGE('',*,*,#1800,.F.);
#1162=ORIENTED_EDGE('',*,*,#1803,.F.);
#1163=ORIENTED_EDGE('',*,*,#1806,.F.);
#1164=ORIENTED_EDGE('',*,*,#1809,.F.);
#1165=ORIENTED_EDGE('',*,*,#1812,.F.);
#1166=ORIENTED_EDGE('',*,*,#1815,.F.);
#1167=ORIENTED_EDGE('',*,*,#1818,.F.);
#1168=ORIENTED_EDGE('',*,*,#1821,.F.);
#1169=ORIENTED_EDGE('',*,*,#1824,.F.);
#1170=ORIENTED_EDGE('',*,*,#1827,.F.);
#1171=ORIENTED_EDGE('',*,*,#1830,.F.);
#1172=ORIENTED_EDGE('',*,*,#1833,.F.);
#1173=ORIENTED_EDGE('',*,*,#1836,.F.);
#1174=ORIENTED_EDGE('',*,*,#1839,.F.);
#1175=ORIENTED_EDGE('',*,*,#1842,.F.);
#1176=ORIENTED_EDGE('',*,*,#1845,.F.);
#1177=ORIENTED_EDGE('',*,*,#1848,.F.);
#1178=ORIENTED_EDGE('',*,*,#1851,.F.);
#1179=ORIENTED_EDGE('',*,*,#1854,.F.);
#1180=ORIENTED_EDGE('',*,*,#1857,.F.);
#1181=ORIENTED_EDGE('',*,*,#1860,.F.);
#1182=ORIENTED_EDGE('',*,*,#1863,.F.);
#1183=ORIENTED_EDGE('',*,*,#1866,.F.);
#1184=ORIENTED_EDGE('',*,*,#1869,.F.);
#1185=ORIENTED_EDGE('',*,*,#1872,.F.);
#1186=ORIENTED_EDGE('',*,*,#1875,.F.);
#1187=ORIENTED_EDGE('',*,*,#1878,.F.);
#1188=ORIENTED_EDGE('',*,*,#1881,.F.);
#1189=ORIENTED_EDGE('',*,*,#1884,.F.);
#1190=ORIENTED_EDGE('',*,*,#1887,.F.);
#1191=ORIENTED_EDGE('',*,*,#1890,.F.);
#1192=ORIENTED_EDGE('',*,*,#1893,.F.);
#1193=ORIENTED_EDGE('',*,*,#1896,.F.);
#1194=ORIENTED_EDGE('',*,*,#1899,.F.);
#1195=ORIENTED_EDGE('',*,*,#1902,.F.);
#1196=ORIENTED_EDGE('',*,*,#1905,.F.);
#1197=ORIENTED_EDGE('',*,*,#1908,.F.);
#1198=ORIENTED_EDGE('',*,*,#1911,.F.);
#1199=ORIENTED_EDGE('',*,*,#1914,.F.);
#1200=ORIENTED_EDGE('',*,*,#1917,.F.);
#1201=ORIENTED_EDGE('',*,*,#1920,.T.);
#1202=ORIENTED_EDGE('',*,*,#1923,.F.);
#1203=ORIENTED_EDGE('',*,*,#1926,.T.);
#1204=ORIENTED_EDGE('',*,*,#1929,.F.);
#1205=ORIENTED_EDGE('',*,*,#1932,.F.);
#1206=ORIENTED_EDGE('',*,*,#1935,.F.);
#1207=ORIENTED_EDGE('',*,*,#1938,.F.);
#1208=ORIENTED_EDGE('',*,*,#1941,.F.);
#1209=ORIENTED_EDGE('',*,*,#1944,.F.);
#1210=ORIENTED_EDGE('',*,*,#1947,.F.);
#1211=ORIENTED_EDGE('',*,*,#1950,.F.);
#1212=ORIENTED_EDGE('',*,*,#1953,.F.);
#1213=ORIENTED_EDGE('',*,*,#1956,.F.);
#1214=ORIENTED_EDGE('',*,*,#1990,.T.);
#1215=ORIENTED_EDGE('',*,*,#1988,.T.);
#1216=ORIENTED_EDGE('',*,*,#1989,.T.);
#1217=ORIENTED_EDGE('',*,*,#1991,.F.);
#1218=ORIENTED_EDGE('',*,*,#1989,.F.);
#1219=ORIENTED_EDGE('',*,*,#1992,.T.);
#1220=ORIENTED_EDGE('',*,*,#1990,.F.);
#1221=ORIENTED_EDGE('',*,*,#1993,.F.);
#1222=ORIENTED_EDGE('',*,*,#2000,.T.);
#1223=ORIENTED_EDGE('',*,*,#1997,.T.);
#1224=ORIENTED_EDGE('',*,*,#1994,.F.);
#1225=ORIENTED_EDGE('',*,*,#1995,.F.);
#1226=ORIENTED_EDGE('',*,*,#1996,.F.);
#1227=ORIENTED_EDGE('',*,*,#1991,.T.);
#1228=ORIENTED_EDGE('',*,*,#1999,.F.);
#1229=ORIENTED_EDGE('',*,*,#1997,.F.);
#1230=ORIENTED_EDGE('',*,*,#1998,.F.);
#1231=ORIENTED_EDGE('',*,*,#1993,.T.);
#1232=ORIENTED_EDGE('',*,*,#1998,.T.);
#1233=ORIENTED_EDGE('',*,*,#2000,.F.);
#1234=ORIENTED_EDGE('',*,*,#1999,.T.);
#1235=ORIENTED_EDGE('',*,*,#2002,.T.);
#1236=ORIENTED_EDGE('',*,*,#2005,.F.);
#1237=ORIENTED_EDGE('',*,*,#2003,.F.);
#1238=ORIENTED_EDGE('',*,*,#2001,.F.);
#1239=ORIENTED_EDGE('',*,*,#2004,.F.);
#1240=ORIENTED_EDGE('',*,*,#2006,.F.);
#1241=ORIENTED_EDGE('',*,*,#2010,.T.);
#1242=ORIENTED_EDGE('',*,*,#2007,.F.);
#1243=ORIENTED_EDGE('',*,*,#2008,.T.);
#1244=ORIENTED_EDGE('',*,*,#2009,.T.);
#1245=ORIENTED_EDGE('',*,*,#2012,.T.);
#1246=ORIENTED_EDGE('',*,*,#2013,.T.);
#1247=ORIENTED_EDGE('',*,*,#2008,.F.);
#1248=ORIENTED_EDGE('',*,*,#2011,.F.);
#1249=ORIENTED_EDGE('',*,*,#2015,.T.);
#1250=ORIENTED_EDGE('',*,*,#2009,.F.);
#1251=ORIENTED_EDGE('',*,*,#2014,.F.);
#1252=ORIENTED_EDGE('',*,*,#1994,.T.);
#1253=ORIENTED_EDGE('',*,*,#2016,.T.);
#1254=ORIENTED_EDGE('',*,*,#1995,.T.);
#1255=ORIENTED_EDGE('',*,*,#2014,.T.);
#1256=ORIENTED_EDGE('',*,*,#2013,.F.);
#1257=ORIENTED_EDGE('',*,*,#2003,.T.);
#1258=ORIENTED_EDGE('',*,*,#2017,.T.);
#1259=ORIENTED_EDGE('',*,*,#2012,.F.);
#1260=ORIENTED_EDGE('',*,*,#1983,.F.);
#1261=ORIENTED_EDGE('',*,*,#2004,.T.);
#1262=ORIENTED_EDGE('',*,*,#1984,.F.);
#1263=ORIENTED_EDGE('',*,*,#2010,.F.);
#1264=ORIENTED_EDGE('',*,*,#2018,.T.);
#1265=ORIENTED_EDGE('',*,*,#2020,.F.);
#1266=ORIENTED_EDGE('',*,*,#1996,.T.);
#1267=ORIENTED_EDGE('',*,*,#2019,.F.);
#1268=ORIENTED_EDGE('',*,*,#2002,.F.);
#1269=ORIENTED_EDGE('',*,*,#2005,.T.);
#1270=ORIENTED_EDGE('',*,*,#2019,.T.);
#1271=ORIENTED_EDGE('',*,*,#2016,.F.);
#1272=ORIENTED_EDGE('',*,*,#2017,.F.);
#1273=ORIENTED_EDGE('',*,*,#2006,.T.);
#1274=ORIENTED_EDGE('',*,*,#2018,.F.);
#1275=ORIENTED_EDGE('',*,*,#2015,.F.);
#1276=ORIENTED_EDGE('',*,*,#2020,.T.);
#1277=ORIENTED_EDGE('',*,*,#2022,.T.);
#1278=ORIENTED_EDGE('',*,*,#2040,.F.);
#1279=ORIENTED_EDGE('',*,*,#2021,.T.);
#1280=ORIENTED_EDGE('',*,*,#2042,.F.);
#1281=ORIENTED_EDGE('',*,*,#2023,.T.);
#1282=ORIENTED_EDGE('',*,*,#2044,.F.);
#1283=ORIENTED_EDGE('',*,*,#2024,.T.);
#1284=ORIENTED_EDGE('',*,*,#2038,.F.);
#1285=ORIENTED_EDGE('',*,*,#1988,.F.);
#1286=ORIENTED_EDGE('',*,*,#1992,.F.);
#1287=ORIENTED_EDGE('',*,*,#1964,.F.);
#1288=ORIENTED_EDGE('',*,*,#1961,.F.);
#1289=ORIENTED_EDGE('',*,*,#1974,.F.);
#1290=ORIENTED_EDGE('',*,*,#1971,.F.);
#1291=ORIENTED_EDGE('',*,*,#2160,.T.);
#1292=ORIENTED_EDGE('',*,*,#2171,.T.);
#1293=ORIENTED_EDGE('',*,*,#2089,.T.);
#1294=ORIENTED_EDGE('',*,*,#2167,.T.);
#1295=ORIENTED_EDGE('',*,*,#2027,.F.);
#1296=ORIENTED_EDGE('',*,*,#2025,.T.);
#1297=ORIENTED_EDGE('',*,*,#2026,.F.);
#1298=ORIENTED_EDGE('',*,*,#2024,.F.);
#1299=ORIENTED_EDGE('',*,*,#2030,.T.);
#1300=ORIENTED_EDGE('',*,*,#2028,.T.);
#1301=ORIENTED_EDGE('',*,*,#2029,.F.);
#1302=ORIENTED_EDGE('',*,*,#2023,.F.);
#1303=ORIENTED_EDGE('',*,*,#2033,.F.);
#1304=ORIENTED_EDGE('',*,*,#2031,.T.);
#1305=ORIENTED_EDGE('',*,*,#2032,.F.);
#1306=ORIENTED_EDGE('',*,*,#2021,.F.);
#1307=ORIENTED_EDGE('',*,*,#2036,.F.);
#1308=ORIENTED_EDGE('',*,*,#2034,.T.);
#1309=ORIENTED_EDGE('',*,*,#2035,.F.);
#1310=ORIENTED_EDGE('',*,*,#2022,.F.);
#1311=ORIENTED_EDGE('',*,*,#2036,.T.);
#1312=ORIENTED_EDGE('',*,*,#2038,.T.);
#1313=ORIENTED_EDGE('',*,*,#2026,.T.);
#1314=ORIENTED_EDGE('',*,*,#2037,.F.);
#1315=ORIENTED_EDGE('',*,*,#2033,.T.);
#1316=ORIENTED_EDGE('',*,*,#2040,.T.);
#1317=ORIENTED_EDGE('',*,*,#2035,.T.);
#1318=ORIENTED_EDGE('',*,*,#2039,.F.);
#1319=ORIENTED_EDGE('',*,*,#2030,.F.);
#1320=ORIENTED_EDGE('',*,*,#2042,.T.);
#1321=ORIENTED_EDGE('',*,*,#2032,.T.);
#1322=ORIENTED_EDGE('',*,*,#2041,.F.);
#1323=ORIENTED_EDGE('',*,*,#2027,.T.);
#1324=ORIENTED_EDGE('',*,*,#2044,.T.);
#1325=ORIENTED_EDGE('',*,*,#2029,.T.);
#1326=ORIENTED_EDGE('',*,*,#2043,.F.);
#1327=ORIENTED_EDGE('',*,*,#2047,.T.);
#1328=ORIENTED_EDGE('',*,*,#2037,.T.);
#1329=ORIENTED_EDGE('',*,*,#2046,.F.);
#1330=ORIENTED_EDGE('',*,*,#2045,.F.);
#1331=ORIENTED_EDGE('',*,*,#2050,.T.);
#1332=ORIENTED_EDGE('',*,*,#2039,.T.);
#1333=ORIENTED_EDGE('',*,*,#2049,.F.);
#1334=ORIENTED_EDGE('',*,*,#2048,.F.);
#1335=ORIENTED_EDGE('',*,*,#2053,.T.);
#1336=ORIENTED_EDGE('',*,*,#2041,.T.);
#1337=ORIENTED_EDGE('',*,*,#2052,.F.);
#1338=ORIENTED_EDGE('',*,*,#2051,.F.);
#1339=ORIENTED_EDGE('',*,*,#2054,.F.);
#1340=ORIENTED_EDGE('',*,*,#2043,.T.);
#1341=ORIENTED_EDGE('',*,*,#2056,.F.);
#1342=ORIENTED_EDGE('',*,*,#2055,.F.);
#1343=ORIENTED_EDGE('',*,*,#2057,.T.);
#1344=ORIENTED_EDGE('',*,*,#2067,.T.);
#1345=ORIENTED_EDGE('',*,*,#2060,.T.);
#1346=ORIENTED_EDGE('',*,*,#2076,.T.);
#1347=ORIENTED_EDGE('',*,*,#2058,.T.);
#1348=ORIENTED_EDGE('',*,*,#2073,.T.);
#1349=ORIENTED_EDGE('',*,*,#2059,.T.);
#1350=ORIENTED_EDGE('',*,*,#2070,.T.);
#1351=ORIENTED_EDGE('',*,*,#1966,.T.);
#1352=ORIENTED_EDGE('',*,*,#1959,.T.);
#1353=ORIENTED_EDGE('',*,*,#1976,.T.);
#1354=ORIENTED_EDGE('',*,*,#1969,.T.);
#1355=ORIENTED_EDGE('',*,*,#1981,.T.);
#1356=ORIENTED_EDGE('',*,*,#1978,.T.);
#1357=ORIENTED_EDGE('',*,*,#2046,.T.);
#1358=ORIENTED_EDGE('',*,*,#2025,.F.);
#1359=ORIENTED_EDGE('',*,*,#2054,.T.);
#1360=ORIENTED_EDGE('',*,*,#2061,.F.);
#1361=ORIENTED_EDGE('',*,*,#2049,.T.);
#1362=ORIENTED_EDGE('',*,*,#2034,.F.);
#1363=ORIENTED_EDGE('',*,*,#2047,.F.);
#1364=ORIENTED_EDGE('',*,*,#2062,.F.);
#1365=ORIENTED_EDGE('',*,*,#2052,.T.);
#1366=ORIENTED_EDGE('',*,*,#2031,.F.);
#1367=ORIENTED_EDGE('',*,*,#2050,.F.);
#1368=ORIENTED_EDGE('',*,*,#2063,.F.);
#1369=ORIENTED_EDGE('',*,*,#2056,.T.);
#1370=ORIENTED_EDGE('',*,*,#2028,.F.);
#1371=ORIENTED_EDGE('',*,*,#2053,.F.);
#1372=ORIENTED_EDGE('',*,*,#2064,.F.);
#1373=ORIENTED_EDGE('',*,*,#2061,.T.);
#1374=ORIENTED_EDGE('',*,*,#2066,.T.);
#1375=ORIENTED_EDGE('',*,*,#2060,.F.);
#1376=ORIENTED_EDGE('',*,*,#2065,.T.);
#1377=ORIENTED_EDGE('',*,*,#2045,.T.);
#1378=ORIENTED_EDGE('',*,*,#2065,.F.);
#1379=ORIENTED_EDGE('',*,*,#2067,.F.);
#1380=ORIENTED_EDGE('',*,*,#2068,.F.);
#1381=ORIENTED_EDGE('',*,*,#2062,.T.);
#1382=ORIENTED_EDGE('',*,*,#2068,.T.);
#1383=ORIENTED_EDGE('',*,*,#2057,.F.);
#1384=ORIENTED_EDGE('',*,*,#2069,.T.);
#1385=ORIENTED_EDGE('',*,*,#2048,.T.);
#1386=ORIENTED_EDGE('',*,*,#2069,.F.);
#1387=ORIENTED_EDGE('',*,*,#2070,.F.);
#1388=ORIENTED_EDGE('',*,*,#2071,.T.);
#1389=ORIENTED_EDGE('',*,*,#2063,.T.);
#1390=ORIENTED_EDGE('',*,*,#2071,.F.);
#1391=ORIENTED_EDGE('',*,*,#2059,.F.);
#1392=ORIENTED_EDGE('',*,*,#2072,.F.);
#1393=ORIENTED_EDGE('',*,*,#2051,.T.);
#1394=ORIENTED_EDGE('',*,*,#2072,.T.);
#1395=ORIENTED_EDGE('',*,*,#2073,.F.);
#1396=ORIENTED_EDGE('',*,*,#2074,.T.);
#1397=ORIENTED_EDGE('',*,*,#2064,.T.);
#1398=ORIENTED_EDGE('',*,*,#2074,.F.);
#1399=ORIENTED_EDGE('',*,*,#2058,.F.);
#1400=ORIENTED_EDGE('',*,*,#2075,.T.);
#1401=ORIENTED_EDGE('',*,*,#2055,.T.);
#1402=ORIENTED_EDGE('',*,*,#2075,.F.);
#1403=ORIENTED_EDGE('',*,*,#2076,.F.);
#1404=ORIENTED_EDGE('',*,*,#2066,.F.);
#1405=ORIENTED_EDGE('',*,*,#2161,.T.);
#1406=ORIENTED_EDGE('',*,*,#2079,.F.);
#1407=ORIENTED_EDGE('',*,*,#2078,.F.);
#1408=ORIENTED_EDGE('',*,*,#2077,.T.);
#1409=ORIENTED_EDGE('',*,*,#2080,.F.);
#1410=ORIENTED_EDGE('',*,*,#2086,.F.);
#1411=ORIENTED_EDGE('',*,*,#2162,.F.);
#1412=ORIENTED_EDGE('',*,*,#2077,.F.);
#1413=ORIENTED_EDGE('',*,*,#2088,.T.);
#1414=ORIENTED_EDGE('',*,*,#2165,.T.);
#1415=ORIENTED_EDGE('',*,*,#2081,.F.);
#1416=ORIENTED_EDGE('',*,*,#2083,.F.);
#1417=ORIENTED_EDGE('',*,*,#2082,.F.);
#1418=ORIENTED_EDGE('',*,*,#2084,.F.);
#1419=ORIENTED_EDGE('',*,*,#2080,.T.);
#1420=ORIENTED_EDGE('',*,*,#2085,.F.);
#1421=ORIENTED_EDGE('',*,*,#1979,.F.);
#1422=ORIENTED_EDGE('',*,*,#2085,.T.);
#1423=ORIENTED_EDGE('',*,*,#2086,.T.);
#1424=ORIENTED_EDGE('',*,*,#2084,.T.);
#1425=ORIENTED_EDGE('',*,*,#1982,.F.);
#1426=ORIENTED_EDGE('',*,*,#2164,.T.);
#1427=ORIENTED_EDGE('',*,*,#2088,.F.);
#1428=ORIENTED_EDGE('',*,*,#2087,.F.);
#1429=ORIENTED_EDGE('',*,*,#2079,.T.);
#1430=ORIENTED_EDGE('',*,*,#2166,.T.);
#1431=ORIENTED_EDGE('',*,*,#2168,.T.);
#1432=ORIENTED_EDGE('',*,*,#2090,.F.);
#1433=ORIENTED_EDGE('',*,*,#2167,.F.);
#1434=ORIENTED_EDGE('',*,*,#2168,.F.);
#1435=ORIENTED_EDGE('',*,*,#2091,.F.);
#1436=ORIENTED_EDGE('',*,*,#2170,.F.);
#1437=ORIENTED_EDGE('',*,*,#2159,.F.);
#1438=ORIENTED_EDGE('',*,*,#2151,.F.);
#1439=ORIENTED_EDGE('',*,*,#2150,.T.);
#1440=ORIENTED_EDGE('',*,*,#2149,.T.);
#1441=ORIENTED_EDGE('',*,*,#2148,.F.);
#1442=ORIENTED_EDGE('',*,*,#2154,.F.);
#1443=ORIENTED_EDGE('',*,*,#2153,.T.);
#1444=ORIENTED_EDGE('',*,*,#2152,.F.);
#1445=ORIENTED_EDGE('',*,*,#2127,.F.);
#1446=ORIENTED_EDGE('',*,*,#2126,.F.);
#1447=ORIENTED_EDGE('',*,*,#2131,.T.);
#1448=ORIENTED_EDGE('',*,*,#2130,.T.);
#1449=ORIENTED_EDGE('',*,*,#2129,.F.);
#1450=ORIENTED_EDGE('',*,*,#2092,.F.);
#1451=ORIENTED_EDGE('',*,*,#2128,.T.);
#1452=ORIENTED_EDGE('',*,*,#2093,.F.);
#1453=ORIENTED_EDGE('',*,*,#2105,.F.);
#1454=ORIENTED_EDGE('',*,*,#2104,.F.);
#1455=ORIENTED_EDGE('',*,*,#2110,.T.);
#1456=ORIENTED_EDGE('',*,*,#2109,.T.);
#1457=ORIENTED_EDGE('',*,*,#2108,.F.);
#1458=ORIENTED_EDGE('',*,*,#2107,.T.);
#1459=ORIENTED_EDGE('',*,*,#2106,.F.);
#1460=ORIENTED_EDGE('',*,*,#2097,.T.);
#1461=ORIENTED_EDGE('',*,*,#2098,.T.);
#1462=ORIENTED_EDGE('',*,*,#2100,.T.);
#1463=ORIENTED_EDGE('',*,*,#2102,.T.);
#1464=ORIENTED_EDGE('',*,*,#2103,.T.);
#1465=ORIENTED_EDGE('',*,*,#2094,.T.);
#1466=ORIENTED_EDGE('',*,*,#2095,.T.);
#1467=ORIENTED_EDGE('',*,*,#2104,.T.);
#1468=ORIENTED_EDGE('',*,*,#2112,.T.);
#1469=ORIENTED_EDGE('',*,*,#2094,.F.);
#1470=ORIENTED_EDGE('',*,*,#2111,.F.);
#1471=ORIENTED_EDGE('',*,*,#2105,.T.);
#1472=ORIENTED_EDGE('',*,*,#2113,.T.);
#1473=ORIENTED_EDGE('',*,*,#2095,.F.);
#1474=ORIENTED_EDGE('',*,*,#2112,.F.);
#1475=ORIENTED_EDGE('',*,*,#2106,.T.);
#1476=ORIENTED_EDGE('',*,*,#2096,.F.);
#1477=ORIENTED_EDGE('',*,*,#2097,.F.);
#1478=ORIENTED_EDGE('',*,*,#2113,.F.);
#1479=ORIENTED_EDGE('',*,*,#2114,.T.);
#1480=ORIENTED_EDGE('',*,*,#2098,.F.);
#1481=ORIENTED_EDGE('',*,*,#2096,.T.);
#1482=ORIENTED_EDGE('',*,*,#2107,.F.);
#1483=ORIENTED_EDGE('',*,*,#2108,.T.);
#1484=ORIENTED_EDGE('',*,*,#2099,.F.);
#1485=ORIENTED_EDGE('',*,*,#2100,.F.);
#1486=ORIENTED_EDGE('',*,*,#2114,.F.);
#1487=ORIENTED_EDGE('',*,*,#2101,.F.);
#1488=ORIENTED_EDGE('',*,*,#2102,.F.);
#1489=ORIENTED_EDGE('',*,*,#2099,.T.);
#1490=ORIENTED_EDGE('',*,*,#2109,.F.);
#1491=ORIENTED_EDGE('',*,*,#2111,.T.);
#1492=ORIENTED_EDGE('',*,*,#2103,.F.);
#1493=ORIENTED_EDGE('',*,*,#2101,.T.);
#1494=ORIENTED_EDGE('',*,*,#2110,.F.);
#1495=ORIENTED_EDGE('',*,*,#2122,.T.);
#1496=ORIENTED_EDGE('',*,*,#2124,.T.);
#1497=ORIENTED_EDGE('',*,*,#2125,.T.);
#1498=ORIENTED_EDGE('',*,*,#2117,.T.);
#1499=ORIENTED_EDGE('',*,*,#2118,.T.);
#1500=ORIENTED_EDGE('',*,*,#2116,.T.);
#1501=ORIENTED_EDGE('',*,*,#2120,.T.);
#1502=ORIENTED_EDGE('',*,*,#2115,.T.);
#1503=ORIENTED_EDGE('',*,*,#2126,.T.);
#1504=ORIENTED_EDGE('',*,*,#2133,.T.);
#1505=ORIENTED_EDGE('',*,*,#2117,.F.);
#1506=ORIENTED_EDGE('',*,*,#2132,.F.);
#1507=ORIENTED_EDGE('',*,*,#2127,.T.);
#1508=ORIENTED_EDGE('',*,*,#2134,.T.);
#1509=ORIENTED_EDGE('',*,*,#2118,.F.);
#1510=ORIENTED_EDGE('',*,*,#2133,.F.);
#1511=ORIENTED_EDGE('',*,*,#2093,.T.);
#1512=ORIENTED_EDGE('',*,*,#2119,.F.);
#1513=ORIENTED_EDGE('',*,*,#2116,.F.);
#1514=ORIENTED_EDGE('',*,*,#2134,.F.);
#1515=ORIENTED_EDGE('',*,*,#2135,.T.);
#1516=ORIENTED_EDGE('',*,*,#2120,.F.);
#1517=ORIENTED_EDGE('',*,*,#2119,.T.);
#1518=ORIENTED_EDGE('',*,*,#2128,.F.);
#1519=ORIENTED_EDGE('',*,*,#2092,.T.);
#1520=ORIENTED_EDGE('',*,*,#2136,.T.);
#1521=ORIENTED_EDGE('',*,*,#2115,.F.);
#1522=ORIENTED_EDGE('',*,*,#2135,.F.);
#1523=ORIENTED_EDGE('',*,*,#2129,.T.);
#1524=ORIENTED_EDGE('',*,*,#2121,.F.);
#1525=ORIENTED_EDGE('',*,*,#2122,.F.);
#1526=ORIENTED_EDGE('',*,*,#2136,.F.);
#1527=ORIENTED_EDGE('',*,*,#2123,.F.);
#1528=ORIENTED_EDGE('',*,*,#2124,.F.);
#1529=ORIENTED_EDGE('',*,*,#2121,.T.);
#1530=ORIENTED_EDGE('',*,*,#2130,.F.);
#1531=ORIENTED_EDGE('',*,*,#2132,.T.);
#1532=ORIENTED_EDGE('',*,*,#2125,.F.);
#1533=ORIENTED_EDGE('',*,*,#2123,.T.);
#1534=ORIENTED_EDGE('',*,*,#2131,.F.);
#1535=ORIENTED_EDGE('',*,*,#2145,.T.);
#1536=ORIENTED_EDGE('',*,*,#2146,.T.);
#1537=ORIENTED_EDGE('',*,*,#2147,.T.);
#1538=ORIENTED_EDGE('',*,*,#2141,.T.);
#1539=ORIENTED_EDGE('',*,*,#2139,.T.);
#1540=ORIENTED_EDGE('',*,*,#2142,.T.);
#1541=ORIENTED_EDGE('',*,*,#2143,.T.);
#1542=ORIENTED_EDGE('',*,*,#2148,.T.);
#1543=ORIENTED_EDGE('',*,*,#2138,.F.);
#1544=ORIENTED_EDGE('',*,*,#2141,.F.);
#1545=ORIENTED_EDGE('',*,*,#2140,.T.);
#1546=ORIENTED_EDGE('',*,*,#2137,.F.);
#1547=ORIENTED_EDGE('',*,*,#2139,.F.);
#1548=ORIENTED_EDGE('',*,*,#2138,.T.);
#1549=ORIENTED_EDGE('',*,*,#2149,.F.);
#1550=ORIENTED_EDGE('',*,*,#2155,.T.);
#1551=ORIENTED_EDGE('',*,*,#2142,.F.);
#1552=ORIENTED_EDGE('',*,*,#2137,.T.);
#1553=ORIENTED_EDGE('',*,*,#2150,.F.);
#1554=ORIENTED_EDGE('',*,*,#2151,.T.);
#1555=ORIENTED_EDGE('',*,*,#2156,.T.);
#1556=ORIENTED_EDGE('',*,*,#2143,.F.);
#1557=ORIENTED_EDGE('',*,*,#2155,.F.);
#1558=ORIENTED_EDGE('',*,*,#2152,.T.);
#1559=ORIENTED_EDGE('',*,*,#2144,.F.);
#1560=ORIENTED_EDGE('',*,*,#2145,.F.);
#1561=ORIENTED_EDGE('',*,*,#2156,.F.);
#1562=ORIENTED_EDGE('',*,*,#2157,.T.);
#1563=ORIENTED_EDGE('',*,*,#2146,.F.);
#1564=ORIENTED_EDGE('',*,*,#2144,.T.);
#1565=ORIENTED_EDGE('',*,*,#2153,.F.);
#1566=ORIENTED_EDGE('',*,*,#2154,.T.);
#1567=ORIENTED_EDGE('',*,*,#2140,.F.);
#1568=ORIENTED_EDGE('',*,*,#2147,.F.);
#1569=ORIENTED_EDGE('',*,*,#2157,.F.);
#1570=ORIENTED_EDGE('',*,*,#2160,.F.);
#1571=ORIENTED_EDGE('',*,*,#2158,.T.);
#1572=ORIENTED_EDGE('',*,*,#2159,.T.);
#1573=ORIENTED_EDGE('',*,*,#2169,.F.);
#1574=ORIENTED_EDGE('',*,*,#1785,.F.);
#1575=ORIENTED_EDGE('',*,*,#1781,.F.);
#1576=ORIENTED_EDGE('',*,*,#1778,.F.);
#1577=ORIENTED_EDGE('',*,*,#1774,.F.);
#1578=ORIENTED_EDGE('',*,*,#2162,.T.);
#1579=ORIENTED_EDGE('',*,*,#2078,.T.);
#1580=ORIENTED_EDGE('',*,*,#2163,.F.);
#1581=ORIENTED_EDGE('',*,*,#2161,.F.);
#1582=ORIENTED_EDGE('',*,*,#2163,.T.);
#1583=ORIENTED_EDGE('',*,*,#2087,.T.);
#1584=ORIENTED_EDGE('',*,*,#2165,.F.);
#1585=ORIENTED_EDGE('',*,*,#2164,.F.);
#1586=ORIENTED_EDGE('',*,*,#2089,.F.);
#1587=ORIENTED_EDGE('',*,*,#2090,.T.);
#1588=ORIENTED_EDGE('',*,*,#2091,.T.);
#1589=ORIENTED_EDGE('',*,*,#2166,.F.);
#1590=ORIENTED_EDGE('',*,*,#2169,.T.);
#1591=ORIENTED_EDGE('',*,*,#2170,.T.);
#1592=ORIENTED_EDGE('',*,*,#2158,.F.);
#1593=ORIENTED_EDGE('',*,*,#2171,.F.);
#1594=ORIENTED_EDGE('',*,*,#2188,.T.);
#1595=ORIENTED_EDGE('',*,*,#2173,.F.);
#1596=ORIENTED_EDGE('',*,*,#2179,.T.);
#1597=ORIENTED_EDGE('',*,*,#2190,.T.);
#1598=ORIENTED_EDGE('',*,*,#2177,.F.);
#1599=ORIENTED_EDGE('',*,*,#2172,.F.);
#1600=ORIENTED_EDGE('',*,*,#2192,.T.);
#1601=ORIENTED_EDGE('',*,*,#2178,.F.);
#1602=ORIENTED_EDGE('',*,*,#2176,.F.);
#1603=ORIENTED_EDGE('',*,*,#2177,.T.);
#1604=ORIENTED_EDGE('',*,*,#2180,.T.);
#1605=ORIENTED_EDGE('',*,*,#2182,.T.);
#1606=ORIENTED_EDGE('',*,*,#2174,.T.);
#1607=ORIENTED_EDGE('',*,*,#2183,.F.);
#1608=ORIENTED_EDGE('',*,*,#2194,.T.);
#1609=ORIENTED_EDGE('',*,*,#2187,.F.);
#1610=ORIENTED_EDGE('',*,*,#2175,.F.);
#1611=ORIENTED_EDGE('',*,*,#2178,.T.);
#1612=ORIENTED_EDGE('',*,*,#2196,.T.);
#1613=ORIENTED_EDGE('',*,*,#2179,.F.);
#1614=ORIENTED_EDGE('',*,*,#2181,.F.);
#1615=ORIENTED_EDGE('',*,*,#2197,.F.);
#1616=ORIENTED_EDGE('',*,*,#2187,.T.);
#1617=ORIENTED_EDGE('',*,*,#2195,.T.);
#1618=ORIENTED_EDGE('',*,*,#2180,.F.);
#1619=ORIENTED_EDGE('',*,*,#2186,.T.);
#1620=ORIENTED_EDGE('',*,*,#2197,.T.);
#1621=ORIENTED_EDGE('',*,*,#2185,.F.);
#1622=ORIENTED_EDGE('',*,*,#2174,.F.);
#1623=ORIENTED_EDGE('',*,*,#2184,.F.);
#1624=ORIENTED_EDGE('',*,*,#2189,.T.);
#1625=ORIENTED_EDGE('',*,*,#2173,.T.);
#1626=ORIENTED_EDGE('',*,*,#2188,.F.);
#1627=ORIENTED_EDGE('',*,*,#2172,.T.);
#1628=ORIENTED_EDGE('',*,*,#2191,.F.);
#1629=ORIENTED_EDGE('',*,*,#2190,.F.);
#1630=ORIENTED_EDGE('',*,*,#2191,.T.);
#1631=ORIENTED_EDGE('',*,*,#2176,.T.);
#1632=ORIENTED_EDGE('',*,*,#2193,.F.);
#1633=ORIENTED_EDGE('',*,*,#2192,.F.);
#1634=ORIENTED_EDGE('',*,*,#2193,.T.);
#1635=ORIENTED_EDGE('',*,*,#2175,.T.);
#1636=ORIENTED_EDGE('',*,*,#2184,.T.);
#1637=ORIENTED_EDGE('',*,*,#2182,.F.);
#1638=ORIENTED_EDGE('',*,*,#2195,.F.);
#1639=ORIENTED_EDGE('',*,*,#2194,.F.);
#1640=ORIENTED_EDGE('',*,*,#2186,.F.);
#1641=ORIENTED_EDGE('',*,*,#2183,.T.);
#1642=ORIENTED_EDGE('',*,*,#2185,.T.);
#1643=ORIENTED_EDGE('',*,*,#2181,.T.);
#1644=ORIENTED_EDGE('',*,*,#2189,.F.);
#1645=ORIENTED_EDGE('',*,*,#2196,.F.);
#1646=ORIENTED_EDGE('',*,*,#2214,.T.);
#1647=ORIENTED_EDGE('',*,*,#2199,.F.);
#1648=ORIENTED_EDGE('',*,*,#2205,.T.);
#1649=ORIENTED_EDGE('',*,*,#2216,.T.);
#1650=ORIENTED_EDGE('',*,*,#2203,.F.);
#1651=ORIENTED_EDGE('',*,*,#2198,.F.);
#1652=ORIENTED_EDGE('',*,*,#2218,.T.);
#1653=ORIENTED_EDGE('',*,*,#2204,.F.);
#1654=ORIENTED_EDGE('',*,*,#2202,.F.);
#1655=ORIENTED_EDGE('',*,*,#2203,.T.);
#1656=ORIENTED_EDGE('',*,*,#2206,.T.);
#1657=ORIENTED_EDGE('',*,*,#2208,.T.);
#1658=ORIENTED_EDGE('',*,*,#2200,.T.);
#1659=ORIENTED_EDGE('',*,*,#2209,.F.);
#1660=ORIENTED_EDGE('',*,*,#2220,.T.);
#1661=ORIENTED_EDGE('',*,*,#2213,.F.);
#1662=ORIENTED_EDGE('',*,*,#2201,.F.);
#1663=ORIENTED_EDGE('',*,*,#2204,.T.);
#1664=ORIENTED_EDGE('',*,*,#2222,.T.);
#1665=ORIENTED_EDGE('',*,*,#2205,.F.);
#1666=ORIENTED_EDGE('',*,*,#2207,.F.);
#1667=ORIENTED_EDGE('',*,*,#2223,.F.);
#1668=ORIENTED_EDGE('',*,*,#2213,.T.);
#1669=ORIENTED_EDGE('',*,*,#2221,.T.);
#1670=ORIENTED_EDGE('',*,*,#2206,.F.);
#1671=ORIENTED_EDGE('',*,*,#2212,.T.);
#1672=ORIENTED_EDGE('',*,*,#2223,.T.);
#1673=ORIENTED_EDGE('',*,*,#2211,.F.);
#1674=ORIENTED_EDGE('',*,*,#2200,.F.);
#1675=ORIENTED_EDGE('',*,*,#2210,.F.);
#1676=ORIENTED_EDGE('',*,*,#2215,.T.);
#1677=ORIENTED_EDGE('',*,*,#2199,.T.);
#1678=ORIENTED_EDGE('',*,*,#2214,.F.);
#1679=ORIENTED_EDGE('',*,*,#2198,.T.);
#1680=ORIENTED_EDGE('',*,*,#2217,.F.);
#1681=ORIENTED_EDGE('',*,*,#2216,.F.);
#1682=ORIENTED_EDGE('',*,*,#2217,.T.);
#1683=ORIENTED_EDGE('',*,*,#2202,.T.);
#1684=ORIENTED_EDGE('',*,*,#2219,.F.);
#1685=ORIENTED_EDGE('',*,*,#2218,.F.);
#1686=ORIENTED_EDGE('',*,*,#2219,.T.);
#1687=ORIENTED_EDGE('',*,*,#2201,.T.);
#1688=ORIENTED_EDGE('',*,*,#2210,.T.);
#1689=ORIENTED_EDGE('',*,*,#2208,.F.);
#1690=ORIENTED_EDGE('',*,*,#2221,.F.);
#1691=ORIENTED_EDGE('',*,*,#2220,.F.);
#1692=ORIENTED_EDGE('',*,*,#2212,.F.);
#1693=ORIENTED_EDGE('',*,*,#2209,.T.);
#1694=ORIENTED_EDGE('',*,*,#2211,.T.);
#1695=ORIENTED_EDGE('',*,*,#2207,.T.);
#1696=ORIENTED_EDGE('',*,*,#2215,.F.);
#1697=ORIENTED_EDGE('',*,*,#2222,.F.);
#1698=ORIENTED_EDGE('',*,*,#2240,.T.);
#1699=ORIENTED_EDGE('',*,*,#2225,.F.);
#1700=ORIENTED_EDGE('',*,*,#2231,.T.);
#1701=ORIENTED_EDGE('',*,*,#2242,.T.);
#1702=ORIENTED_EDGE('',*,*,#2229,.F.);
#1703=ORIENTED_EDGE('',*,*,#2224,.F.);
#1704=ORIENTED_EDGE('',*,*,#2244,.T.);
#1705=ORIENTED_EDGE('',*,*,#2230,.F.);
#1706=ORIENTED_EDGE('',*,*,#2228,.F.);
#1707=ORIENTED_EDGE('',*,*,#2229,.T.);
#1708=ORIENTED_EDGE('',*,*,#2232,.T.);
#1709=ORIENTED_EDGE('',*,*,#2234,.T.);
#1710=ORIENTED_EDGE('',*,*,#2226,.T.);
#1711=ORIENTED_EDGE('',*,*,#2235,.F.);
#1712=ORIENTED_EDGE('',*,*,#2246,.T.);
#1713=ORIENTED_EDGE('',*,*,#2239,.F.);
#1714=ORIENTED_EDGE('',*,*,#2227,.F.);
#1715=ORIENTED_EDGE('',*,*,#2230,.T.);
#1716=ORIENTED_EDGE('',*,*,#2248,.T.);
#1717=ORIENTED_EDGE('',*,*,#2231,.F.);
#1718=ORIENTED_EDGE('',*,*,#2233,.F.);
#1719=ORIENTED_EDGE('',*,*,#2249,.F.);
#1720=ORIENTED_EDGE('',*,*,#2239,.T.);
#1721=ORIENTED_EDGE('',*,*,#2247,.T.);
#1722=ORIENTED_EDGE('',*,*,#2232,.F.);
#1723=ORIENTED_EDGE('',*,*,#2238,.T.);
#1724=ORIENTED_EDGE('',*,*,#2249,.T.);
#1725=ORIENTED_EDGE('',*,*,#2237,.F.);
#1726=ORIENTED_EDGE('',*,*,#2226,.F.);
#1727=ORIENTED_EDGE('',*,*,#2236,.F.);
#1728=ORIENTED_EDGE('',*,*,#2241,.T.);
#1729=ORIENTED_EDGE('',*,*,#2225,.T.);
#1730=ORIENTED_EDGE('',*,*,#2240,.F.);
#1731=ORIENTED_EDGE('',*,*,#2224,.T.);
#1732=ORIENTED_EDGE('',*,*,#2243,.F.);
#1733=ORIENTED_EDGE('',*,*,#2242,.F.);
#1734=ORIENTED_EDGE('',*,*,#2243,.T.);
#1735=ORIENTED_EDGE('',*,*,#2228,.T.);
#1736=ORIENTED_EDGE('',*,*,#2245,.F.);
#1737=ORIENTED_EDGE('',*,*,#2244,.F.);
#1738=ORIENTED_EDGE('',*,*,#2245,.T.);
#1739=ORIENTED_EDGE('',*,*,#2227,.T.);
#1740=ORIENTED_EDGE('',*,*,#2236,.T.);
#1741=ORIENTED_EDGE('',*,*,#2234,.F.);
#1742=ORIENTED_EDGE('',*,*,#2247,.F.);
#1743=ORIENTED_EDGE('',*,*,#2246,.F.);
#1744=ORIENTED_EDGE('',*,*,#2238,.F.);
#1745=ORIENTED_EDGE('',*,*,#2235,.T.);
#1746=ORIENTED_EDGE('',*,*,#2237,.T.);
#1747=ORIENTED_EDGE('',*,*,#2233,.T.);
#1748=ORIENTED_EDGE('',*,*,#2241,.F.);
#1749=ORIENTED_EDGE('',*,*,#2248,.F.);
#1750=EDGE_CURVE('',#2904,#2905,#2595,.T.);
#1751=EDGE_CURVE('',#2906,#2905,#2596,.T.);
#1752=EDGE_CURVE('',#2907,#2906,#2597,.T.);
#1753=EDGE_CURVE('',#2904,#2907,#2598,.T.);
#1754=EDGE_CURVE('',#2908,#2904,#2599,.T.);
#1755=EDGE_CURVE('',#2909,#2907,#2600,.T.);
#1756=EDGE_CURVE('',#2908,#2909,#2601,.T.);
#1757=EDGE_CURVE('',#2910,#2908,#2602,.T.);
#1758=EDGE_CURVE('',#2911,#2909,#2603,.T.);
#1759=EDGE_CURVE('',#2910,#2911,#2604,.T.);
#1760=EDGE_CURVE('',#2912,#2910,#2605,.T.);
#1761=EDGE_CURVE('',#2913,#2911,#2606,.T.);
#1762=EDGE_CURVE('',#2912,#2913,#2607,.T.);
#1763=EDGE_CURVE('',#2914,#2912,#2608,.T.);
#1764=EDGE_CURVE('',#2915,#2913,#2609,.T.);
#1765=EDGE_CURVE('',#2914,#2915,#2610,.T.);
#1766=EDGE_CURVE('',#2916,#2914,#2611,.T.);
#1767=EDGE_CURVE('',#2917,#2915,#2612,.T.);
#1768=EDGE_CURVE('',#2916,#2917,#2613,.T.);
#1769=EDGE_CURVE('',#2918,#2916,#2614,.T.);
#1770=EDGE_CURVE('',#2919,#2917,#2615,.T.);
#1771=EDGE_CURVE('',#2918,#2919,#2616,.T.);
#1772=EDGE_CURVE('',#2906,#2919,#2617,.T.);
#1773=EDGE_CURVE('',#2905,#2918,#2618,.T.);
#1774=EDGE_CURVE('',#2920,#2921,#2619,.T.);
#1775=EDGE_CURVE('',#2922,#2923,#2620,.T.);
#1776=EDGE_CURVE('',#2921,#2922,#2621,.T.);
#1777=EDGE_CURVE('',#2923,#2920,#2622,.T.);
#1778=EDGE_CURVE('',#2921,#2924,#2623,.T.);
#1779=EDGE_CURVE('',#2924,#2925,#2624,.T.);
#1780=EDGE_CURVE('',#2925,#2922,#2625,.T.);
#1781=EDGE_CURVE('',#2924,#2926,#2626,.T.);
#1782=EDGE_CURVE('',#2927,#2925,#2627,.T.);
#1783=EDGE_CURVE('',#2926,#2927,#2628,.T.);
#1784=EDGE_CURVE('',#2923,#2927,#2629,.T.);
#1785=EDGE_CURVE('',#2926,#2920,#2630,.T.);
#1786=EDGE_CURVE('',#2928,#2929,#2631,.T.);
#1787=EDGE_CURVE('',#2930,#2929,#2632,.T.);
#1788=EDGE_CURVE('',#2931,#2930,#2633,.T.);
#1789=EDGE_CURVE('',#2928,#2931,#2634,.T.);
#1790=EDGE_CURVE('',#2932,#2928,#2635,.T.);
#1791=EDGE_CURVE('',#2933,#2931,#2636,.T.);
#1792=EDGE_CURVE('',#2932,#2933,#2637,.T.);
#1793=EDGE_CURVE('',#2934,#2932,#2638,.T.);
#1794=EDGE_CURVE('',#2935,#2933,#2639,.T.);
#1795=EDGE_CURVE('',#2934,#2935,#2640,.T.);
#1796=EDGE_CURVE('',#2936,#2934,#2641,.T.);
#1797=EDGE_CURVE('',#2937,#2935,#2642,.T.);
#1798=EDGE_CURVE('',#2936,#2937,#2643,.T.);
#1799=EDGE_CURVE('',#2938,#2936,#2644,.T.);
#1800=EDGE_CURVE('',#2939,#2937,#2645,.T.);
#1801=EDGE_CURVE('',#2938,#2939,#2646,.T.);
#1802=EDGE_CURVE('',#2940,#2938,#2647,.T.);
#1803=EDGE_CURVE('',#2941,#2939,#2648,.T.);
#1804=EDGE_CURVE('',#2940,#2941,#2649,.T.);
#1805=EDGE_CURVE('',#2942,#2940,#2650,.T.);
#1806=EDGE_CURVE('',#2943,#2941,#2651,.T.);
#1807=EDGE_CURVE('',#2942,#2943,#2652,.T.);
#1808=EDGE_CURVE('',#2944,#2942,#2653,.T.);
#1809=EDGE_CURVE('',#2945,#2943,#2654,.T.);
#1810=EDGE_CURVE('',#2944,#2945,#2655,.T.);
#1811=EDGE_CURVE('',#2946,#2944,#2656,.T.);
#1812=EDGE_CURVE('',#2947,#2945,#2657,.T.);
#1813=EDGE_CURVE('',#2946,#2947,#2658,.T.);
#1814=EDGE_CURVE('',#2948,#2946,#2659,.T.);
#1815=EDGE_CURVE('',#2949,#2947,#2660,.T.);
#1816=EDGE_CURVE('',#2948,#2949,#2661,.T.);
#1817=EDGE_CURVE('',#2929,#2948,#2662,.T.);
#1818=EDGE_CURVE('',#2930,#2949,#2663,.T.);
#1819=EDGE_CURVE('',#2950,#2951,#2664,.T.);
#1820=EDGE_CURVE('',#2952,#2951,#2665,.T.);
#1821=EDGE_CURVE('',#2953,#2952,#2666,.T.);
#1822=EDGE_CURVE('',#2950,#2953,#2667,.T.);
#1823=EDGE_CURVE('',#2954,#2950,#2668,.T.);
#1824=EDGE_CURVE('',#2955,#2953,#2669,.T.);
#1825=EDGE_CURVE('',#2954,#2955,#2670,.T.);
#1826=EDGE_CURVE('',#2956,#2954,#2671,.T.);
#1827=EDGE_CURVE('',#2957,#2955,#2672,.T.);
#1828=EDGE_CURVE('',#2956,#2957,#2673,.T.);
#1829=EDGE_CURVE('',#2958,#2956,#2674,.T.);
#1830=EDGE_CURVE('',#2959,#2957,#2675,.T.);
#1831=EDGE_CURVE('',#2958,#2959,#2676,.T.);
#1832=EDGE_CURVE('',#2960,#2958,#2677,.T.);
#1833=EDGE_CURVE('',#2961,#2959,#2678,.T.);
#1834=EDGE_CURVE('',#2960,#2961,#2679,.T.);
#1835=EDGE_CURVE('',#2962,#2960,#2680,.T.);
#1836=EDGE_CURVE('',#2963,#2961,#2681,.T.);
#1837=EDGE_CURVE('',#2962,#2963,#2682,.T.);
#1838=EDGE_CURVE('',#2964,#2962,#2683,.T.);
#1839=EDGE_CURVE('',#2965,#2963,#2684,.T.);
#1840=EDGE_CURVE('',#2964,#2965,#2685,.T.);
#1841=EDGE_CURVE('',#2966,#2964,#2686,.T.);
#1842=EDGE_CURVE('',#2967,#2965,#2687,.T.);
#1843=EDGE_CURVE('',#2966,#2967,#2688,.T.);
#1844=EDGE_CURVE('',#2968,#2966,#2689,.T.);
#1845=EDGE_CURVE('',#2969,#2967,#2690,.T.);
#1846=EDGE_CURVE('',#2968,#2969,#2691,.T.);
#1847=EDGE_CURVE('',#2970,#2968,#2692,.T.);
#1848=EDGE_CURVE('',#2971,#2969,#2693,.T.);
#1849=EDGE_CURVE('',#2970,#2971,#2694,.T.);
#1850=EDGE_CURVE('',#2972,#2970,#2695,.T.);
#1851=EDGE_CURVE('',#2973,#2971,#2696,.T.);
#1852=EDGE_CURVE('',#2972,#2973,#2697,.T.);
#1853=EDGE_CURVE('',#2951,#2972,#2698,.T.);
#1854=EDGE_CURVE('',#2952,#2973,#2699,.T.);
#1855=EDGE_CURVE('',#2974,#2975,#2700,.T.);
#1856=EDGE_CURVE('',#2976,#2975,#2701,.T.);
#1857=EDGE_CURVE('',#2977,#2976,#2702,.T.);
#1858=EDGE_CURVE('',#2974,#2977,#2703,.T.);
#1859=EDGE_CURVE('',#2978,#2974,#2704,.T.);
#1860=EDGE_CURVE('',#2979,#2977,#2705,.T.);
#1861=EDGE_CURVE('',#2978,#2979,#2706,.T.);
#1862=EDGE_CURVE('',#2980,#2978,#2707,.T.);
#1863=EDGE_CURVE('',#2981,#2979,#2708,.T.);
#1864=EDGE_CURVE('',#2980,#2981,#2709,.T.);
#1865=EDGE_CURVE('',#2975,#2980,#2710,.T.);
#1866=EDGE_CURVE('',#2976,#2981,#2711,.T.);
#1867=EDGE_CURVE('',#2982,#2983,#2712,.T.);
#1868=EDGE_CURVE('',#2984,#2983,#2713,.T.);
#1869=EDGE_CURVE('',#2985,#2984,#2714,.T.);
#1870=EDGE_CURVE('',#2982,#2985,#2715,.T.);
#1871=EDGE_CURVE('',#2986,#2982,#2716,.T.);
#1872=EDGE_CURVE('',#2987,#2985,#2717,.T.);
#1873=EDGE_CURVE('',#2986,#2987,#2718,.T.);
#1874=EDGE_CURVE('',#2988,#2986,#2719,.T.);
#1875=EDGE_CURVE('',#2989,#2987,#2720,.T.);
#1876=EDGE_CURVE('',#2988,#2989,#2721,.T.);
#1877=EDGE_CURVE('',#2990,#2988,#2722,.T.);
#1878=EDGE_CURVE('',#2991,#2989,#2723,.T.);
#1879=EDGE_CURVE('',#2990,#2991,#2724,.T.);
#1880=EDGE_CURVE('',#2992,#2990,#2725,.T.);
#1881=EDGE_CURVE('',#2993,#2991,#2726,.T.);
#1882=EDGE_CURVE('',#2992,#2993,#2727,.T.);
#1883=EDGE_CURVE('',#2994,#2992,#2728,.T.);
#1884=EDGE_CURVE('',#2995,#2993,#2729,.T.);
#1885=EDGE_CURVE('',#2994,#2995,#2730,.T.);
#1886=EDGE_CURVE('',#2996,#2994,#2731,.T.);
#1887=EDGE_CURVE('',#2997,#2995,#2732,.T.);
#1888=EDGE_CURVE('',#2996,#2997,#2733,.T.);
#1889=EDGE_CURVE('',#2998,#2996,#2734,.T.);
#1890=EDGE_CURVE('',#2999,#2997,#2735,.T.);
#1891=EDGE_CURVE('',#2998,#2999,#2736,.T.);
#1892=EDGE_CURVE('',#3000,#2998,#2737,.T.);
#1893=EDGE_CURVE('',#3001,#2999,#2738,.T.);
#1894=EDGE_CURVE('',#3000,#3001,#2739,.T.);
#1895=EDGE_CURVE('',#2983,#3000,#2740,.T.);
#1896=EDGE_CURVE('',#2984,#3001,#2741,.T.);
#1897=EDGE_CURVE('',#3002,#3003,#2742,.T.);
#1898=EDGE_CURVE('',#3004,#3003,#2743,.T.);
#1899=EDGE_CURVE('',#3005,#3004,#2744,.T.);
#1900=EDGE_CURVE('',#3002,#3005,#2745,.T.);
#1901=EDGE_CURVE('',#3006,#3002,#2281,.T.);
#1902=EDGE_CURVE('',#3007,#3005,#2282,.T.);
#1903=EDGE_CURVE('',#3006,#3007,#2746,.T.);
#1904=EDGE_CURVE('',#3008,#3006,#2747,.T.);
#1905=EDGE_CURVE('',#3009,#3007,#2748,.T.);
#1906=EDGE_CURVE('',#3008,#3009,#2749,.T.);
#1907=EDGE_CURVE('',#3010,#3008,#2283,.T.);
#1908=EDGE_CURVE('',#3011,#3009,#2284,.T.);
#1909=EDGE_CURVE('',#3010,#3011,#2750,.T.);
#1910=EDGE_CURVE('',#3012,#3010,#2751,.T.);
#1911=EDGE_CURVE('',#3013,#3011,#2752,.T.);
#1912=EDGE_CURVE('',#3012,#3013,#2753,.T.);
#1913=EDGE_CURVE('',#3014,#3012,#2754,.T.);
#1914=EDGE_CURVE('',#3015,#3013,#2755,.T.);
#1915=EDGE_CURVE('',#3014,#3015,#2756,.T.);
#1916=EDGE_CURVE('',#3016,#3014,#2757,.T.);
#1917=EDGE_CURVE('',#3017,#3015,#2758,.T.);
#1918=EDGE_CURVE('',#3016,#3017,#2759,.T.);
#1919=EDGE_CURVE('',#3018,#3016,#2285,.T.);
#1920=EDGE_CURVE('',#3017,#3019,#2286,.T.);
#1921=EDGE_CURVE('',#3019,#3018,#2760,.T.);
#1922=EDGE_CURVE('',#3020,#3018,#2761,.T.);
#1923=EDGE_CURVE('',#3021,#3019,#2762,.T.);
#1924=EDGE_CURVE('',#3020,#3021,#2763,.T.);
#1925=EDGE_CURVE('',#3022,#3020,#2287,.T.);
#1926=EDGE_CURVE('',#3021,#3023,#2288,.T.);
#1927=EDGE_CURVE('',#3023,#3022,#2764,.T.);
#1928=EDGE_CURVE('',#3024,#3022,#2765,.T.);
#1929=EDGE_CURVE('',#3025,#3023,#2766,.T.);
#1930=EDGE_CURVE('',#3024,#3025,#2767,.T.);
#1931=EDGE_CURVE('',#3003,#3024,#2768,.T.);
#1932=EDGE_CURVE('',#3004,#3025,#2769,.T.);
#1933=EDGE_CURVE('',#3026,#3027,#2770,.T.);
#1934=EDGE_CURVE('',#3028,#3027,#2771,.T.);
#1935=EDGE_CURVE('',#3029,#3028,#2772,.T.);
#1936=EDGE_CURVE('',#3026,#3029,#2773,.T.);
#1937=EDGE_CURVE('',#3030,#3026,#2774,.T.);
#1938=EDGE_CURVE('',#3031,#3029,#2775,.T.);
#1939=EDGE_CURVE('',#3030,#3031,#2776,.T.);
#1940=EDGE_CURVE('',#3032,#3030,#2777,.T.);
#1941=EDGE_CURVE('',#3033,#3031,#2778,.T.);
#1942=EDGE_CURVE('',#3032,#3033,#2779,.T.);
#1943=EDGE_CURVE('',#3034,#3032,#2780,.T.);
#1944=EDGE_CURVE('',#3035,#3033,#2781,.T.);
#1945=EDGE_CURVE('',#3034,#3035,#2782,.T.);
#1946=EDGE_CURVE('',#3036,#3034,#2783,.T.);
#1947=EDGE_CURVE('',#3037,#3035,#2784,.T.);
#1948=EDGE_CURVE('',#3036,#3037,#2785,.T.);
#1949=EDGE_CURVE('',#3038,#3036,#2786,.T.);
#1950=EDGE_CURVE('',#3039,#3037,#2787,.T.);
#1951=EDGE_CURVE('',#3038,#3039,#2788,.T.);
#1952=EDGE_CURVE('',#3040,#3038,#2789,.T.);
#1953=EDGE_CURVE('',#3041,#3039,#2790,.T.);
#1954=EDGE_CURVE('',#3040,#3041,#2791,.T.);
#1955=EDGE_CURVE('',#3027,#3040,#2792,.T.);
#1956=EDGE_CURVE('',#3028,#3041,#2793,.T.);
#1957=EDGE_CURVE('',#3044,#3045,#2289,.T.);
#1958=EDGE_CURVE('',#3045,#3042,#2794,.T.);
#1959=EDGE_CURVE('',#3042,#3043,#2290,.T.);
#1960=EDGE_CURVE('',#3043,#3044,#2795,.T.);
#1961=EDGE_CURVE('',#3047,#3046,#2291,.T.);
#1962=EDGE_CURVE('',#3047,#3045,#2796,.T.);
#1963=EDGE_CURVE('',#3044,#3046,#2797,.T.);
#1964=EDGE_CURVE('',#3046,#3047,#2292,.T.);
#1965=EDGE_CURVE('',#3044,#3045,#2293,.T.);
#1966=EDGE_CURVE('',#3043,#3042,#2294,.T.);
#1967=EDGE_CURVE('',#3050,#3051,#2295,.T.);
#1968=EDGE_CURVE('',#3051,#3048,#2798,.T.);
#1969=EDGE_CURVE('',#3048,#3049,#2296,.T.);
#1970=EDGE_CURVE('',#3049,#3050,#2799,.T.);
#1971=EDGE_CURVE('',#3053,#3052,#2297,.T.);
#1972=EDGE_CURVE('',#3050,#3052,#2800,.T.);
#1973=EDGE_CURVE('',#3053,#3051,#2801,.T.);
#1974=EDGE_CURVE('',#3052,#3053,#2298,.T.);
#1975=EDGE_CURVE('',#3050,#3051,#2299,.T.);
#1976=EDGE_CURVE('',#3049,#3048,#2300,.T.);
#1977=EDGE_CURVE('',#3054,#3056,#2802,.T.);
#1978=EDGE_CURVE('',#3054,#3055,#2301,.T.);
#1979=EDGE_CURVE('',#3056,#3057,#2302,.T.);
#1980=EDGE_CURVE('',#3057,#3055,#2803,.T.);
#1981=EDGE_CURVE('',#3055,#3054,#2303,.T.);
#1982=EDGE_CURVE('',#3057,#3056,#2304,.T.);
#1983=EDGE_CURVE('',#3059,#3062,#2305,.T.);
#1984=EDGE_CURVE('',#3061,#3060,#2306,.T.);
#1985=EDGE_CURVE('',#3063,#3063,#2461,.T.);
#1986=EDGE_CURVE('',#3064,#3064,#2462,.T.);
#1987=EDGE_CURVE('',#3065,#3065,#2463,.T.);
#1988=EDGE_CURVE('',#3066,#3067,#2307,.T.);
#1989=EDGE_CURVE('',#3067,#3069,#2804,.T.);
#1990=EDGE_CURVE('',#3068,#3066,#2805,.T.);
#1991=EDGE_CURVE('',#3068,#3069,#2308,.T.);
#1992=EDGE_CURVE('',#3067,#3066,#2309,.T.);
#1993=EDGE_CURVE('',#3069,#3068,#2310,.T.);
#1994=EDGE_CURVE('',#3070,#3073,#2311,.T.);
#1995=EDGE_CURVE('',#3074,#3070,#2312,.T.);
#1996=EDGE_CURVE('',#3073,#3074,#2313,.T.);
#1997=EDGE_CURVE('',#3071,#3072,#2314,.T.);
#1998=EDGE_CURVE('',#3068,#3071,#2250,.T.);
#1999=EDGE_CURVE('',#3072,#3069,#2251,.T.);
#2000=EDGE_CURVE('',#3072,#3071,#2315,.T.);
#2001=EDGE_CURVE('',#3060,#3059,#2316,.T.);
#2002=EDGE_CURVE('',#3075,#3076,#2317,.T.);
#2003=EDGE_CURVE('',#3059,#3077,#2252,.T.);
#2004=EDGE_CURVE('',#3078,#3060,#2253,.T.);
#2005=EDGE_CURVE('',#3077,#3076,#2254,.T.);
#2006=EDGE_CURVE('',#3075,#3078,#2255,.T.);
#2007=EDGE_CURVE('',#3058,#3061,#2318,.T.);
#2008=EDGE_CURVE('',#3058,#3079,#2806,.T.);
#2009=EDGE_CURVE('',#3079,#3080,#2319,.T.);
#2010=EDGE_CURVE('',#3080,#3061,#2807,.T.);
#2011=EDGE_CURVE('',#3062,#3058,#2320,.T.);
#2012=EDGE_CURVE('',#3062,#3081,#2808,.T.);
#2013=EDGE_CURVE('',#3081,#3079,#2321,.T.);
#2014=EDGE_CURVE('',#3070,#3079,#2322,.T.);
#2015=EDGE_CURVE('',#3073,#3080,#2256,.T.);
#2016=EDGE_CURVE('',#3081,#3074,#2257,.T.);
#2017=EDGE_CURVE('',#3077,#3081,#2323,.T.);
#2018=EDGE_CURVE('',#3080,#3078,#2324,.T.);
#2019=EDGE_CURVE('',#3076,#3074,#2258,.T.);
#2020=EDGE_CURVE('',#3073,#3075,#2259,.T.);
#2021=EDGE_CURVE('',#3086,#3085,#2809,.T.);
#2022=EDGE_CURVE('',#3082,#3089,#2810,.T.);
#2023=EDGE_CURVE('',#3084,#3088,#2811,.T.);
#2024=EDGE_CURVE('',#3087,#3083,#2812,.T.);
#2025=EDGE_CURVE('',#3091,#3092,#2813,.T.);
#2026=EDGE_CURVE('',#3083,#3092,#2325,.T.);
#2027=EDGE_CURVE('',#3091,#3087,#2326,.T.);
#2028=EDGE_CURVE('',#3093,#3094,#2814,.T.);
#2029=EDGE_CURVE('',#3088,#3094,#2327,.T.);
#2030=EDGE_CURVE('',#3084,#3093,#2328,.T.);
#2031=EDGE_CURVE('',#3095,#3096,#2815,.T.);
#2032=EDGE_CURVE('',#3085,#3096,#2329,.T.);
#2033=EDGE_CURVE('',#3095,#3086,#2330,.T.);
#2034=EDGE_CURVE('',#3097,#3098,#2816,.T.);
#2035=EDGE_CURVE('',#3089,#3098,#2331,.T.);
#2036=EDGE_CURVE('',#3097,#3082,#2332,.T.);
#2037=EDGE_CURVE('',#3097,#3092,#2333,.T.);
#2038=EDGE_CURVE('',#3082,#3083,#2334,.T.);
#2039=EDGE_CURVE('',#3095,#3098,#2335,.T.);
#2040=EDGE_CURVE('',#3086,#3089,#2336,.T.);
#2041=EDGE_CURVE('',#3093,#3096,#2337,.T.);
#2042=EDGE_CURVE('',#3084,#3085,#2338,.T.);
#2043=EDGE_CURVE('',#3091,#3094,#2339,.T.);
#2044=EDGE_CURVE('',#3087,#3088,#2340,.T.);
#2045=EDGE_CURVE('',#3099,#3100,#2341,.T.);
#2046=EDGE_CURVE('',#3100,#3092,#2817,.T.);
#2047=EDGE_CURVE('',#3099,#3097,#2818,.T.);
#2048=EDGE_CURVE('',#3101,#3102,#2342,.T.);
#2049=EDGE_CURVE('',#3102,#3098,#2819,.T.);
#2050=EDGE_CURVE('',#3101,#3095,#2820,.T.);
#2051=EDGE_CURVE('',#3103,#3104,#2343,.T.);
#2052=EDGE_CURVE('',#3104,#3096,#2821,.T.);
#2053=EDGE_CURVE('',#3103,#3093,#2822,.T.);
#2054=EDGE_CURVE('',#3091,#3105,#2823,.T.);
#2055=EDGE_CURVE('',#3105,#3106,#2344,.T.);
#2056=EDGE_CURVE('',#3106,#3094,#2824,.T.);
#2057=EDGE_CURVE('',#3107,#3108,#2825,.T.);
#2058=EDGE_CURVE('',#3109,#3110,#2826,.T.);
#2059=EDGE_CURVE('',#3111,#3112,#2827,.T.);
#2060=EDGE_CURVE('',#3114,#3113,#2828,.T.);
#2061=EDGE_CURVE('',#3100,#3105,#2829,.T.);
#2062=EDGE_CURVE('',#3102,#3099,#2830,.T.);
#2063=EDGE_CURVE('',#3104,#3101,#2831,.T.);
#2064=EDGE_CURVE('',#3106,#3103,#2832,.T.);
#2065=EDGE_CURVE('',#3114,#3100,#2345,.T.);
#2066=EDGE_CURVE('',#3105,#3113,#2346,.T.);
#2067=EDGE_CURVE('',#3108,#3114,#2347,.T.);
#2068=EDGE_CURVE('',#3099,#3108,#2348,.T.);
#2069=EDGE_CURVE('',#3107,#3102,#2349,.T.);
#2070=EDGE_CURVE('',#3112,#3107,#2350,.T.);
#2071=EDGE_CURVE('',#3112,#3101,#2351,.T.);
#2072=EDGE_CURVE('',#3104,#3111,#2352,.T.);
#2073=EDGE_CURVE('',#3110,#3111,#2353,.T.);
#2074=EDGE_CURVE('',#3110,#3103,#2354,.T.);
#2075=EDGE_CURVE('',#3109,#3106,#2355,.T.);
#2076=EDGE_CURVE('',#3113,#3109,#2356,.T.);
#2077=EDGE_CURVE('',#3115,#3170,#2357,.T.);
#2078=EDGE_CURVE('',#3115,#3116,#2833,.T.);
#2079=EDGE_CURVE('',#3116,#3171,#2358,.T.);
#2080=EDGE_CURVE('',#3118,#3117,#2260,.T.);
#2081=EDGE_CURVE('',#3120,#3120,#2516,.T.);
#2082=EDGE_CURVE('',#3121,#3121,#2517,.T.);
#2083=EDGE_CURVE('',#3122,#3122,#2518,.T.);
#2084=EDGE_CURVE('',#3118,#3056,#2261,.T.);
#2085=EDGE_CURVE('',#3057,#3117,#2262,.T.);
#2086=EDGE_CURVE('',#3117,#3118,#2263,.T.);
#2087=EDGE_CURVE('',#3116,#3119,#2359,.T.);
#2088=EDGE_CURVE('',#3119,#3172,#2360,.T.);
#2089=EDGE_CURVE('',#3090,#3173,#2361,.T.);
#2090=EDGE_CURVE('',#3090,#3123,#2834,.T.);
#2091=EDGE_CURVE('',#3123,#3174,#2362,.T.);
#2092=EDGE_CURVE('',#3136,#3135,#2835,.T.);
#2093=EDGE_CURVE('',#3138,#3137,#2836,.T.);
#2094=EDGE_CURVE('',#3148,#3153,#2363,.T.);
#2095=EDGE_CURVE('',#3153,#3152,#2364,.T.);
#2096=EDGE_CURVE('',#3151,#3144,#2837,.T.);
#2097=EDGE_CURVE('',#3152,#3151,#2838,.T.);
#2098=EDGE_CURVE('',#3151,#3150,#2365,.T.);
#2099=EDGE_CURVE('',#3149,#3142,#2839,.T.);
#2100=EDGE_CURVE('',#3150,#3149,#2840,.T.);
#2101=EDGE_CURVE('',#3147,#3141,#2841,.T.);
#2102=EDGE_CURVE('',#3149,#3147,#2366,.T.);
#2103=EDGE_CURVE('',#3147,#3148,#2367,.T.);
#2104=EDGE_CURVE('',#3140,#3146,#2368,.T.);
#2105=EDGE_CURVE('',#3146,#3145,#2369,.T.);
#2106=EDGE_CURVE('',#3145,#3144,#2842,.T.);
#2107=EDGE_CURVE('',#3143,#3144,#2370,.T.);
#2108=EDGE_CURVE('',#3143,#3142,#2843,.T.);
#2109=EDGE_CURVE('',#3141,#3142,#2371,.T.);
#2110=EDGE_CURVE('',#3140,#3141,#2372,.T.);
#2111=EDGE_CURVE('',#3140,#3148,#2844,.T.);
#2112=EDGE_CURVE('',#3146,#3153,#2845,.T.);
#2113=EDGE_CURVE('',#3145,#3152,#2846,.T.);
#2114=EDGE_CURVE('',#3143,#3150,#2847,.T.);
#2115=EDGE_CURVE('',#3158,#3157,#2848,.T.);
#2116=EDGE_CURVE('',#3160,#3159,#2849,.T.);
#2117=EDGE_CURVE('',#3155,#3161,#2373,.T.);
#2118=EDGE_CURVE('',#3161,#3160,#2374,.T.);
#2119=EDGE_CURVE('',#3159,#3137,#2850,.T.);
#2120=EDGE_CURVE('',#3159,#3158,#2375,.T.);
#2121=EDGE_CURVE('',#3156,#3134,#2851,.T.);
#2122=EDGE_CURVE('',#3157,#3156,#2376,.T.);
#2123=EDGE_CURVE('',#3154,#3133,#2852,.T.);
#2124=EDGE_CURVE('',#3156,#3154,#2377,.T.);
#2125=EDGE_CURVE('',#3154,#3155,#2378,.T.);
#2126=EDGE_CURVE('',#3132,#3139,#2379,.T.);
#2127=EDGE_CURVE('',#3139,#3138,#2380,.T.);
#2128=EDGE_CURVE('',#3136,#3137,#2381,.T.);
#2129=EDGE_CURVE('',#3135,#3134,#2382,.T.);
#2130=EDGE_CURVE('',#3133,#3134,#2383,.T.);
#2131=EDGE_CURVE('',#3132,#3133,#2384,.T.);
#2132=EDGE_CURVE('',#3132,#3155,#2853,.T.);
#2133=EDGE_CURVE('',#3139,#3161,#2854,.T.);
#2134=EDGE_CURVE('',#3138,#3160,#2855,.T.);
#2135=EDGE_CURVE('',#3136,#3158,#2856,.T.);
#2136=EDGE_CURVE('',#3135,#3157,#2857,.T.);
#2137=EDGE_CURVE('',#3167,#3130,#2858,.T.);
#2138=EDGE_CURVE('',#3168,#3131,#2859,.T.);
#2139=EDGE_CURVE('',#3168,#3167,#2385,.T.);
#2140=EDGE_CURVE('',#3163,#3125,#2860,.T.);
#2141=EDGE_CURVE('',#3163,#3168,#2386,.T.);
#2142=EDGE_CURVE('',#3167,#3166,#2387,.T.);
#2143=EDGE_CURVE('',#3166,#3165,#2388,.T.);
#2144=EDGE_CURVE('',#3164,#3127,#2861,.T.);
#2145=EDGE_CURVE('',#3165,#3164,#2862,.T.);
#2146=EDGE_CURVE('',#3164,#3162,#2389,.T.);
#2147=EDGE_CURVE('',#3162,#3163,#2863,.T.);
#2148=EDGE_CURVE('',#3125,#3131,#2390,.T.);
#2149=EDGE_CURVE('',#3130,#3131,#2391,.T.);
#2150=EDGE_CURVE('',#3129,#3130,#2392,.T.);
#2151=EDGE_CURVE('',#3129,#3128,#2393,.T.);
#2152=EDGE_CURVE('',#3128,#3127,#2864,.T.);
#2153=EDGE_CURVE('',#3126,#3127,#2394,.T.);
#2154=EDGE_CURVE('',#3126,#3125,#2865,.T.);
#2155=EDGE_CURVE('',#3129,#3166,#2866,.T.);
#2156=EDGE_CURVE('',#3128,#3165,#2867,.T.);
#2157=EDGE_CURVE('',#3126,#3162,#2868,.T.);
#2158=EDGE_CURVE('',#3169,#3124,#2264,.T.);
#2159=EDGE_CURVE('',#3124,#3176,#2395,.T.);
#2160=EDGE_CURVE('',#3169,#3175,#2396,.T.);
#2161=EDGE_CURVE('',#3170,#3171,#2869,.T.);
#2162=EDGE_CURVE('',#3170,#3115,#2397,.T.);
#2163=EDGE_CURVE('',#3171,#3116,#2398,.T.);
#2164=EDGE_CURVE('',#3171,#3172,#2399,.T.);
#2165=EDGE_CURVE('',#3172,#3119,#2400,.T.);
#2166=EDGE_CURVE('',#3173,#3174,#2870,.T.);
#2167=EDGE_CURVE('',#3173,#3090,#2401,.T.);
#2168=EDGE_CURVE('',#3174,#3123,#2402,.T.);
#2169=EDGE_CURVE('',#3175,#3176,#2265,.T.);
#2170=EDGE_CURVE('',#3176,#3124,#2403,.T.);
#2171=EDGE_CURVE('',#3175,#3169,#2404,.T.);
#2172=EDGE_CURVE('',#3177,#3183,#2266,.T.);
#2173=EDGE_CURVE('',#3179,#3178,#2871,.T.);
#2174=EDGE_CURVE('',#3181,#3180,#2872,.T.);
#2175=EDGE_CURVE('',#3182,#3184,#2873,.T.);
#2176=EDGE_CURVE('',#3183,#3182,#2874,.T.);
#2177=EDGE_CURVE('',#3183,#3189,#2405,.T.);
#2178=EDGE_CURVE('',#3182,#3190,#2406,.T.);
#2179=EDGE_CURVE('',#3179,#3188,#2407,.T.);
#2180=EDGE_CURVE('',#3186,#3185,#2267,.T.);
#2181=EDGE_CURVE('',#3187,#3179,#2875,.T.);
#2182=EDGE_CURVE('',#3185,#3181,#2408,.T.);
#2183=EDGE_CURVE('',#3186,#3180,#2409,.T.);
#2184=EDGE_CURVE('',#3184,#3181,#2876,.T.);
#2185=EDGE_CURVE('',#3180,#3187,#2877,.T.);
#2186=EDGE_CURVE('',#3186,#3192,#2410,.T.);
#2187=EDGE_CURVE('',#3184,#3191,#2268,.T.);
#2188=EDGE_CURVE('',#3188,#3178,#2878,.T.);
#2189=EDGE_CURVE('',#3188,#3179,#2411,.T.);
#2190=EDGE_CURVE('',#3177,#3189,#2269,.T.);
#2191=EDGE_CURVE('',#3189,#3183,#2412,.T.);
#2192=EDGE_CURVE('',#3189,#3190,#2879,.T.);
#2193=EDGE_CURVE('',#3190,#3182,#2413,.T.);
#2194=EDGE_CURVE('',#3190,#3191,#2880,.T.);
#2195=EDGE_CURVE('',#3191,#3185,#2414,.T.);
#2196=EDGE_CURVE('',#3192,#3188,#2881,.T.);
#2197=EDGE_CURVE('',#3192,#3187,#2270,.T.);
#2198=EDGE_CURVE('',#3193,#3199,#2271,.T.);
#2199=EDGE_CURVE('',#3195,#3194,#2882,.T.);
#2200=EDGE_CURVE('',#3197,#3196,#2883,.T.);
#2201=EDGE_CURVE('',#3198,#3200,#2884,.T.);
#2202=EDGE_CURVE('',#3199,#3198,#2885,.T.);
#2203=EDGE_CURVE('',#3199,#3205,#2415,.T.);
#2204=EDGE_CURVE('',#3198,#3206,#2416,.T.);
#2205=EDGE_CURVE('',#3195,#3204,#2417,.T.);
#2206=EDGE_CURVE('',#3202,#3201,#2272,.T.);
#2207=EDGE_CURVE('',#3203,#3195,#2886,.T.);
#2208=EDGE_CURVE('',#3201,#3197,#2418,.T.);
#2209=EDGE_CURVE('',#3202,#3196,#2419,.T.);
#2210=EDGE_CURVE('',#3200,#3197,#2887,.T.);
#2211=EDGE_CURVE('',#3196,#3203,#2888,.T.);
#2212=EDGE_CURVE('',#3202,#3208,#2420,.T.);
#2213=EDGE_CURVE('',#3200,#3207,#2273,.T.);
#2214=EDGE_CURVE('',#3204,#3194,#2889,.T.);
#2215=EDGE_CURVE('',#3204,#3195,#2421,.T.);
#2216=EDGE_CURVE('',#3193,#3205,#2274,.T.);
#2217=EDGE_CURVE('',#3205,#3199,#2422,.T.);
#2218=EDGE_CURVE('',#3205,#3206,#2890,.T.);
#2219=EDGE_CURVE('',#3206,#3198,#2423,.T.);
#2220=EDGE_CURVE('',#3206,#3207,#2891,.T.);
#2221=EDGE_CURVE('',#3207,#3201,#2424,.T.);
#2222=EDGE_CURVE('',#3208,#3204,#2892,.T.);
#2223=EDGE_CURVE('',#3208,#3203,#2275,.T.);
#2224=EDGE_CURVE('',#3209,#3215,#2276,.T.);
#2225=EDGE_CURVE('',#3211,#3210,#2893,.T.);
#2226=EDGE_CURVE('',#3213,#3212,#2894,.T.);
#2227=EDGE_CURVE('',#3214,#3216,#2895,.T.);
#2228=EDGE_CURVE('',#3215,#3214,#2896,.T.);
#2229=EDGE_CURVE('',#3215,#3221,#2425,.T.);
#2230=EDGE_CURVE('',#3214,#3222,#2426,.T.);
#2231=EDGE_CURVE('',#3211,#3220,#2427,.T.);
#2232=EDGE_CURVE('',#3218,#3217,#2277,.T.);
#2233=EDGE_CURVE('',#3219,#3211,#2897,.T.);
#2234=EDGE_CURVE('',#3217,#3213,#2428,.T.);
#2235=EDGE_CURVE('',#3218,#3212,#2429,.T.);
#2236=EDGE_CURVE('',#3216,#3213,#2898,.T.);
#2237=EDGE_CURVE('',#3212,#3219,#2899,.T.);
#2238=EDGE_CURVE('',#3218,#3224,#2430,.T.);
#2239=EDGE_CURVE('',#3216,#3223,#2278,.T.);
#2240=EDGE_CURVE('',#3220,#3210,#2900,.T.);
#2241=EDGE_CURVE('',#3220,#3211,#2431,.T.);
#2242=EDGE_CURVE('',#3209,#3221,#2279,.T.);
#2243=EDGE_CURVE('',#3221,#3215,#2432,.T.);
#2244=EDGE_CURVE('',#3221,#3222,#2901,.T.);
#2245=EDGE_CURVE('',#3222,#3214,#2433,.T.);
#2246=EDGE_CURVE('',#3222,#3223,#2902,.T.);
#2247=EDGE_CURVE('',#3223,#3217,#2434,.T.);
#2248=EDGE_CURVE('',#3224,#3220,#2903,.T.);
#2249=EDGE_CURVE('',#3224,#3219,#2280,.T.);
#2250=(
BOUNDED_CURVE()
B_SPLINE_CURVE(2,(#5646,#5647,#5648),.UNSPECIFIED.,.F.,.F.)
B_SPLINE_CURVE_WITH_KNOTS((3,3),(0.,0.0125663707175352),.UNSPECIFIED.)
CURVE()
GEOMETRIC_REPRESENTATION_ITEM()
RATIONAL_B_SPLINE_CURVE((1.,0.707106780861285,1.))
REPRESENTATION_ITEM('')
);
#2251=(
BOUNDED_CURVE()
B_SPLINE_CURVE(2,(#5649,#5650,#5651),.UNSPECIFIED.,.F.,.F.)
B_SPLINE_CURVE_WITH_KNOTS((3,3),(-0.0125663707175352,0.),.UNSPECIFIED.)
CURVE()
GEOMETRIC_REPRESENTATION_ITEM()
RATIONAL_B_SPLINE_CURVE((1.,0.707106780861285,1.))
REPRESENTATION_ITEM('')
);
#2252=(
BOUNDED_CURVE()
B_SPLINE_CURVE(1,(#5661,#5662),.UNSPECIFIED.,.F.,.F.)
B_SPLINE_CURVE_WITH_KNOTS((2,2),(8.55218673656566E-16,0.562866141732297),
 .UNSPECIFIED.)
CURVE()
GEOMETRIC_REPRESENTATION_ITEM()
RATIONAL_B_SPLINE_CURVE((1.,1.))
REPRESENTATION_ITEM('')
);
#2253=(
BOUNDED_CURVE()
B_SPLINE_CURVE(1,(#5663,#5664),.UNSPECIFIED.,.F.,.F.)
B_SPLINE_CURVE_WITH_KNOTS((2,2),(2.70616862252382E-16,0.562866141732296),
 .UNSPECIFIED.)
CURVE()
GEOMETRIC_REPRESENTATION_ITEM()
RATIONAL_B_SPLINE_CURVE((1.,1.))
REPRESENTATION_ITEM('')
);
#2254=(
BOUNDED_CURVE()
B_SPLINE_CURVE(3,(#5665,#5666,#5667,#5668,#5669,#5670,#5671),
 .UNSPECIFIED.,.F.,.F.)
B_SPLINE_CURVE_WITH_KNOTS((4,1,1,1,4),(-8.44810332800705E-16,0.00181036311015205,
0.00383884571028889,0.00606700891351357,0.00838911427954479),
 .UNSPECIFIED.)
CURVE()
GEOMETRIC_REPRESENTATION_ITEM()
RATIONAL_B_SPLINE_CURVE((1.,0.999999999999999,1.,1.,0.999999999999999,1.,
1.))
REPRESENTATION_ITEM('')
);
#2255=(
BOUNDED_CURVE()
B_SPLINE_CURVE(3,(#5672,#5673,#5674,#5675,#5676,#5677,#5678),
 .UNSPECIFIED.,.F.,.F.)
B_SPLINE_CURVE_WITH_KNOTS((4,1,1,1,4),(0.00170901016835831,0.00403032879777022,
0.00625793726980965,0.0082862697959241,0.0100966109312848),
 .UNSPECIFIED.)
CURVE()
GEOMETRIC_REPRESENTATION_ITEM()
RATIONAL_B_SPLINE_CURVE((1.,1.,0.999999999999997,0.999999999999998,1.,0.999999999999999,
1.))
REPRESENTATION_ITEM('')
);
#2256=(
BOUNDED_CURVE()
B_SPLINE_CURVE(3,(#5700,#5701,#5702,#5703,#5704,#5705,#5706),
 .UNSPECIFIED.,.F.,.F.)
B_SPLINE_CURVE_WITH_KNOTS((4,1,1,1,4),(0.00170901016835831,0.00403032879777022,
0.00625793726980966,0.0082862697959241,0.0100966109312848),
 .UNSPECIFIED.)
CURVE()
GEOMETRIC_REPRESENTATION_ITEM()
RATIONAL_B_SPLINE_CURVE((1.,1.,0.999999999999997,0.999999999999998,1.,0.999999999999999,
1.))
REPRESENTATION_ITEM('')
);
#2257=(
BOUNDED_CURVE()
B_SPLINE_CURVE(3,(#5707,#5708,#5709,#5710,#5711,#5712,#5713),
 .UNSPECIFIED.,.F.,.F.)
B_SPLINE_CURVE_WITH_KNOTS((4,1,1,1,4),(-8.43075609324728E-16,0.00181036311015205,
0.00383884571028889,0.00606700891351357,0.00838911427954479),
 .UNSPECIFIED.)
CURVE()
GEOMETRIC_REPRESENTATION_ITEM()
RATIONAL_B_SPLINE_CURVE((1.,0.999999999999999,1.,1.,0.999999999999999,1.,
1.))
REPRESENTATION_ITEM('')
);
#2258=(
BOUNDED_CURVE()
B_SPLINE_CURVE(2,(#5720,#5721,#5722),.UNSPECIFIED.,.F.,.F.)
B_SPLINE_CURVE_WITH_KNOTS((3,3),(0.,0.00471238898038695),.UNSPECIFIED.)
CURVE()
GEOMETRIC_REPRESENTATION_ITEM()
RATIONAL_B_SPLINE_CURVE((1.,0.707106781203048,1.))
REPRESENTATION_ITEM('')
);
#2259=(
BOUNDED_CURVE()
B_SPLINE_CURVE(2,(#5723,#5724,#5725),.UNSPECIFIED.,.F.,.F.)
B_SPLINE_CURVE_WITH_KNOTS((3,3),(-0.00471238898038695,0.),.UNSPECIFIED.)
CURVE()
GEOMETRIC_REPRESENTATION_ITEM()
RATIONAL_B_SPLINE_CURVE((1.,0.707106781203048,1.))
REPRESENTATION_ITEM('')
);
#2260=(
BOUNDED_CURVE()
B_SPLINE_CURVE(3,(#5878,#5879,#5880,#5881,#5882,#5883,#5884,#5885,#5886,
#5887,#5888,#5889,#5890,#5891,#5892,#5893,#5894,#5895,#5896,#5897,#5898,
#5899),.UNSPECIFIED.,.F.,.F.)
B_SPLINE_CURVE_WITH_KNOTS((4,3,3,3,3,3,3,4),(-2.70212913482935E-6,0.0257973161353944,
0.255447364718929,0.498909553703351,0.725009319970686,0.95110908623802,
1.19457127522244,1.45001870355501),.UNSPECIFIED.)
CURVE()
GEOMETRIC_REPRESENTATION_ITEM()
RATIONAL_B_SPLINE_CURVE((1.,1.,1.,1.,1.,1.,1.,1.,1.,1.,1.,1.,1.,1.,1.,1.,
1.,1.,1.,0.999999999999999,0.999999999999998,1.))
REPRESENTATION_ITEM('')
);
#2261=(
BOUNDED_CURVE()
B_SPLINE_CURVE(2,(#5903,#5904,#5905),.UNSPECIFIED.,.F.,.F.)
B_SPLINE_CURVE_WITH_KNOTS((3,3),(0.,0.00471238908468944),.UNSPECIFIED.)
CURVE()
GEOMETRIC_REPRESENTATION_ITEM()
RATIONAL_B_SPLINE_CURVE((1.,0.707106780247089,1.))
REPRESENTATION_ITEM('')
);
#2262=(
BOUNDED_CURVE()
B_SPLINE_CURVE(2,(#5906,#5907,#5908),.UNSPECIFIED.,.F.,.F.)
B_SPLINE_CURVE_WITH_KNOTS((3,3),(0.,0.00471238908468944),.UNSPECIFIED.)
CURVE()
GEOMETRIC_REPRESENTATION_ITEM()
RATIONAL_B_SPLINE_CURVE((1.,0.707106780450233,1.))
REPRESENTATION_ITEM('')
);
#2263=(
BOUNDED_CURVE()
B_SPLINE_CURVE(3,(#5909,#5910,#5911,#5912,#5913,#5914,#5915,#5916,#5917,
#5918,#5919,#5920,#5921,#5922,#5923,#5924,#5925,#5926,#5927,#5928,#5929,
#5930),.UNSPECIFIED.,.F.,.F.)
B_SPLINE_CURVE_WITH_KNOTS((4,3,3,3,3,3,3,4),(-2.70212913839086E-6,0.0257973161353931,
0.255447364718929,0.49890955370335,0.725009319970684,0.951109086238019,
1.19457127522244,1.45001870355501),.UNSPECIFIED.)
CURVE()
GEOMETRIC_REPRESENTATION_ITEM()
RATIONAL_B_SPLINE_CURVE((1.,1.,1.,1.,1.,1.,1.,0.999999999999999,0.999999999999998,
0.999999999999998,0.999999999999998,0.999999999999998,0.999999999999998,
0.999999999999999,0.999999999999998,0.999999999999999,0.999999999999999,
1.,1.,1.,1.,1.))
REPRESENTATION_ITEM('')
);
#2264=(
BOUNDED_CURVE()
B_SPLINE_CURVE(1,(#6109,#6110),.UNSPECIFIED.,.F.,.F.)
B_SPLINE_CURVE_WITH_KNOTS((2,2),(0.,0.00999999999999979),.UNSPECIFIED.)
CURVE()
GEOMETRIC_REPRESENTATION_ITEM()
RATIONAL_B_SPLINE_CURVE((1.,1.))
REPRESENTATION_ITEM('')
);
#2265=(
BOUNDED_CURVE()
B_SPLINE_CURVE(1,(#6139,#6140),.UNSPECIFIED.,.F.,.F.)
B_SPLINE_CURVE_WITH_KNOTS((2,2),(0.,0.00999999999999979),.UNSPECIFIED.)
CURVE()
GEOMETRIC_REPRESENTATION_ITEM()
RATIONAL_B_SPLINE_CURVE((1.,1.))
REPRESENTATION_ITEM('')
);
#2266=(
BOUNDED_CURVE()
B_SPLINE_CURVE(2,(#6262,#6263,#6264,#6265,#6266),.UNSPECIFIED.,.F.,.F.)
B_SPLINE_CURVE_WITH_KNOTS((3,2,3),(-0.0472440944881919,0.0266575437212531,
0.755692976792128),.UNSPECIFIED.)
CURVE()
GEOMETRIC_REPRESENTATION_ITEM()
RATIONAL_B_SPLINE_CURVE((1.,0.707106781186564,1.,1.,1.))
REPRESENTATION_ITEM('')
);
#2267=(
BOUNDED_CURVE()
B_SPLINE_CURVE(1,(#6284,#6285),.UNSPECIFIED.,.F.,.F.)
B_SPLINE_CURVE_WITH_KNOTS((2,2),(0.13981613262073,0.151627156242778),
 .UNSPECIFIED.)
CURVE()
GEOMETRIC_REPRESENTATION_ITEM()
RATIONAL_B_SPLINE_CURVE((1.,1.))
REPRESENTATION_ITEM('')
);
#2268=(
BOUNDED_CURVE()
B_SPLINE_CURVE(3,(#6301,#6302,#6303,#6304,#6305,#6306,#6307,#6308,#6309,
#6310,#6311,#6312,#6313,#6314,#6315,#6316,#6317,#6318,#6319,#6320,#6321,
#6322,#6323,#6324,#6325,#6326,#6327,#6328,#6329),.UNSPECIFIED.,.F.,.F.)
B_SPLINE_CURVE_WITH_KNOTS((4,2,2,2,3,2,3,2,3,2,2,2,4),(0.00315688943042147,
0.0282857219733701,0.0533932759572127,0.0787325683940508,0.104227112459447,
0.127297018997909,0.150297958837437,0.173298898677011,0.196368805215426,
0.221863349280894,0.247202641717715,0.272310195701529,0.297439010790885),
 .UNSPECIFIED.)
CURVE()
GEOMETRIC_REPRESENTATION_ITEM()
RATIONAL_B_SPLINE_CURVE((1.,1.,1.,1.,1.,1.,1.,1.,1.,1.,1.,1.,1.,1.,1.,1.,
1.,1.,1.,1.,1.,1.,1.,1.,1.,1.,1.,1.,1.))
REPRESENTATION_ITEM('')
);
#2269=(
BOUNDED_CURVE()
B_SPLINE_CURVE(2,(#6335,#6336,#6337,#6338,#6339),.UNSPECIFIED.,.F.,.F.)
B_SPLINE_CURVE_WITH_KNOTS((3,2,3),(-0.0472440944881919,0.0266575437212531,
0.755692976792128),.UNSPECIFIED.)
CURVE()
GEOMETRIC_REPRESENTATION_ITEM()
RATIONAL_B_SPLINE_CURVE((1.,0.707106781186564,1.,1.,1.))
REPRESENTATION_ITEM('')
);
#2270=(
BOUNDED_CURVE()
B_SPLINE_CURVE(3,(#6355,#6356,#6357,#6358,#6359,#6360,#6361,#6362,#6363,
#6364,#6365,#6366,#6367,#6368,#6369,#6370,#6371,#6372,#6373,#6374,#6375,
#6376,#6377,#6378,#6379),.UNSPECIFIED.,.F.,.F.)
B_SPLINE_CURVE_WITH_KNOTS((4,3,3,3,3,3,3,3,4),(0.00315707355732765,0.0472104011817443,
0.0693822852835438,0.0916301189563664,0.130018713256495,0.168407307556623,
0.190655141229485,0.212827025331257,0.256880352955688),.UNSPECIFIED.)
CURVE()
GEOMETRIC_REPRESENTATION_ITEM()
RATIONAL_B_SPLINE_CURVE((1.,0.997775424247749,0.995555797232776,0.993341107946239,
0.993341107946239,0.993341107946239,0.993341107946239,0.993341107946239,
0.993341107946239,0.993341107946239,0.993341107946239,0.993341107946239,
0.993341107946239,0.993341107946239,0.993341107946239,0.993341107946239,
0.993341107946239,0.993341107946239,0.993341107946239,0.993341107946239,
0.993341107946239,0.993341107946239,0.995555797232776,0.997775424247749,
1.))
REPRESENTATION_ITEM('')
);
#2271=(
BOUNDED_CURVE()
B_SPLINE_CURVE(2,(#6491,#6492,#6493,#6494,#6495),.UNSPECIFIED.,.F.,.F.)
B_SPLINE_CURVE_WITH_KNOTS((3,2,3),(-0.0472440944881919,0.0266575437212531,
0.755692976792128),.UNSPECIFIED.)
CURVE()
GEOMETRIC_REPRESENTATION_ITEM()
RATIONAL_B_SPLINE_CURVE((1.,0.707106781186564,1.,1.,1.))
REPRESENTATION_ITEM('')
);
#2272=(
BOUNDED_CURVE()
B_SPLINE_CURVE(1,(#6513,#6514),.UNSPECIFIED.,.F.,.F.)
B_SPLINE_CURVE_WITH_KNOTS((2,2),(0.13981613262073,0.151627156242778),
 .UNSPECIFIED.)
CURVE()
GEOMETRIC_REPRESENTATION_ITEM()
RATIONAL_B_SPLINE_CURVE((1.,1.))
REPRESENTATION_ITEM('')
);
#2273=(
BOUNDED_CURVE()
B_SPLINE_CURVE(3,(#6530,#6531,#6532,#6533,#6534,#6535,#6536,#6537,#6538,
#6539,#6540,#6541,#6542,#6543,#6544,#6545,#6546,#6547,#6548,#6549,#6550,
#6551,#6552,#6553,#6554,#6555,#6556,#6557,#6558),.UNSPECIFIED.,.F.,.F.)
B_SPLINE_CURVE_WITH_KNOTS((4,2,2,2,3,2,3,2,3,2,2,2,4),(0.00315688943042147,
0.0282857219733701,0.0533932759572127,0.0787325683940508,0.104227112459447,
0.127297018997909,0.150297958837437,0.173298898677011,0.196368805215426,
0.221863349280894,0.247202641717715,0.272310195701529,0.297439010790887),
 .UNSPECIFIED.)
CURVE()
GEOMETRIC_REPRESENTATION_ITEM()
RATIONAL_B_SPLINE_CURVE((1.,1.,1.,1.,1.,1.,1.,1.,1.,1.,1.,1.,1.,1.,1.,1.,
1.,1.,1.,1.,1.,1.,1.,1.,1.,1.,1.,1.,1.))
REPRESENTATION_ITEM('')
);
#2274=(
BOUNDED_CURVE()
B_SPLINE_CURVE(2,(#6564,#6565,#6566,#6567,#6568),.UNSPECIFIED.,.F.,.F.)
B_SPLINE_CURVE_WITH_KNOTS((3,2,3),(-0.0472440944881919,0.0266575437212531,
0.755692976792128),.UNSPECIFIED.)
CURVE()
GEOMETRIC_REPRESENTATION_ITEM()
RATIONAL_B_SPLINE_CURVE((1.,0.707106781186564,1.,1.,1.))
REPRESENTATION_ITEM('')
);
#2275=(
BOUNDED_CURVE()
B_SPLINE_CURVE(3,(#6584,#6585,#6586,#6587,#6588,#6589,#6590,#6591,#6592,
#6593,#6594,#6595,#6596,#6597,#6598,#6599,#6600,#6601,#6602,#6603,#6604,
#6605,#6606,#6607,#6608),.UNSPECIFIED.,.F.,.F.)
B_SPLINE_CURVE_WITH_KNOTS((4,3,3,3,3,3,3,3,4),(0.00315707355732765,0.0472104011817443,
0.0693822852835438,0.0916301189563664,0.130018713256495,0.168407307556623,
0.190655141229485,0.212827025331257,0.256880352955688),.UNSPECIFIED.)
CURVE()
GEOMETRIC_REPRESENTATION_ITEM()
RATIONAL_B_SPLINE_CURVE((1.,0.997775424247749,0.995555797232776,0.993341107946239,
0.993341107946239,0.993341107946239,0.993341107946239,0.993341107946239,
0.993341107946239,0.993341107946239,0.993341107946239,0.993341107946239,
0.993341107946239,0.993341107946239,0.993341107946239,0.993341107946239,
0.993341107946239,0.993341107946239,0.993341107946239,0.993341107946239,
0.993341107946239,0.993341107946239,0.995555797232776,0.997775424247749,
1.))
REPRESENTATION_ITEM('')
);
#2276=(
BOUNDED_CURVE()
B_SPLINE_CURVE(2,(#6720,#6721,#6722,#6723,#6724),.UNSPECIFIED.,.F.,.F.)
B_SPLINE_CURVE_WITH_KNOTS((3,2,3),(-0.0472440944881919,0.0266575437212531,
0.755692976792128),.UNSPECIFIED.)
CURVE()
GEOMETRIC_REPRESENTATION_ITEM()
RATIONAL_B_SPLINE_CURVE((1.,0.707106781186564,1.,1.,1.))
REPRESENTATION_ITEM('')
);
#2277=(
BOUNDED_CURVE()
B_SPLINE_CURVE(1,(#6742,#6743),.UNSPECIFIED.,.F.,.F.)
B_SPLINE_CURVE_WITH_KNOTS((2,2),(0.13981613262073,0.151627156242778),
 .UNSPECIFIED.)
CURVE()
GEOMETRIC_REPRESENTATION_ITEM()
RATIONAL_B_SPLINE_CURVE((1.,1.))
REPRESENTATION_ITEM('')
);
#2278=(
BOUNDED_CURVE()
B_SPLINE_CURVE(3,(#6759,#6760,#6761,#6762,#6763,#6764,#6765,#6766,#6767,
#6768,#6769,#6770,#6771,#6772,#6773,#6774,#6775,#6776,#6777,#6778,#6779,
#6780,#6781,#6782,#6783,#6784,#6785,#6786,#6787),.UNSPECIFIED.,.F.,.F.)
B_SPLINE_CURVE_WITH_KNOTS((4,2,2,2,3,2,3,2,3,2,2,2,4),(0.00315688943042147,
0.0282857219733701,0.0533932759572127,0.0787325683940508,0.104227112459447,
0.127297018997909,0.150297958837437,0.173298898677011,0.196368805215426,
0.221863349280894,0.247202641717715,0.272310195701529,0.297439010790893),
 .UNSPECIFIED.)
CURVE()
GEOMETRIC_REPRESENTATION_ITEM()
RATIONAL_B_SPLINE_CURVE((1.,1.,1.,1.,1.,1.,1.,1.,1.,1.,1.,1.,1.,1.,1.,1.,
1.,1.,1.,1.,1.,1.,1.,1.,1.,1.,1.,1.,1.))
REPRESENTATION_ITEM('')
);
#2279=(
BOUNDED_CURVE()
B_SPLINE_CURVE(2,(#6793,#6794,#6795,#6796,#6797),.UNSPECIFIED.,.F.,.F.)
B_SPLINE_CURVE_WITH_KNOTS((3,2,3),(-0.0472440944881919,0.0266575437212531,
0.755692976792128),.UNSPECIFIED.)
CURVE()
GEOMETRIC_REPRESENTATION_ITEM()
RATIONAL_B_SPLINE_CURVE((1.,0.707106781186564,1.,1.,1.))
REPRESENTATION_ITEM('')
);
#2280=(
BOUNDED_CURVE()
B_SPLINE_CURVE(3,(#6813,#6814,#6815,#6816,#6817,#6818,#6819,#6820,#6821,
#6822,#6823,#6824,#6825,#6826,#6827,#6828,#6829,#6830,#6831,#6832,#6833,
#6834,#6835,#6836,#6837),.UNSPECIFIED.,.F.,.F.)
B_SPLINE_CURVE_WITH_KNOTS((4,3,3,3,3,3,3,3,4),(0.00315707355732765,0.0472104011817443,
0.0693822852835438,0.0916301189563664,0.130018713256495,0.168407307556623,
0.190655141229485,0.212827025331257,0.256880352955688),.UNSPECIFIED.)
CURVE()
GEOMETRIC_REPRESENTATION_ITEM()
RATIONAL_B_SPLINE_CURVE((1.,0.997775424247749,0.995555797232776,0.993341107946239,
0.993341107946239,0.993341107946239,0.993341107946239,0.993341107946239,
0.993341107946239,0.993341107946239,0.993341107946239,0.993341107946239,
0.993341107946239,0.993341107946239,0.993341107946239,0.993341107946239,
0.993341107946239,0.993341107946239,0.993341107946239,0.993341107946239,
0.993341107946239,0.993341107946239,0.995555797232776,0.997775424247749,
1.))
REPRESENTATION_ITEM('')
);
#2281=TRIMMED_CURVE($,#2435,(#5422),(#5423),.T.,.CARTESIAN.);
#2282=TRIMMED_CURVE($,#2436,(#5425),(#5426),.T.,.CARTESIAN.);
#2283=TRIMMED_CURVE($,#2437,(#5436),(#5437),.T.,.CARTESIAN.);
#2284=TRIMMED_CURVE($,#2438,(#5439),(#5440),.T.,.CARTESIAN.);
#2285=TRIMMED_CURVE($,#2439,(#5462),(#5463),.T.,.CARTESIAN.);
#2286=TRIMMED_CURVE($,#2440,(#5465),(#5466),.T.,.CARTESIAN.);
#2287=TRIMMED_CURVE($,#2441,(#5476),(#5477),.T.,.CARTESIAN.);
#2288=TRIMMED_CURVE($,#2442,(#5479),(#5480),.T.,.CARTESIAN.);
#2289=TRIMMED_CURVE($,#2443,(#5542),(#5543),.T.,.CARTESIAN.);
#2290=TRIMMED_CURVE($,#2444,(#5547),(#5548),.T.,.CARTESIAN.);
#2291=TRIMMED_CURVE($,#2445,(#5552),(#5553),.T.,.CARTESIAN.);
#2292=TRIMMED_CURVE($,#2446,(#5559),(#5560),.T.,.CARTESIAN.);
#2293=TRIMMED_CURVE($,#2447,(#5562),(#5563),.T.,.CARTESIAN.);
#2294=TRIMMED_CURVE($,#2448,(#5565),(#5566),.T.,.CARTESIAN.);
#2295=TRIMMED_CURVE($,#2449,(#5568),(#5569),.T.,.CARTESIAN.);
#2296=TRIMMED_CURVE($,#2450,(#5573),(#5574),.T.,.CARTESIAN.);
#2297=TRIMMED_CURVE($,#2451,(#5578),(#5579),.T.,.CARTESIAN.);
#2298=TRIMMED_CURVE($,#2452,(#5585),(#5586),.T.,.CARTESIAN.);
#2299=TRIMMED_CURVE($,#2453,(#5588),(#5589),.T.,.CARTESIAN.);
#2300=TRIMMED_CURVE($,#2454,(#5591),(#5592),.T.,.CARTESIAN.);
#2301=TRIMMED_CURVE($,#2455,(#5596),(#5597),.T.,.CARTESIAN.);
#2302=TRIMMED_CURVE($,#2456,(#5599),(#5600),.T.,.CARTESIAN.);
#2303=TRIMMED_CURVE($,#2457,(#5604),(#5605),.T.,.CARTESIAN.);
#2304=TRIMMED_CURVE($,#2458,(#5607),(#5608),.T.,.CARTESIAN.);
#2305=TRIMMED_CURVE($,#2459,(#5610),(#5611),.T.,.CARTESIAN.);
#2306=TRIMMED_CURVE($,#2460,(#5613),(#5614),.T.,.CARTESIAN.);
#2307=TRIMMED_CURVE($,#2464,(#5619),(#5620),.T.,.CARTESIAN.);
#2308=TRIMMED_CURVE($,#2465,(#5626),(#5627),.T.,.CARTESIAN.);
#2309=TRIMMED_CURVE($,#2466,(#5629),(#5630),.T.,.CARTESIAN.);
#2310=TRIMMED_CURVE($,#2467,(#5632),(#5633),.T.,.CARTESIAN.);
#2311=TRIMMED_CURVE($,#2468,(#5635),(#5636),.T.,.CARTESIAN.);
#2312=TRIMMED_CURVE($,#2469,(#5638),(#5639),.T.,.CARTESIAN.);
#2313=TRIMMED_CURVE($,#2470,(#5641),(#5642),.T.,.CARTESIAN.);
#2314=TRIMMED_CURVE($,#2471,(#5644),(#5645),.T.,.CARTESIAN.);
#2315=TRIMMED_CURVE($,#2472,(#5653),(#5654),.T.,.CARTESIAN.);
#2316=TRIMMED_CURVE($,#2473,(#5656),(#5657),.T.,.CARTESIAN.);
#2317=TRIMMED_CURVE($,#2474,(#5659),(#5660),.T.,.CARTESIAN.);
#2318=TRIMMED_CURVE($,#2475,(#5680),(#5681),.T.,.CARTESIAN.);
#2319=TRIMMED_CURVE($,#2476,(#5685),(#5686),.T.,.CARTESIAN.);
#2320=TRIMMED_CURVE($,#2477,(#5690),(#5691),.T.,.CARTESIAN.);
#2321=TRIMMED_CURVE($,#2478,(#5695),(#5696),.T.,.CARTESIAN.);
#2322=TRIMMED_CURVE($,#2479,(#5698),(#5699),.T.,.CARTESIAN.);
#2323=TRIMMED_CURVE($,#2480,(#5715),(#5716),.T.,.CARTESIAN.);
#2324=TRIMMED_CURVE($,#2481,(#5718),(#5719),.T.,.CARTESIAN.);
#2325=TRIMMED_CURVE($,#2482,(#5737),(#5738),.T.,.CARTESIAN.);
#2326=TRIMMED_CURVE($,#2483,(#5740),(#5741),.T.,.CARTESIAN.);
#2327=TRIMMED_CURVE($,#2484,(#5745),(#5746),.T.,.CARTESIAN.);
#2328=TRIMMED_CURVE($,#2485,(#5748),(#5749),.T.,.CARTESIAN.);
#2329=TRIMMED_CURVE($,#2486,(#5753),(#5754),.T.,.CARTESIAN.);
#2330=TRIMMED_CURVE($,#2487,(#5756),(#5757),.T.,.CARTESIAN.);
#2331=TRIMMED_CURVE($,#2488,(#5761),(#5762),.T.,.CARTESIAN.);
#2332=TRIMMED_CURVE($,#2489,(#5764),(#5765),.T.,.CARTESIAN.);
#2333=TRIMMED_CURVE($,#2490,(#5767),(#5768),.T.,.CARTESIAN.);
#2334=TRIMMED_CURVE($,#2491,(#5770),(#5771),.T.,.CARTESIAN.);
#2335=TRIMMED_CURVE($,#2492,(#5773),(#5774),.T.,.CARTESIAN.);
#2336=TRIMMED_CURVE($,#2493,(#5776),(#5777),.T.,.CARTESIAN.);
#2337=TRIMMED_CURVE($,#2494,(#5779),(#5780),.T.,.CARTESIAN.);
#2338=TRIMMED_CURVE($,#2495,(#5782),(#5783),.T.,.CARTESIAN.);
#2339=TRIMMED_CURVE($,#2496,(#5785),(#5786),.T.,.CARTESIAN.);
#2340=TRIMMED_CURVE($,#2497,(#5788),(#5789),.T.,.CARTESIAN.);
#2341=TRIMMED_CURVE($,#2498,(#5791),(#5792),.T.,.CARTESIAN.);
#2342=TRIMMED_CURVE($,#2499,(#5798),(#5799),.T.,.CARTESIAN.);
#2343=TRIMMED_CURVE($,#2500,(#5805),(#5806),.T.,.CARTESIAN.);
#2344=TRIMMED_CURVE($,#2501,(#5814),(#5815),.T.,.CARTESIAN.);
#2345=TRIMMED_CURVE($,#2502,(#5835),(#5836),.T.,.CARTESIAN.);
#2346=TRIMMED_CURVE($,#2503,(#5838),(#5839),.T.,.CARTESIAN.);
#2347=TRIMMED_CURVE($,#2504,(#5841),(#5842),.T.,.CARTESIAN.);
#2348=TRIMMED_CURVE($,#2505,(#5844),(#5845),.T.,.CARTESIAN.);
#2349=TRIMMED_CURVE($,#2506,(#5847),(#5848),.T.,.CARTESIAN.);
#2350=TRIMMED_CURVE($,#2507,(#5850),(#5851),.T.,.CARTESIAN.);
#2351=TRIMMED_CURVE($,#2508,(#5853),(#5854),.T.,.CARTESIAN.);
#2352=TRIMMED_CURVE($,#2509,(#5856),(#5857),.T.,.CARTESIAN.);
#2353=TRIMMED_CURVE($,#2510,(#5859),(#5860),.T.,.CARTESIAN.);
#2354=TRIMMED_CURVE($,#2511,(#5862),(#5863),.T.,.CARTESIAN.);
#2355=TRIMMED_CURVE($,#2512,(#5865),(#5866),.T.,.CARTESIAN.);
#2356=TRIMMED_CURVE($,#2513,(#5868),(#5869),.T.,.CARTESIAN.);
#2357=TRIMMED_CURVE($,#2514,(#5871),(#5872),.T.,.CARTESIAN.);
#2358=TRIMMED_CURVE($,#2515,(#5876),(#5877),.T.,.CARTESIAN.);
#2359=TRIMMED_CURVE($,#2519,(#5932),(#5933),.T.,.CARTESIAN.);
#2360=TRIMMED_CURVE($,#2520,(#5935),(#5936),.T.,.CARTESIAN.);
#2361=TRIMMED_CURVE($,#2521,(#5938),(#5939),.T.,.CARTESIAN.);
#2362=TRIMMED_CURVE($,#2522,(#5943),(#5944),.T.,.CARTESIAN.);
#2363=TRIMMED_CURVE($,#2523,(#5950),(#5951),.T.,.CARTESIAN.);
#2364=TRIMMED_CURVE($,#2524,(#5953),(#5954),.T.,.CARTESIAN.);
#2365=TRIMMED_CURVE($,#2525,(#5960),(#5961),.T.,.CARTESIAN.);
#2366=TRIMMED_CURVE($,#2526,(#5969),(#5970),.T.,.CARTESIAN.);
#2367=TRIMMED_CURVE($,#2527,(#5972),(#5973),.T.,.CARTESIAN.);
#2368=TRIMMED_CURVE($,#2528,(#5975),(#5976),.T.,.CARTESIAN.);
#2369=TRIMMED_CURVE($,#2529,(#5978),(#5979),.T.,.CARTESIAN.);
#2370=TRIMMED_CURVE($,#2530,(#5983),(#5984),.T.,.CARTESIAN.);
#2371=TRIMMED_CURVE($,#2531,(#5988),(#5989),.T.,.CARTESIAN.);
#2372=TRIMMED_CURVE($,#2532,(#5991),(#5992),.T.,.CARTESIAN.);
#2373=TRIMMED_CURVE($,#2533,(#6006),(#6007),.T.,.CARTESIAN.);
#2374=TRIMMED_CURVE($,#2534,(#6009),(#6010),.T.,.CARTESIAN.);
#2375=TRIMMED_CURVE($,#2535,(#6014),(#6015),.T.,.CARTESIAN.);
#2376=TRIMMED_CURVE($,#2536,(#6019),(#6020),.T.,.CARTESIAN.);
#2377=TRIMMED_CURVE($,#2537,(#6024),(#6025),.T.,.CARTESIAN.);
#2378=TRIMMED_CURVE($,#2538,(#6027),(#6028),.T.,.CARTESIAN.);
#2379=TRIMMED_CURVE($,#2539,(#6030),(#6031),.T.,.CARTESIAN.);
#2380=TRIMMED_CURVE($,#2540,(#6033),(#6034),.T.,.CARTESIAN.);
#2381=TRIMMED_CURVE($,#2541,(#6036),(#6037),.T.,.CARTESIAN.);
#2382=TRIMMED_CURVE($,#2542,(#6039),(#6040),.T.,.CARTESIAN.);
#2383=TRIMMED_CURVE($,#2543,(#6042),(#6043),.T.,.CARTESIAN.);
#2384=TRIMMED_CURVE($,#2544,(#6045),(#6046),.T.,.CARTESIAN.);
#2385=TRIMMED_CURVE($,#2545,(#6062),(#6063),.T.,.CARTESIAN.);
#2386=TRIMMED_CURVE($,#2546,(#6067),(#6068),.T.,.CARTESIAN.);
#2387=TRIMMED_CURVE($,#2547,(#6070),(#6071),.T.,.CARTESIAN.);
#2388=TRIMMED_CURVE($,#2548,(#6073),(#6074),.T.,.CARTESIAN.);
#2389=TRIMMED_CURVE($,#2549,(#6080),(#6081),.T.,.CARTESIAN.);
#2390=TRIMMED_CURVE($,#2550,(#6085),(#6086),.T.,.CARTESIAN.);
#2391=TRIMMED_CURVE($,#2551,(#6088),(#6089),.T.,.CARTESIAN.);
#2392=TRIMMED_CURVE($,#2552,(#6091),(#6092),.T.,.CARTESIAN.);
#2393=TRIMMED_CURVE($,#2553,(#6094),(#6095),.T.,.CARTESIAN.);
#2394=TRIMMED_CURVE($,#2554,(#6099),(#6100),.T.,.CARTESIAN.);
#2395=TRIMMED_CURVE($,#2555,(#6112),(#6113),.T.,.CARTESIAN.);
#2396=TRIMMED_CURVE($,#2556,(#6115),(#6116),.T.,.CARTESIAN.);
#2397=TRIMMED_CURVE($,#2557,(#6120),(#6121),.T.,.CARTESIAN.);
#2398=TRIMMED_CURVE($,#2558,(#6123),(#6124),.T.,.CARTESIAN.);
#2399=TRIMMED_CURVE($,#2559,(#6126),(#6127),.T.,.CARTESIAN.);
#2400=TRIMMED_CURVE($,#2560,(#6129),(#6130),.T.,.CARTESIAN.);
#2401=TRIMMED_CURVE($,#2561,(#6134),(#6135),.T.,.CARTESIAN.);
#2402=TRIMMED_CURVE($,#2562,(#6137),(#6138),.T.,.CARTESIAN.);
#2403=TRIMMED_CURVE($,#2563,(#6142),(#6143),.T.,.CARTESIAN.);
#2404=TRIMMED_CURVE($,#2564,(#6145),(#6146),.T.,.CARTESIAN.);
#2405=TRIMMED_CURVE($,#2565,(#6276),(#6277),.T.,.CARTESIAN.);
#2406=TRIMMED_CURVE($,#2566,(#6279),(#6280),.T.,.CARTESIAN.);
#2407=TRIMMED_CURVE($,#2567,(#6282),(#6283),.T.,.CARTESIAN.);
#2408=TRIMMED_CURVE($,#2568,(#6289),(#6290),.T.,.CARTESIAN.);
#2409=TRIMMED_CURVE($,#2569,(#6292),(#6293),.T.,.CARTESIAN.);
#2410=TRIMMED_CURVE($,#2570,(#6299),(#6300),.T.,.CARTESIAN.);
#2411=TRIMMED_CURVE($,#2571,(#6333),(#6334),.T.,.CARTESIAN.);
#2412=TRIMMED_CURVE($,#2572,(#6341),(#6342),.T.,.CARTESIAN.);
#2413=TRIMMED_CURVE($,#2573,(#6346),(#6347),.T.,.CARTESIAN.);
#2414=TRIMMED_CURVE($,#2574,(#6351),(#6352),.T.,.CARTESIAN.);
#2415=TRIMMED_CURVE($,#2575,(#6505),(#6506),.T.,.CARTESIAN.);
#2416=TRIMMED_CURVE($,#2576,(#6508),(#6509),.T.,.CARTESIAN.);
#2417=TRIMMED_CURVE($,#2577,(#6511),(#6512),.T.,.CARTESIAN.);
#2418=TRIMMED_CURVE($,#2578,(#6518),(#6519),.T.,.CARTESIAN.);
#2419=TRIMMED_CURVE($,#2579,(#6521),(#6522),.T.,.CARTESIAN.);
#2420=TRIMMED_CURVE($,#2580,(#6528),(#6529),.T.,.CARTESIAN.);
#2421=TRIMMED_CURVE($,#2581,(#6562),(#6563),.T.,.CARTESIAN.);
#2422=TRIMMED_CURVE($,#2582,(#6570),(#6571),.T.,.CARTESIAN.);
#2423=TRIMMED_CURVE($,#2583,(#6575),(#6576),.T.,.CARTESIAN.);
#2424=TRIMMED_CURVE($,#2584,(#6580),(#6581),.T.,.CARTESIAN.);
#2425=TRIMMED_CURVE($,#2585,(#6734),(#6735),.T.,.CARTESIAN.);
#2426=TRIMMED_CURVE($,#2586,(#6737),(#6738),.T.,.CARTESIAN.);
#2427=TRIMMED_CURVE($,#2587,(#6740),(#6741),.T.,.CARTESIAN.);
#2428=TRIMMED_CURVE($,#2588,(#6747),(#6748),.T.,.CARTESIAN.);
#2429=TRIMMED_CURVE($,#2589,(#6750),(#6751),.T.,.CARTESIAN.);
#2430=TRIMMED_CURVE($,#2590,(#6757),(#6758),.T.,.CARTESIAN.);
#2431=TRIMMED_CURVE($,#2591,(#6791),(#6792),.T.,.CARTESIAN.);
#2432=TRIMMED_CURVE($,#2592,(#6799),(#6800),.T.,.CARTESIAN.);
#2433=TRIMMED_CURVE($,#2593,(#6804),(#6805),.T.,.CARTESIAN.);
#2434=TRIMMED_CURVE($,#2594,(#6809),(#6810),.T.,.CARTESIAN.);
#2435=CIRCLE('',#3595,0.00629921259837396);
#2436=CIRCLE('',#3596,0.00629921259837352);
#2437=CIRCLE('',#3597,0.00787401574810759);
#2438=CIRCLE('',#3598,0.00787401574810755);
#2439=CIRCLE('',#3599,0.0196850393697655);
#2440=CIRCLE('',#3600,0.0196850393697637);
#2441=CIRCLE('',#3601,0.0157480314958964);
#2442=CIRCLE('',#3602,0.015748031495896);
#2443=CIRCLE('',#3603,0.0688976377952758);
#2444=CIRCLE('',#3604,0.0688976377952755);
#2445=CIRCLE('',#3605,0.118109471745984);
#2446=CIRCLE('',#3606,0.118109471746004);
#2447=CIRCLE('',#3607,0.0688976377952759);
#2448=CIRCLE('',#3608,0.0688976377952759);
#2449=CIRCLE('',#3609,0.0688976377952755);
#2450=CIRCLE('',#3610,0.0688976377952757);
#2451=CIRCLE('',#3611,0.118109471746004);
#2452=CIRCLE('',#3612,0.118109471745984);
#2453=CIRCLE('',#3613,0.0688976377952755);
#2454=CIRCLE('',#3614,0.0688976377952757);
#2455=CIRCLE('',#3615,0.464566929133858);
#2456=CIRCLE('',#3616,0.4645688612003);
#2457=CIRCLE('',#3617,0.464566929133858);
#2458=CIRCLE('',#3618,0.464568861200299);
#2459=CIRCLE('',#3619,0.00299999998133089);
#2460=CIRCLE('',#3620,0.0029999999813418);
#2461=CIRCLE('',#3621,0.0470472440944882);
#2462=CIRCLE('',#3622,0.0470472440944882);
#2463=CIRCLE('',#3623,0.0470472440944882);
#2464=CIRCLE('',#3624,0.464566929133858);
#2465=CIRCLE('',#3625,0.464573507114723);
#2466=CIRCLE('',#3626,0.464566929133858);
#2467=CIRCLE('',#3627,0.464573507114722);
#2468=CIRCLE('',#3628,0.326895638979944);
#2469=CIRCLE('',#3629,0.326896757321077);
#2470=CIRCLE('',#3630,0.0423682976560201);
#2471=CIRCLE('',#3631,0.456578242367492);
#2472=CIRCLE('',#3632,0.45657824236749);
#2473=CIRCLE('',#3633,0.0393700787401541);
#2474=CIRCLE('',#3634,0.0393692469394908);
#2475=CIRCLE('',#3635,0.318897637795565);
#2476=CIRCLE('',#3636,0.3188976377954);
#2477=CIRCLE('',#3637,0.318897637795565);
#2478=CIRCLE('',#3638,0.318897637795277);
#2479=CIRCLE('',#3639,0.00800000000413045);
#2480=CIRCLE('',#3640,0.0029999980438389);
#2481=CIRCLE('',#3641,0.00299999804449188);
#2482=CIRCLE('',#3642,0.00300000000000011);
#2483=CIRCLE('',#3643,0.003);
#2484=CIRCLE('',#3644,0.00300000000000004);
#2485=CIRCLE('',#3645,0.00299999999999298);
#2486=CIRCLE('',#3646,0.00299999999999916);
#2487=CIRCLE('',#3647,0.00300000000000122);
#2488=CIRCLE('',#3648,0.00299999999999951);
#2489=CIRCLE('',#3649,0.00299999999999967);
#2490=CIRCLE('',#3650,0.137795275590551);
#2491=CIRCLE('',#3651,0.134795275590551);
#2492=CIRCLE('',#3652,0.137795275590551);
#2493=CIRCLE('',#3653,0.13479527559055);
#2494=CIRCLE('',#3654,0.137795275590552);
#2495=CIRCLE('',#3655,0.134795275590551);
#2496=CIRCLE('',#3656,0.137795275590551);
#2497=CIRCLE('',#3657,0.134795275590551);
#2498=CIRCLE('',#3658,0.137795275590552);
#2499=CIRCLE('',#3659,0.137795275590551);
#2500=CIRCLE('',#3660,0.137795275590551);
#2501=CIRCLE('',#3661,0.137795275590551);
#2502=CIRCLE('',#3662,0.00300000000000088);
#2503=CIRCLE('',#3663,0.00300000000000045);
#2504=CIRCLE('',#3664,0.134795275590551);
#2505=CIRCLE('',#3665,0.00300000000000034);
#2506=CIRCLE('',#3666,0.003);
#2507=CIRCLE('',#3667,0.134795275590551);
#2508=CIRCLE('',#3668,0.0029999999999971);
#2509=CIRCLE('',#3669,0.00299999999999856);
#2510=CIRCLE('',#3670,0.134795275590551);
#2511=CIRCLE('',#3671,0.00299999999999847);
#2512=CIRCLE('',#3672,0.00299999999999914);
#2513=CIRCLE('',#3673,0.134795275590551);
#2514=CIRCLE('',#3674,0.269685039370079);
#2515=CIRCLE('',#3675,0.269685039370079);
#2516=CIRCLE('',#3676,0.0551181102362203);
#2517=CIRCLE('',#3677,0.0551181102362204);
#2518=CIRCLE('',#3678,0.0551181102362204);
#2519=CIRCLE('',#3679,0.00299999998568279);
#2520=CIRCLE('',#3680,0.266685039386045);
#2521=CIRCLE('',#3681,0.0984500000000001);
#2522=CIRCLE('',#3682,0.0984500000000001);
#2523=CIRCLE('',#3683,0.0098450000001716);
#2524=CIRCLE('',#3684,0.0590699999996493);
#2525=CIRCLE('',#3685,0.00984499999956317);
#2526=CIRCLE('',#3686,0.00984500000019003);
#2527=CIRCLE('',#3687,0.0787599999999856);
#2528=CIRCLE('',#3688,0.00984500000017142);
#2529=CIRCLE('',#3689,0.0590699999996563);
#2530=CIRCLE('',#3690,0.00984499999956272);
#2531=CIRCLE('',#3691,0.00984500000018999);
#2532=CIRCLE('',#3692,0.0787599999999823);
#2533=CIRCLE('',#3693,0.00984499999999756);
#2534=CIRCLE('',#3694,0.059070000000447);
#2535=CIRCLE('',#3695,0.00984499999999833);
#2536=CIRCLE('',#3696,0.0590700000004424);
#2537=CIRCLE('',#3697,0.00984499999998403);
#2538=CIRCLE('',#3698,0.0787600000004505);
#2539=CIRCLE('',#3699,0.00984499999999737);
#2540=CIRCLE('',#3700,0.0590699999690724);
#2541=CIRCLE('',#3701,0.00984499999999788);
#2542=CIRCLE('',#3702,0.0590700000004559);
#2543=CIRCLE('',#3703,0.00984499999998352);
#2544=CIRCLE('',#3704,0.0787599999532845);
#2545=CIRCLE('',#3705,0.078760000000533);
#2546=CIRCLE('',#3706,0.00984500000016631);
#2547=CIRCLE('',#3707,0.00984499999999872);
#2548=CIRCLE('',#3708,0.0590700000005426);
#2549=CIRCLE('',#3709,0.00984499999854994);
#2550=CIRCLE('',#3710,0.0098450000001652);
#2551=CIRCLE('',#3711,0.0787600000005457);
#2552=CIRCLE('',#3712,0.00984499999999875);
#2553=CIRCLE('',#3713,0.0590700000005524);
#2554=CIRCLE('',#3714,0.00984499999854978);
#2555=CIRCLE('',#3715,0.0984500000000001);
#2556=CIRCLE('',#3716,0.0984499999999998);
#2557=CIRCLE('',#3717,0.269685039370079);
#2558=CIRCLE('',#3718,0.269685039370079);
#2559=CIRCLE('',#3719,0.00299999998568456);
#2560=CIRCLE('',#3720,0.266685039386045);
#2561=CIRCLE('',#3721,0.0984500000000001);
#2562=CIRCLE('',#3722,0.0984500000000001);
#2563=CIRCLE('',#3723,0.0984500000000001);
#2564=CIRCLE('',#3724,0.0984499999999998);
#2565=CIRCLE('',#3732,0.0470472440944882);
#2566=CIRCLE('',#3733,0.0551181102362204);
#2567=CIRCLE('',#3734,0.0433070866141737);
#2568=CIRCLE('',#3735,0.0551181102362203);
#2569=CIRCLE('',#3736,0.0433070866141732);
#2570=CIRCLE('',#3737,0.119332532528674);
#2571=CIRCLE('',#3738,0.0433070866141735);
#2572=CIRCLE('',#3739,0.0470472440944882);
#2573=CIRCLE('',#3740,0.0551181102362204);
#2574=CIRCLE('',#3741,0.119332532530763);
#2575=CIRCLE('',#3749,0.0470472440944882);
#2576=CIRCLE('',#3750,0.0551181102362204);
#2577=CIRCLE('',#3751,0.0433070866141736);
#2578=CIRCLE('',#3752,0.0551181102362204);
#2579=CIRCLE('',#3753,0.0433070866141731);
#2580=CIRCLE('',#3754,0.119332532530251);
#2581=CIRCLE('',#3755,0.0433070866141736);
#2582=CIRCLE('',#3756,0.0470472440944882);
#2583=CIRCLE('',#3757,0.0551181102362203);
#2584=CIRCLE('',#3758,0.119332532529355);
#2585=CIRCLE('',#3766,0.0470472440944882);
#2586=CIRCLE('',#3767,0.0551181102362204);
#2587=CIRCLE('',#3768,0.0433070866141736);
#2588=CIRCLE('',#3769,0.0551181102362203);
#2589=CIRCLE('',#3770,0.0433070866141732);
#2590=CIRCLE('',#3771,0.119332532528674);
#2591=CIRCLE('',#3772,0.0433070866141737);
#2592=CIRCLE('',#3773,0.0470472440944882);
#2593=CIRCLE('',#3774,0.0551181102362204);
#2594=CIRCLE('',#3775,0.11933253252957);
#2595=B_SPLINE_CURVE_WITH_KNOTS('',1,(#5091,#5092),.UNSPECIFIED.,.F.,.F.,
(2,2),(0.,0.564820383202983),.UNSPECIFIED.);
#2596=B_SPLINE_CURVE_WITH_KNOTS('',1,(#5093,#5094),.UNSPECIFIED.,.F.,.F.,
(2,2),(-0.2,0.),.UNSPECIFIED.);
#2597=B_SPLINE_CURVE_WITH_KNOTS('',1,(#5095,#5096),.UNSPECIFIED.,.F.,.F.,
(2,2),(-0.564820383202983,0.),.UNSPECIFIED.);
#2598=B_SPLINE_CURVE_WITH_KNOTS('',1,(#5097,#5098),.UNSPECIFIED.,.F.,.F.,
(2,2),(-0.2,0.),.UNSPECIFIED.);
#2599=B_SPLINE_CURVE_WITH_KNOTS('',1,(#5099,#5100),.UNSPECIFIED.,.F.,.F.,
(2,2),(-0.531586444499984,0.),.UNSPECIFIED.);
#2600=B_SPLINE_CURVE_WITH_KNOTS('',1,(#5101,#5102),.UNSPECIFIED.,.F.,.F.,
(2,2),(-0.531586444499984,0.),.UNSPECIFIED.);
#2601=B_SPLINE_CURVE_WITH_KNOTS('',1,(#5103,#5104),.UNSPECIFIED.,.F.,.F.,
(2,2),(-0.2,0.),.UNSPECIFIED.);
#2602=B_SPLINE_CURVE_WITH_KNOTS('',1,(#5105,#5106),.UNSPECIFIED.,.F.,.F.,
(2,2),(0.,0.564820383181036),.UNSPECIFIED.);
#2603=B_SPLINE_CURVE_WITH_KNOTS('',1,(#5107,#5108),.UNSPECIFIED.,.F.,.F.,
(2,2),(-0.564820383181034,0.),.UNSPECIFIED.);
#2604=B_SPLINE_CURVE_WITH_KNOTS('',1,(#5109,#5110),.UNSPECIFIED.,.F.,.F.,
(2,2),(-0.2,0.),.UNSPECIFIED.);
#2605=B_SPLINE_CURVE_WITH_KNOTS('',1,(#5111,#5112),.UNSPECIFIED.,.F.,.F.,
(2,2),(0.,0.44000000000507),.UNSPECIFIED.);
#2606=B_SPLINE_CURVE_WITH_KNOTS('',1,(#5113,#5114),.UNSPECIFIED.,.F.,.F.,
(2,2),(-0.440000000005071,0.),.UNSPECIFIED.);
#2607=B_SPLINE_CURVE_WITH_KNOTS('',1,(#5115,#5116),.UNSPECIFIED.,.F.,.F.,
(2,2),(-0.2,0.),.UNSPECIFIED.);
#2608=B_SPLINE_CURVE_WITH_KNOTS('',1,(#5117,#5118),.UNSPECIFIED.,.F.,.F.,
(2,2),(-0.414110472166681,0.),.UNSPECIFIED.);
#2609=B_SPLINE_CURVE_WITH_KNOTS('',1,(#5119,#5120),.UNSPECIFIED.,.F.,.F.,
(2,2),(-0.414110472166681,0.),.UNSPECIFIED.);
#2610=B_SPLINE_CURVE_WITH_KNOTS('',1,(#5121,#5122),.UNSPECIFIED.,.F.,.F.,
(2,2),(-0.2,0.),.UNSPECIFIED.);
#2611=B_SPLINE_CURVE_WITH_KNOTS('',1,(#5123,#5124),.UNSPECIFIED.,.F.,.F.,
(2,2),(0.,1.03527618041066),.UNSPECIFIED.);
#2612=B_SPLINE_CURVE_WITH_KNOTS('',1,(#5125,#5126),.UNSPECIFIED.,.F.,.F.,
(2,2),(-1.03527618041066,0.),.UNSPECIFIED.);
#2613=B_SPLINE_CURVE_WITH_KNOTS('',1,(#5127,#5128),.UNSPECIFIED.,.F.,.F.,
(2,2),(-0.2,0.),.UNSPECIFIED.);
#2614=B_SPLINE_CURVE_WITH_KNOTS('',1,(#5129,#5130),.UNSPECIFIED.,.F.,.F.,
(2,2),(-1.,0.),.UNSPECIFIED.);
#2615=B_SPLINE_CURVE_WITH_KNOTS('',1,(#5131,#5132),.UNSPECIFIED.,.F.,.F.,
(2,2),(-1.,0.),.UNSPECIFIED.);
#2616=B_SPLINE_CURVE_WITH_KNOTS('',1,(#5133,#5134),.UNSPECIFIED.,.F.,.F.,
(2,2),(-0.2,0.),.UNSPECIFIED.);
#2617=B_SPLINE_CURVE_WITH_KNOTS('',3,(#5135,#5136,#5137,#5138,#5139,#5140,
#5141,#5142,#5143),.UNSPECIFIED.,.F.,.F.,(4,1,1,1,1,1,4),(0.,0.647726271409639,
1.36436042231484,1.67607588656563,2.07880324160595,2.47309558112179,2.7131887509384),
 .UNSPECIFIED.);
#2618=B_SPLINE_CURVE_WITH_KNOTS('',3,(#5144,#5145,#5146,#5147,#5148,#5149,
#5150,#5151,#5152),.UNSPECIFIED.,.F.,.F.,(4,1,1,1,1,1,4),(0.,0.647726271409639,
1.36436042231484,1.67607588656563,2.07880324160595,2.47309558112179,2.7131887509384),
 .UNSPECIFIED.);
#2619=B_SPLINE_CURVE_WITH_KNOTS('',1,(#5153,#5154),.UNSPECIFIED.,.F.,.F.,
(2,2),(0.,0.400000000000011),.UNSPECIFIED.);
#2620=B_SPLINE_CURVE_WITH_KNOTS('',1,(#5155,#5156),.UNSPECIFIED.,.F.,.F.,
(2,2),(-0.400000000000011,0.),.UNSPECIFIED.);
#2621=B_SPLINE_CURVE_WITH_KNOTS('',1,(#5157,#5158),.UNSPECIFIED.,.F.,.F.,
(2,2),(-0.2,0.),.UNSPECIFIED.);
#2622=B_SPLINE_CURVE_WITH_KNOTS('',1,(#5159,#5160),.UNSPECIFIED.,.F.,.F.,
(2,2),(-0.2,0.),.UNSPECIFIED.);
#2623=B_SPLINE_CURVE_WITH_KNOTS('',3,(#5161,#5162,#5163,#5164,#5165,#5166,
#5167,#5168,#5169),.UNSPECIFIED.,.F.,.F.,(4,1,1,1,1,1,4),(0.,0.00730392748649906,
0.180328146291471,0.469075708326866,0.658732786735468,0.963166713932942,
1.11036179649908),.UNSPECIFIED.);
#2624=B_SPLINE_CURVE_WITH_KNOTS('',1,(#5170,#5171),.UNSPECIFIED.,.F.,.F.,
(2,2),(0.,1.),.UNSPECIFIED.);
#2625=B_SPLINE_CURVE_WITH_KNOTS('',3,(#5172,#5173,#5174,#5175,#5176,#5177,
#5178,#5179,#5180),.UNSPECIFIED.,.F.,.F.,(4,1,1,1,1,1,4),(-1.11036179649908,
-0.963166713932942,-0.658732786735468,-0.469075708326866,-0.180328146291471,
-0.00730392748649906,0.),.UNSPECIFIED.);
#2626=B_SPLINE_CURVE_WITH_KNOTS('',1,(#5181,#5182),.UNSPECIFIED.,.F.,.F.,
(2,2),(0.,0.300000000000003),.UNSPECIFIED.);
#2627=B_SPLINE_CURVE_WITH_KNOTS('',1,(#5183,#5184),.UNSPECIFIED.,.F.,.F.,
(2,2),(-0.300000000000004,0.),.UNSPECIFIED.);
#2628=B_SPLINE_CURVE_WITH_KNOTS('',1,(#5185,#5186),.UNSPECIFIED.,.F.,.F.,
(2,2),(-0.2,0.),.UNSPECIFIED.);
#2629=B_SPLINE_CURVE_WITH_KNOTS('',1,(#5187,#5188),.UNSPECIFIED.,.F.,.F.,
(2,2),(-0.248466283294072,0.),.UNSPECIFIED.);
#2630=B_SPLINE_CURVE_WITH_KNOTS('',1,(#5189,#5190),.UNSPECIFIED.,.F.,.F.,
(2,2),(-0.248466283294072,0.),.UNSPECIFIED.);
#2631=B_SPLINE_CURVE_WITH_KNOTS('',1,(#5191,#5192),.UNSPECIFIED.,.F.,.F.,
(2,2),(-0.399105825700001,0.),.UNSPECIFIED.);
#2632=B_SPLINE_CURVE_WITH_KNOTS('',1,(#5193,#5194),.UNSPECIFIED.,.F.,.F.,
(2,2),(-0.2,0.),.UNSPECIFIED.);
#2633=B_SPLINE_CURVE_WITH_KNOTS('',1,(#5195,#5196),.UNSPECIFIED.,.F.,.F.,
(2,2),(-0.399105825700001,0.),.UNSPECIFIED.);
#2634=B_SPLINE_CURVE_WITH_KNOTS('',1,(#5197,#5198),.UNSPECIFIED.,.F.,.F.,
(2,2),(-0.2,0.),.UNSPECIFIED.);
#2635=B_SPLINE_CURVE_WITH_KNOTS('',1,(#5199,#5200),.UNSPECIFIED.,.F.,.F.,
(2,2),(0.,0.565409715908205),.UNSPECIFIED.);
#2636=B_SPLINE_CURVE_WITH_KNOTS('',1,(#5201,#5202),.UNSPECIFIED.,.F.,.F.,
(2,2),(-0.565409715908204,0.),.UNSPECIFIED.);
#2637=B_SPLINE_CURVE_WITH_KNOTS('',1,(#5203,#5204),.UNSPECIFIED.,.F.,.F.,
(2,2),(-0.2,0.),.UNSPECIFIED.);
#2638=B_SPLINE_CURVE_WITH_KNOTS('',1,(#5205,#5206),.UNSPECIFIED.,.F.,.F.,
(2,2),(0.,0.440000000005076),.UNSPECIFIED.);
#2639=B_SPLINE_CURVE_WITH_KNOTS('',1,(#5207,#5208),.UNSPECIFIED.,.F.,.F.,
(2,2),(-0.440000000005076,0.),.UNSPECIFIED.);
#2640=B_SPLINE_CURVE_WITH_KNOTS('',1,(#5209,#5210),.UNSPECIFIED.,.F.,.F.,
(2,2),(-0.2,0.),.UNSPECIFIED.);
#2641=B_SPLINE_CURVE_WITH_KNOTS('',1,(#5211,#5212),.UNSPECIFIED.,.F.,.F.,
(2,2),(-0.414110472166662,0.),.UNSPECIFIED.);
#2642=B_SPLINE_CURVE_WITH_KNOTS('',1,(#5213,#5214),.UNSPECIFIED.,.F.,.F.,
(2,2),(-0.414110472166662,0.),.UNSPECIFIED.);
#2643=B_SPLINE_CURVE_WITH_KNOTS('',1,(#5215,#5216),.UNSPECIFIED.,.F.,.F.,
(2,2),(-0.2,0.),.UNSPECIFIED.);
#2644=B_SPLINE_CURVE_WITH_KNOTS('',1,(#5217,#5218),.UNSPECIFIED.,.F.,.F.,
(2,2),(0.,1.03527618041066),.UNSPECIFIED.);
#2645=B_SPLINE_CURVE_WITH_KNOTS('',1,(#5219,#5220),.UNSPECIFIED.,.F.,.F.,
(2,2),(-1.03527618041066,0.),.UNSPECIFIED.);
#2646=B_SPLINE_CURVE_WITH_KNOTS('',1,(#5221,#5222),.UNSPECIFIED.,.F.,.F.,
(2,2),(-0.2,0.),.UNSPECIFIED.);
#2647=B_SPLINE_CURVE_WITH_KNOTS('',1,(#5223,#5224),.UNSPECIFIED.,.F.,.F.,
(2,2),(-0.414110472166662,0.),.UNSPECIFIED.);
#2648=B_SPLINE_CURVE_WITH_KNOTS('',1,(#5225,#5226),.UNSPECIFIED.,.F.,.F.,
(2,2),(-0.414110472166662,0.),.UNSPECIFIED.);
#2649=B_SPLINE_CURVE_WITH_KNOTS('',1,(#5227,#5228),.UNSPECIFIED.,.F.,.F.,
(2,2),(-0.2,0.),.UNSPECIFIED.);
#2650=B_SPLINE_CURVE_WITH_KNOTS('',1,(#5229,#5230),.UNSPECIFIED.,.F.,.F.,
(2,2),(0.,0.399999999982924),.UNSPECIFIED.);
#2651=B_SPLINE_CURVE_WITH_KNOTS('',1,(#5231,#5232),.UNSPECIFIED.,.F.,.F.,
(2,2),(-0.399999999982921,0.),.UNSPECIFIED.);
#2652=B_SPLINE_CURVE_WITH_KNOTS('',1,(#5233,#5234),.UNSPECIFIED.,.F.,.F.,
(2,2),(-0.2,0.),.UNSPECIFIED.);
#2653=B_SPLINE_CURVE_WITH_KNOTS('',1,(#5235,#5236),.UNSPECIFIED.,.F.,.F.,
(2,2),(0.,0.631291499284424),.UNSPECIFIED.);
#2654=B_SPLINE_CURVE_WITH_KNOTS('',1,(#5237,#5238),.UNSPECIFIED.,.F.,.F.,
(2,2),(-0.631291499284424,0.),.UNSPECIFIED.);
#2655=B_SPLINE_CURVE_WITH_KNOTS('',1,(#5239,#5240),.UNSPECIFIED.,.F.,.F.,
(2,2),(-0.2,0.),.UNSPECIFIED.);
#2656=B_SPLINE_CURVE_WITH_KNOTS('',1,(#5241,#5242),.UNSPECIFIED.,.F.,.F.,
(2,2),(-0.49017078906666,0.),.UNSPECIFIED.);
#2657=B_SPLINE_CURVE_WITH_KNOTS('',1,(#5243,#5244),.UNSPECIFIED.,.F.,.F.,
(2,2),(-0.490170789066659,0.),.UNSPECIFIED.);
#2658=B_SPLINE_CURVE_WITH_KNOTS('',1,(#5245,#5246),.UNSPECIFIED.,.F.,.F.,
(2,2),(-0.2,0.),.UNSPECIFIED.);
#2659=B_SPLINE_CURVE_WITH_KNOTS('',1,(#5247,#5248),.UNSPECIFIED.,.F.,.F.,
(2,2),(0.,0.862573827869588),.UNSPECIFIED.);
#2660=B_SPLINE_CURVE_WITH_KNOTS('',1,(#5249,#5250),.UNSPECIFIED.,.F.,.F.,
(2,2),(-0.862573827869589,0.),.UNSPECIFIED.);
#2661=B_SPLINE_CURVE_WITH_KNOTS('',1,(#5251,#5252),.UNSPECIFIED.,.F.,.F.,
(2,2),(-0.2,0.),.UNSPECIFIED.);
#2662=B_SPLINE_CURVE_WITH_KNOTS('',1,(#5253,#5254),.UNSPECIFIED.,.F.,.F.,
(2,2),(0.,0.628029710145841),.UNSPECIFIED.);
#2663=B_SPLINE_CURVE_WITH_KNOTS('',1,(#5255,#5256),.UNSPECIFIED.,.F.,.F.,
(2,2),(-0.628029710145841,0.),.UNSPECIFIED.);
#2664=B_SPLINE_CURVE_WITH_KNOTS('',1,(#5257,#5258),.UNSPECIFIED.,.F.,.F.,
(2,2),(0.,0.248466283294072),.UNSPECIFIED.);
#2665=B_SPLINE_CURVE_WITH_KNOTS('',1,(#5259,#5260),.UNSPECIFIED.,.F.,.F.,
(2,2),(-0.2,0.),.UNSPECIFIED.);
#2666=B_SPLINE_CURVE_WITH_KNOTS('',1,(#5261,#5262),.UNSPECIFIED.,.F.,.F.,
(2,2),(-0.248466283294072,0.),.UNSPECIFIED.);
#2667=B_SPLINE_CURVE_WITH_KNOTS('',1,(#5263,#5264),.UNSPECIFIED.,.F.,.F.,
(2,2),(-0.2,0.),.UNSPECIFIED.);
#2668=B_SPLINE_CURVE_WITH_KNOTS('',1,(#5265,#5266),.UNSPECIFIED.,.F.,.F.,
(2,2),(-0.785889527833336,0.),.UNSPECIFIED.);
#2669=B_SPLINE_CURVE_WITH_KNOTS('',1,(#5267,#5268),.UNSPECIFIED.,.F.,.F.,
(2,2),(-0.785889527833336,0.),.UNSPECIFIED.);
#2670=B_SPLINE_CURVE_WITH_KNOTS('',1,(#5269,#5270),.UNSPECIFIED.,.F.,.F.,
(2,2),(-0.2,0.),.UNSPECIFIED.);
#2671=B_SPLINE_CURVE_WITH_KNOTS('',1,(#5271,#5272),.UNSPECIFIED.,.F.,.F.,
(2,2),(0.,0.14493866525559),.UNSPECIFIED.);
#2672=B_SPLINE_CURVE_WITH_KNOTS('',1,(#5273,#5274),.UNSPECIFIED.,.F.,.F.,
(2,2),(-0.14493866525559,0.),.UNSPECIFIED.);
#2673=B_SPLINE_CURVE_WITH_KNOTS('',1,(#5275,#5276),.UNSPECIFIED.,.F.,.F.,
(2,2),(-0.2,0.),.UNSPECIFIED.);
#2674=B_SPLINE_CURVE_WITH_KNOTS('',1,(#5277,#5278),.UNSPECIFIED.,.F.,.F.,
(2,2),(-0.600000000000012,0.),.UNSPECIFIED.);
#2675=B_SPLINE_CURVE_WITH_KNOTS('',1,(#5279,#5280),.UNSPECIFIED.,.F.,.F.,
(2,2),(-0.600000000000009,0.),.UNSPECIFIED.);
#2676=B_SPLINE_CURVE_WITH_KNOTS('',1,(#5281,#5282),.UNSPECIFIED.,.F.,.F.,
(2,2),(-0.2,0.),.UNSPECIFIED.);
#2677=B_SPLINE_CURVE_WITH_KNOTS('',1,(#5283,#5284),.UNSPECIFIED.,.F.,.F.,
(2,2),(0.,0.248466283302704),.UNSPECIFIED.);
#2678=B_SPLINE_CURVE_WITH_KNOTS('',1,(#5285,#5286),.UNSPECIFIED.,.F.,.F.,
(2,2),(-0.248466283302704,0.),.UNSPECIFIED.);
#2679=B_SPLINE_CURVE_WITH_KNOTS('',1,(#5287,#5288),.UNSPECIFIED.,.F.,.F.,
(2,2),(-0.2,0.),.UNSPECIFIED.);
#2680=B_SPLINE_CURVE_WITH_KNOTS('',1,(#5289,#5290),.UNSPECIFIED.,.F.,.F.,
(2,2),(-0.600000000000009,0.),.UNSPECIFIED.);
#2681=B_SPLINE_CURVE_WITH_KNOTS('',1,(#5291,#5292),.UNSPECIFIED.,.F.,.F.,
(2,2),(-0.600000000000009,0.),.UNSPECIFIED.);
#2682=B_SPLINE_CURVE_WITH_KNOTS('',1,(#5293,#5294),.UNSPECIFIED.,.F.,.F.,
(2,2),(-0.2,0.),.UNSPECIFIED.);
#2683=B_SPLINE_CURVE_WITH_KNOTS('',1,(#5295,#5296),.UNSPECIFIED.,.F.,.F.,
(2,2),(0.,0.144938665255607),.UNSPECIFIED.);
#2684=B_SPLINE_CURVE_WITH_KNOTS('',1,(#5297,#5298),.UNSPECIFIED.,.F.,.F.,
(2,2),(-0.144938665255607,0.),.UNSPECIFIED.);
#2685=B_SPLINE_CURVE_WITH_KNOTS('',1,(#5299,#5300),.UNSPECIFIED.,.F.,.F.,
(2,2),(-0.2,0.),.UNSPECIFIED.);
#2686=B_SPLINE_CURVE_WITH_KNOTS('',1,(#5301,#5302),.UNSPECIFIED.,.F.,.F.,
(2,2),(-0.785889527833356,0.),.UNSPECIFIED.);
#2687=B_SPLINE_CURVE_WITH_KNOTS('',1,(#5303,#5304),.UNSPECIFIED.,.F.,.F.,
(2,2),(-0.785889527833355,0.),.UNSPECIFIED.);
#2688=B_SPLINE_CURVE_WITH_KNOTS('',1,(#5305,#5306),.UNSPECIFIED.,.F.,.F.,
(2,2),(-0.2,0.),.UNSPECIFIED.);
#2689=B_SPLINE_CURVE_WITH_KNOTS('',1,(#5307,#5308),.UNSPECIFIED.,.F.,.F.,
(2,2),(0.,0.248466283302697),.UNSPECIFIED.);
#2690=B_SPLINE_CURVE_WITH_KNOTS('',1,(#5309,#5310),.UNSPECIFIED.,.F.,.F.,
(2,2),(-0.2484662833027,0.),.UNSPECIFIED.);
#2691=B_SPLINE_CURVE_WITH_KNOTS('',1,(#5311,#5312),.UNSPECIFIED.,.F.,.F.,
(2,2),(-0.2,0.),.UNSPECIFIED.);
#2692=B_SPLINE_CURVE_WITH_KNOTS('',1,(#5313,#5314),.UNSPECIFIED.,.F.,.F.,
(2,2),(-1.20000000000002,0.),.UNSPECIFIED.);
#2693=B_SPLINE_CURVE_WITH_KNOTS('',1,(#5315,#5316),.UNSPECIFIED.,.F.,.F.,
(2,2),(-1.20000000000002,0.),.UNSPECIFIED.);
#2694=B_SPLINE_CURVE_WITH_KNOTS('',1,(#5317,#5318),.UNSPECIFIED.,.F.,.F.,
(2,2),(-0.2,0.),.UNSPECIFIED.);
#2695=B_SPLINE_CURVE_WITH_KNOTS('',1,(#5319,#5320),.UNSPECIFIED.,.F.,.F.,
(2,2),(0.,1.03527618041066),.UNSPECIFIED.);
#2696=B_SPLINE_CURVE_WITH_KNOTS('',1,(#5321,#5322),.UNSPECIFIED.,.F.,.F.,
(2,2),(-1.03527618041066,0.),.UNSPECIFIED.);
#2697=B_SPLINE_CURVE_WITH_KNOTS('',1,(#5323,#5324),.UNSPECIFIED.,.F.,.F.,
(2,2),(-0.2,0.),.UNSPECIFIED.);
#2698=B_SPLINE_CURVE_WITH_KNOTS('',1,(#5325,#5326),.UNSPECIFIED.,.F.,.F.,
(2,2),(-1.20000000000002,0.),.UNSPECIFIED.);
#2699=B_SPLINE_CURVE_WITH_KNOTS('',1,(#5327,#5328),.UNSPECIFIED.,.F.,.F.,
(2,2),(-1.20000000000002,0.),.UNSPECIFIED.);
#2700=B_SPLINE_CURVE_WITH_KNOTS('',1,(#5329,#5330),.UNSPECIFIED.,.F.,.F.,
(2,2),(0.,1.03527618041066),.UNSPECIFIED.);
#2701=B_SPLINE_CURVE_WITH_KNOTS('',1,(#5331,#5332),.UNSPECIFIED.,.F.,.F.,
(2,2),(-0.2,0.),.UNSPECIFIED.);
#2702=B_SPLINE_CURVE_WITH_KNOTS('',1,(#5333,#5334),.UNSPECIFIED.,.F.,.F.,
(2,2),(-1.03527618041066,0.),.UNSPECIFIED.);
#2703=B_SPLINE_CURVE_WITH_KNOTS('',1,(#5335,#5336),.UNSPECIFIED.,.F.,.F.,
(2,2),(-0.2,0.),.UNSPECIFIED.);
#2704=B_SPLINE_CURVE_WITH_KNOTS('',1,(#5337,#5338),.UNSPECIFIED.,.F.,.F.,
(2,2),(-0.414110472133336,0.),.UNSPECIFIED.);
#2705=B_SPLINE_CURVE_WITH_KNOTS('',1,(#5339,#5340),.UNSPECIFIED.,.F.,.F.,
(2,2),(-0.414110472133336,0.),.UNSPECIFIED.);
#2706=B_SPLINE_CURVE_WITH_KNOTS('',1,(#5341,#5342),.UNSPECIFIED.,.F.,.F.,
(2,2),(-0.2,0.),.UNSPECIFIED.);
#2707=B_SPLINE_CURVE_WITH_KNOTS('',1,(#5343,#5344),.UNSPECIFIED.,.F.,.F.,
(2,2),(0.,1.03527618040203),.UNSPECIFIED.);
#2708=B_SPLINE_CURVE_WITH_KNOTS('',1,(#5345,#5346),.UNSPECIFIED.,.F.,.F.,
(2,2),(-1.03527618040203,0.),.UNSPECIFIED.);
#2709=B_SPLINE_CURVE_WITH_KNOTS('',1,(#5347,#5348),.UNSPECIFIED.,.F.,.F.,
(2,2),(-0.2,0.),.UNSPECIFIED.);
#2710=B_SPLINE_CURVE_WITH_KNOTS('',1,(#5349,#5350),.UNSPECIFIED.,.F.,.F.,
(2,2),(-0.414110472166662,0.),.UNSPECIFIED.);
#2711=B_SPLINE_CURVE_WITH_KNOTS('',1,(#5351,#5352),.UNSPECIFIED.,.F.,.F.,
(2,2),(-0.414110472166661,0.),.UNSPECIFIED.);
#2712=B_SPLINE_CURVE_WITH_KNOTS('',1,(#5353,#5354),.UNSPECIFIED.,.F.,.F.,
(2,2),(0.,0.579850426272831),.UNSPECIFIED.);
#2713=B_SPLINE_CURVE_WITH_KNOTS('',1,(#5355,#5356),.UNSPECIFIED.,.F.,.F.,
(2,2),(-0.2,0.),.UNSPECIFIED.);
#2714=B_SPLINE_CURVE_WITH_KNOTS('',1,(#5357,#5358),.UNSPECIFIED.,.F.,.F.,
(2,2),(-0.579850426272834,0.),.UNSPECIFIED.);
#2715=B_SPLINE_CURVE_WITH_KNOTS('',1,(#5359,#5360),.UNSPECIFIED.,.F.,.F.,
(2,2),(-0.2,0.),.UNSPECIFIED.);
#2716=B_SPLINE_CURVE_WITH_KNOTS('',1,(#5361,#5362),.UNSPECIFIED.,.F.,.F.,
(2,2),(0.,0.494401164982521),.UNSPECIFIED.);
#2717=B_SPLINE_CURVE_WITH_KNOTS('',1,(#5363,#5364),.UNSPECIFIED.,.F.,.F.,
(2,2),(-0.494401164982521,0.),.UNSPECIFIED.);
#2718=B_SPLINE_CURVE_WITH_KNOTS('',1,(#5365,#5366),.UNSPECIFIED.,.F.,.F.,
(2,2),(-0.2,0.),.UNSPECIFIED.);
#2719=B_SPLINE_CURVE_WITH_KNOTS('',1,(#5367,#5368),.UNSPECIFIED.,.F.,.F.,
(2,2),(-0.41411047213332,0.),.UNSPECIFIED.);
#2720=B_SPLINE_CURVE_WITH_KNOTS('',1,(#5369,#5370),.UNSPECIFIED.,.F.,.F.,
(2,2),(-0.41411047213332,0.),.UNSPECIFIED.);
#2721=B_SPLINE_CURVE_WITH_KNOTS('',1,(#5371,#5372),.UNSPECIFIED.,.F.,.F.,
(2,2),(-0.2,0.),.UNSPECIFIED.);
#2722=B_SPLINE_CURVE_WITH_KNOTS('',1,(#5373,#5374),.UNSPECIFIED.,.F.,.F.,
(2,2),(0.,1.03527618041065),.UNSPECIFIED.);
#2723=B_SPLINE_CURVE_WITH_KNOTS('',1,(#5375,#5376),.UNSPECIFIED.,.F.,.F.,
(2,2),(-1.03527618041066,0.),.UNSPECIFIED.);
#2724=B_SPLINE_CURVE_WITH_KNOTS('',1,(#5377,#5378),.UNSPECIFIED.,.F.,.F.,
(2,2),(-0.2,0.),.UNSPECIFIED.);
#2725=B_SPLINE_CURVE_WITH_KNOTS('',1,(#5379,#5380),.UNSPECIFIED.,.F.,.F.,
(2,2),(-0.399999999999996,0.),.UNSPECIFIED.);
#2726=B_SPLINE_CURVE_WITH_KNOTS('',1,(#5381,#5382),.UNSPECIFIED.,.F.,.F.,
(2,2),(-0.399999999999995,0.),.UNSPECIFIED.);
#2727=B_SPLINE_CURVE_WITH_KNOTS('',1,(#5383,#5384),.UNSPECIFIED.,.F.,.F.,
(2,2),(-0.2,0.),.UNSPECIFIED.);
#2728=B_SPLINE_CURVE_WITH_KNOTS('',1,(#5385,#5386),.UNSPECIFIED.,.F.,.F.,
(2,2),(0.,0.579850426300278),.UNSPECIFIED.);
#2729=B_SPLINE_CURVE_WITH_KNOTS('',1,(#5387,#5388),.UNSPECIFIED.,.F.,.F.,
(2,2),(-0.579850426300277,0.),.UNSPECIFIED.);
#2730=B_SPLINE_CURVE_WITH_KNOTS('',1,(#5389,#5390),.UNSPECIFIED.,.F.,.F.,
(2,2),(-0.2,0.),.UNSPECIFIED.);
#2731=B_SPLINE_CURVE_WITH_KNOTS('',1,(#5391,#5392),.UNSPECIFIED.,.F.,.F.,
(2,2),(0.,0.494401165006086),.UNSPECIFIED.);
#2732=B_SPLINE_CURVE_WITH_KNOTS('',1,(#5393,#5394),.UNSPECIFIED.,.F.,.F.,
(2,2),(-0.494401165006086,0.),.UNSPECIFIED.);
#2733=B_SPLINE_CURVE_WITH_KNOTS('',1,(#5395,#5396),.UNSPECIFIED.,.F.,.F.,
(2,2),(-0.2,0.),.UNSPECIFIED.);
#2734=B_SPLINE_CURVE_WITH_KNOTS('',1,(#5397,#5398),.UNSPECIFIED.,.F.,.F.,
(2,2),(-0.414110472166659,0.),.UNSPECIFIED.);
#2735=B_SPLINE_CURVE_WITH_KNOTS('',1,(#5399,#5400),.UNSPECIFIED.,.F.,.F.,
(2,2),(-0.41411047216666,0.),.UNSPECIFIED.);
#2736=B_SPLINE_CURVE_WITH_KNOTS('',1,(#5401,#5402),.UNSPECIFIED.,.F.,.F.,
(2,2),(-0.2,0.),.UNSPECIFIED.);
#2737=B_SPLINE_CURVE_WITH_KNOTS('',1,(#5403,#5404),.UNSPECIFIED.,.F.,.F.,
(2,2),(0.,1.03527618041065),.UNSPECIFIED.);
#2738=B_SPLINE_CURVE_WITH_KNOTS('',1,(#5405,#5406),.UNSPECIFIED.,.F.,.F.,
(2,2),(-1.03527618041065,0.),.UNSPECIFIED.);
#2739=B_SPLINE_CURVE_WITH_KNOTS('',1,(#5407,#5408),.UNSPECIFIED.,.F.,.F.,
(2,2),(-0.2,0.),.UNSPECIFIED.);
#2740=B_SPLINE_CURVE_WITH_KNOTS('',1,(#5409,#5410),.UNSPECIFIED.,.F.,.F.,
(2,2),(-0.400000000000007,0.),.UNSPECIFIED.);
#2741=B_SPLINE_CURVE_WITH_KNOTS('',1,(#5411,#5412),.UNSPECIFIED.,.F.,.F.,
(2,2),(-0.400000000000007,0.),.UNSPECIFIED.);
#2742=B_SPLINE_CURVE_WITH_KNOTS('',1,(#5413,#5414),.UNSPECIFIED.,.F.,.F.,
(2,2),(0.,0.5782938374409),.UNSPECIFIED.);
#2743=B_SPLINE_CURVE_WITH_KNOTS('',1,(#5415,#5416),.UNSPECIFIED.,.F.,.F.,
(2,2),(-0.2,0.),.UNSPECIFIED.);
#2744=B_SPLINE_CURVE_WITH_KNOTS('',1,(#5417,#5418),.UNSPECIFIED.,.F.,.F.,
(2,2),(-0.578293837440897,0.),.UNSPECIFIED.);
#2745=B_SPLINE_CURVE_WITH_KNOTS('',1,(#5419,#5420),.UNSPECIFIED.,.F.,.F.,
(2,2),(-0.2,0.),.UNSPECIFIED.);
#2746=B_SPLINE_CURVE_WITH_KNOTS('',1,(#5427,#5428),.UNSPECIFIED.,.F.,.F.,
(2,2),(-0.2,0.),.UNSPECIFIED.);
#2747=B_SPLINE_CURVE_WITH_KNOTS('',1,(#5429,#5430),.UNSPECIFIED.,.F.,.F.,
(2,2),(-0.169797598433312,0.),.UNSPECIFIED.);
#2748=B_SPLINE_CURVE_WITH_KNOTS('',1,(#5431,#5432),.UNSPECIFIED.,.F.,.F.,
(2,2),(-0.169797598433312,0.),.UNSPECIFIED.);
#2749=B_SPLINE_CURVE_WITH_KNOTS('',1,(#5433,#5434),.UNSPECIFIED.,.F.,.F.,
(2,2),(-0.2,0.),.UNSPECIFIED.);
#2750=B_SPLINE_CURVE_WITH_KNOTS('',1,(#5441,#5442),.UNSPECIFIED.,.F.,.F.,
(2,2),(-0.2,0.),.UNSPECIFIED.);
#2751=B_SPLINE_CURVE_WITH_KNOTS('',1,(#5443,#5444),.UNSPECIFIED.,.F.,.F.,
(2,2),(0.,0.633344499491145),.UNSPECIFIED.);
#2752=B_SPLINE_CURVE_WITH_KNOTS('',1,(#5445,#5446),.UNSPECIFIED.,.F.,.F.,
(2,2),(-0.633344499491144,0.),.UNSPECIFIED.);
#2753=B_SPLINE_CURVE_WITH_KNOTS('',1,(#5447,#5448),.UNSPECIFIED.,.F.,.F.,
(2,2),(-0.2,0.),.UNSPECIFIED.);
#2754=B_SPLINE_CURVE_WITH_KNOTS('',1,(#5449,#5450),.UNSPECIFIED.,.F.,.F.,
(2,2),(-0.414110472166699,0.),.UNSPECIFIED.);
#2755=B_SPLINE_CURVE_WITH_KNOTS('',1,(#5451,#5452),.UNSPECIFIED.,.F.,.F.,
(2,2),(-0.414110472166699,0.),.UNSPECIFIED.);
#2756=B_SPLINE_CURVE_WITH_KNOTS('',1,(#5453,#5454),.UNSPECIFIED.,.F.,.F.,
(2,2),(-0.2,0.),.UNSPECIFIED.);
#2757=B_SPLINE_CURVE_WITH_KNOTS('',1,(#5455,#5456),.UNSPECIFIED.,.F.,.F.,
(2,2),(0.,0.651612686400848),.UNSPECIFIED.);
#2758=B_SPLINE_CURVE_WITH_KNOTS('',1,(#5457,#5458),.UNSPECIFIED.,.F.,.F.,
(2,2),(-0.651612686400848,0.),.UNSPECIFIED.);
#2759=B_SPLINE_CURVE_WITH_KNOTS('',1,(#5459,#5460),.UNSPECIFIED.,.F.,.F.,
(2,2),(-0.2,0.),.UNSPECIFIED.);
#2760=B_SPLINE_CURVE_WITH_KNOTS('',1,(#5467,#5468),.UNSPECIFIED.,.F.,.F.,
(2,2),(0.,0.2),.UNSPECIFIED.);
#2761=B_SPLINE_CURVE_WITH_KNOTS('',1,(#5469,#5470),.UNSPECIFIED.,.F.,.F.,
(2,2),(-0.455046356900006,0.),.UNSPECIFIED.);
#2762=B_SPLINE_CURVE_WITH_KNOTS('',1,(#5471,#5472),.UNSPECIFIED.,.F.,.F.,
(2,2),(-0.455046356900006,0.),.UNSPECIFIED.);
#2763=B_SPLINE_CURVE_WITH_KNOTS('',1,(#5473,#5474),.UNSPECIFIED.,.F.,.F.,
(2,2),(-0.2,0.),.UNSPECIFIED.);
#2764=B_SPLINE_CURVE_WITH_KNOTS('',1,(#5481,#5482),.UNSPECIFIED.,.F.,.F.,
(2,2),(0.,0.2),.UNSPECIFIED.);
#2765=B_SPLINE_CURVE_WITH_KNOTS('',1,(#5483,#5484),.UNSPECIFIED.,.F.,.F.,
(2,2),(0.,0.51398603124616),.UNSPECIFIED.);
#2766=B_SPLINE_CURVE_WITH_KNOTS('',1,(#5485,#5486),.UNSPECIFIED.,.F.,.F.,
(2,2),(-0.513986031246159,0.),.UNSPECIFIED.);
#2767=B_SPLINE_CURVE_WITH_KNOTS('',1,(#5487,#5488),.UNSPECIFIED.,.F.,.F.,
(2,2),(-0.2,0.),.UNSPECIFIED.);
#2768=B_SPLINE_CURVE_WITH_KNOTS('',1,(#5489,#5490),.UNSPECIFIED.,.F.,.F.,
(2,2),(-0.41411047216668,0.),.UNSPECIFIED.);
#2769=B_SPLINE_CURVE_WITH_KNOTS('',1,(#5491,#5492),.UNSPECIFIED.,.F.,.F.,
(2,2),(-0.41411047216668,0.),.UNSPECIFIED.);
#2770=B_SPLINE_CURVE_WITH_KNOTS('',1,(#5493,#5494),.UNSPECIFIED.,.F.,.F.,
(2,2),(0.,0.248466283294068),.UNSPECIFIED.);
#2771=B_SPLINE_CURVE_WITH_KNOTS('',1,(#5495,#5496),.UNSPECIFIED.,.F.,.F.,
(2,2),(-0.2,0.),.UNSPECIFIED.);
#2772=B_SPLINE_CURVE_WITH_KNOTS('',1,(#5497,#5498),.UNSPECIFIED.,.F.,.F.,
(2,2),(-0.248466283294072,0.),.UNSPECIFIED.);
#2773=B_SPLINE_CURVE_WITH_KNOTS('',1,(#5499,#5500),.UNSPECIFIED.,.F.,.F.,
(2,2),(-0.2,0.),.UNSPECIFIED.);
#2774=B_SPLINE_CURVE_WITH_KNOTS('',1,(#5501,#5502),.UNSPECIFIED.,.F.,.F.,
(2,2),(-0.36588952783334,0.),.UNSPECIFIED.);
#2775=B_SPLINE_CURVE_WITH_KNOTS('',1,(#5503,#5504),.UNSPECIFIED.,.F.,.F.,
(2,2),(-0.36588952783334,0.),.UNSPECIFIED.);
#2776=B_SPLINE_CURVE_WITH_KNOTS('',1,(#5505,#5506),.UNSPECIFIED.,.F.,.F.,
(2,2),(-0.2,0.),.UNSPECIFIED.);
#2777=B_SPLINE_CURVE_WITH_KNOTS('',1,(#5507,#5508),.UNSPECIFIED.,.F.,.F.,
(2,2),(0.,0.786809897116586),.UNSPECIFIED.);
#2778=B_SPLINE_CURVE_WITH_KNOTS('',1,(#5509,#5510),.UNSPECIFIED.,.F.,.F.,
(2,2),(-0.78680989711659,0.),.UNSPECIFIED.);
#2779=B_SPLINE_CURVE_WITH_KNOTS('',1,(#5511,#5512),.UNSPECIFIED.,.F.,.F.,
(2,2),(-0.2,0.),.UNSPECIFIED.);
#2780=B_SPLINE_CURVE_WITH_KNOTS('',1,(#5513,#5514),.UNSPECIFIED.,.F.,.F.,
(2,2),(-0.414110472166681,0.),.UNSPECIFIED.);
#2781=B_SPLINE_CURVE_WITH_KNOTS('',1,(#5515,#5516),.UNSPECIFIED.,.F.,.F.,
(2,2),(-0.414110472166681,0.),.UNSPECIFIED.);
#2782=B_SPLINE_CURVE_WITH_KNOTS('',1,(#5517,#5518),.UNSPECIFIED.,.F.,.F.,
(2,2),(-0.2,0.),.UNSPECIFIED.);
#2783=B_SPLINE_CURVE_WITH_KNOTS('',1,(#5519,#5520),.UNSPECIFIED.,.F.,.F.,
(2,2),(0.,0.786809897116586),.UNSPECIFIED.);
#2784=B_SPLINE_CURVE_WITH_KNOTS('',1,(#5521,#5522),.UNSPECIFIED.,.F.,.F.,
(2,2),(-0.786809897116586,0.),.UNSPECIFIED.);
#2785=B_SPLINE_CURVE_WITH_KNOTS('',1,(#5523,#5524),.UNSPECIFIED.,.F.,.F.,
(2,2),(-0.2,0.),.UNSPECIFIED.);
#2786=B_SPLINE_CURVE_WITH_KNOTS('',1,(#5525,#5526),.UNSPECIFIED.,.F.,.F.,
(2,2),(-0.419999999999995,0.),.UNSPECIFIED.);
#2787=B_SPLINE_CURVE_WITH_KNOTS('',1,(#5527,#5528),.UNSPECIFIED.,.F.,.F.,
(2,2),(-0.419999999999995,0.),.UNSPECIFIED.);
#2788=B_SPLINE_CURVE_WITH_KNOTS('',1,(#5529,#5530),.UNSPECIFIED.,.F.,.F.,
(2,2),(-0.2,0.),.UNSPECIFIED.);
#2789=B_SPLINE_CURVE_WITH_KNOTS('',1,(#5531,#5532),.UNSPECIFIED.,.F.,.F.,
(2,2),(0.,0.248466283294075),.UNSPECIFIED.);
#2790=B_SPLINE_CURVE_WITH_KNOTS('',1,(#5533,#5534),.UNSPECIFIED.,.F.,.F.,
(2,2),(-0.248466283294075,0.),.UNSPECIFIED.);
#2791=B_SPLINE_CURVE_WITH_KNOTS('',1,(#5535,#5536),.UNSPECIFIED.,.F.,.F.,
(2,2),(-0.2,0.),.UNSPECIFIED.);
#2792=B_SPLINE_CURVE_WITH_KNOTS('',1,(#5537,#5538),.UNSPECIFIED.,.F.,.F.,
(2,2),(-1.20000000000002,0.),.UNSPECIFIED.);
#2793=B_SPLINE_CURVE_WITH_KNOTS('',1,(#5539,#5540),.UNSPECIFIED.,.F.,.F.,
(2,2),(-1.20000000000002,0.),.UNSPECIFIED.);
#2794=B_SPLINE_CURVE_WITH_KNOTS('',1,(#5544,#5545),.UNSPECIFIED.,.F.,.F.,
(2,2),(0.,1.050006394451),.UNSPECIFIED.);
#2795=B_SPLINE_CURVE_WITH_KNOTS('',1,(#5549,#5550),.UNSPECIFIED.,.F.,.F.,
(2,2),(0.,1.050006394451),.UNSPECIFIED.);
#2796=B_SPLINE_CURVE_WITH_KNOTS('',1,(#5554,#5555),.UNSPECIFIED.,.F.,.F.,
(2,2),(0.,1.76775476692369),.UNSPECIFIED.);
#2797=B_SPLINE_CURVE_WITH_KNOTS('',1,(#5556,#5557),.UNSPECIFIED.,.F.,.F.,
(2,2),(0.,1.76775476692157),.UNSPECIFIED.);
#2798=B_SPLINE_CURVE_WITH_KNOTS('',1,(#5570,#5571),.UNSPECIFIED.,.F.,.F.,
(2,2),(0.,1.050006394451),.UNSPECIFIED.);
#2799=B_SPLINE_CURVE_WITH_KNOTS('',1,(#5575,#5576),.UNSPECIFIED.,.F.,.F.,
(2,2),(0.,1.050006394451),.UNSPECIFIED.);
#2800=B_SPLINE_CURVE_WITH_KNOTS('',1,(#5580,#5581),.UNSPECIFIED.,.F.,.F.,
(2,2),(-1.76775476692369,0.),.UNSPECIFIED.);
#2801=B_SPLINE_CURVE_WITH_KNOTS('',1,(#5582,#5583),.UNSPECIFIED.,.F.,.F.,
(2,2),(-1.76775476692157,0.),.UNSPECIFIED.);
#2802=B_SPLINE_CURVE_WITH_KNOTS('',1,(#5593,#5594),.UNSPECIFIED.,.F.,.F.,
(2,2),(-15.1,-0.0762000000000062),.UNSPECIFIED.);
#2803=B_SPLINE_CURVE_WITH_KNOTS('',1,(#5601,#5602),.UNSPECIFIED.,.F.,.F.,
(2,2),(-15.0238,0.),.UNSPECIFIED.);
#2804=B_SPLINE_CURVE_WITH_KNOTS('',1,(#5621,#5622),.UNSPECIFIED.,.F.,.F.,
(2,2),(-2.7,-0.203200000000348),.UNSPECIFIED.);
#2805=B_SPLINE_CURVE_WITH_KNOTS('',1,(#5623,#5624),.UNSPECIFIED.,.F.,.F.,
(2,2),(-2.49679999999967,0.),.UNSPECIFIED.);
#2806=B_SPLINE_CURVE_WITH_KNOTS('',1,(#5682,#5683),.UNSPECIFIED.,.F.,.F.,
(2,2),(1.50726034652775,15.8040603465278),.UNSPECIFIED.);
#2807=B_SPLINE_CURVE_WITH_KNOTS('',1,(#5687,#5688),.UNSPECIFIED.,.F.,.F.,
(2,2),(-3.29234220813486E-15,0.5628661417323),.UNSPECIFIED.);
#2808=B_SPLINE_CURVE_WITH_KNOTS('',1,(#5692,#5693),.UNSPECIFIED.,.F.,.F.,
(2,2),(-2.67841304690819E-15,0.5628661417323),.UNSPECIFIED.);
#2809=B_SPLINE_CURVE_WITH_KNOTS('',1,(#5726,#5727),.UNSPECIFIED.,.F.,.F.,
(2,2),(1.38777878078145E-17,0.94488188976378),.UNSPECIFIED.);
#2810=B_SPLINE_CURVE_WITH_KNOTS('',1,(#5728,#5729),.UNSPECIFIED.,.F.,.F.,
(2,2),(-4.37150315946155E-16,0.748031496062992),.UNSPECIFIED.);
#2811=B_SPLINE_CURVE_WITH_KNOTS('',1,(#5730,#5731),.UNSPECIFIED.,.F.,.F.,
(2,2),(-6.93889390390723E-18,0.748031496062992),.UNSPECIFIED.);
#2812=B_SPLINE_CURVE_WITH_KNOTS('',1,(#5732,#5733),.UNSPECIFIED.,.F.,.F.,
(2,2),(0.,0.94488188976378),.UNSPECIFIED.);
#2813=B_SPLINE_CURVE_WITH_KNOTS('',1,(#5734,#5735),.UNSPECIFIED.,.F.,.F.,
(2,2),(6.93889390390723E-18,0.94488188976378),.UNSPECIFIED.);
#2814=B_SPLINE_CURVE_WITH_KNOTS('',1,(#5742,#5743),.UNSPECIFIED.,.F.,.F.,
(2,2),(0.,0.748031496062992),.UNSPECIFIED.);
#2815=B_SPLINE_CURVE_WITH_KNOTS('',1,(#5750,#5751),.UNSPECIFIED.,.F.,.F.,
(2,2),(6.93889390390723E-18,0.94488188976378),.UNSPECIFIED.);
#2816=B_SPLINE_CURVE_WITH_KNOTS('',1,(#5758,#5759),.UNSPECIFIED.,.F.,.F.,
(2,2),(-5.55111512312578E-16,0.748031496062992),.UNSPECIFIED.);
#2817=B_SPLINE_CURVE_WITH_KNOTS('',1,(#5793,#5794),.UNSPECIFIED.,.F.,.F.,
(2,2),(-2.22379999999994,-0.076200000000003),.UNSPECIFIED.);
#2818=B_SPLINE_CURVE_WITH_KNOTS('',1,(#5795,#5796),.UNSPECIFIED.,.F.,.F.,
(2,2),(-2.22379999999994,-0.0762000000000112),.UNSPECIFIED.);
#2819=B_SPLINE_CURVE_WITH_KNOTS('',1,(#5800,#5801),.UNSPECIFIED.,.F.,.F.,
(2,2),(-2.22379999999994,-0.076200000000003),.UNSPECIFIED.);
#2820=B_SPLINE_CURVE_WITH_KNOTS('',1,(#5802,#5803),.UNSPECIFIED.,.F.,.F.,
(2,2),(-2.22379999999994,-0.0762000000000112),.UNSPECIFIED.);
#2821=B_SPLINE_CURVE_WITH_KNOTS('',1,(#5807,#5808),.UNSPECIFIED.,.F.,.F.,
(2,2),(-2.22379999999989,-0.076200000000003),.UNSPECIFIED.);
#2822=B_SPLINE_CURVE_WITH_KNOTS('',1,(#5809,#5810),.UNSPECIFIED.,.F.,.F.,
(2,2),(-2.22379999999991,-0.0762000000000623),.UNSPECIFIED.);
#2823=B_SPLINE_CURVE_WITH_KNOTS('',1,(#5811,#5812),.UNSPECIFIED.,.F.,.F.,
(2,2),(-2.2238,-0.0762000000000624),.UNSPECIFIED.);
#2824=B_SPLINE_CURVE_WITH_KNOTS('',1,(#5816,#5817),.UNSPECIFIED.,.F.,.F.,
(2,2),(-2.22379999999994,-0.076200000000003),.UNSPECIFIED.);
#2825=B_SPLINE_CURVE_WITH_KNOTS('',1,(#5818,#5819),.UNSPECIFIED.,.F.,.F.,
(2,2),(4.09394740330526E-16,0.748031496062993),.UNSPECIFIED.);
#2826=B_SPLINE_CURVE_WITH_KNOTS('',1,(#5820,#5821),.UNSPECIFIED.,.F.,.F.,
(2,2),(0.,0.748031496062992),.UNSPECIFIED.);
#2827=B_SPLINE_CURVE_WITH_KNOTS('',1,(#5822,#5823),.UNSPECIFIED.,.F.,.F.,
(2,2),(0.,0.94488188976378),.UNSPECIFIED.);
#2828=B_SPLINE_CURVE_WITH_KNOTS('',1,(#5824,#5825),.UNSPECIFIED.,.F.,.F.,
(2,2),(0.,0.944881889763779),.UNSPECIFIED.);
#2829=B_SPLINE_CURVE_WITH_KNOTS('',1,(#5826,#5827),.UNSPECIFIED.,.F.,.F.,
(2,2),(-9.0205620750794E-17,0.944881889763779),.UNSPECIFIED.);
#2830=B_SPLINE_CURVE_WITH_KNOTS('',1,(#5828,#5829),.UNSPECIFIED.,.F.,.F.,
(2,2),(4.85722573273506E-16,0.748031496062992),.UNSPECIFIED.);
#2831=B_SPLINE_CURVE_WITH_KNOTS('',1,(#5830,#5831),.UNSPECIFIED.,.F.,.F.,
(2,2),(-8.32667268468867E-17,0.94488188976378),.UNSPECIFIED.);
#2832=B_SPLINE_CURVE_WITH_KNOTS('',1,(#5832,#5833),.UNSPECIFIED.,.F.,.F.,
(2,2),(1.38777878078145E-17,0.748031496062992),.UNSPECIFIED.);
#2833=B_SPLINE_CURVE_WITH_KNOTS('',1,(#5873,#5874),.UNSPECIFIED.,.F.,.F.,
(2,2),(0.177260346527815,1.30106034652777),.UNSPECIFIED.);
#2834=B_SPLINE_CURVE_WITH_KNOTS('',1,(#5940,#5941),.UNSPECIFIED.,.F.,.F.,
(2,2),(0.,0.00999999999999979),.UNSPECIFIED.);
#2835=B_SPLINE_CURVE_WITH_KNOTS('',1,(#5945,#5946),.UNSPECIFIED.,.F.,.F.,
(2,2),(-1.6145099729,0.),.UNSPECIFIED.);
#2836=B_SPLINE_CURVE_WITH_KNOTS('',1,(#5947,#5948),.UNSPECIFIED.,.F.,.F.,
(2,2),(-1.6145099729,0.),.UNSPECIFIED.);
#2837=B_SPLINE_CURVE_WITH_KNOTS('',1,(#5955,#5956),.UNSPECIFIED.,.F.,.F.,
(2,2),(0.,0.126968004062972),.UNSPECIFIED.);
#2838=B_SPLINE_CURVE_WITH_KNOTS('',1,(#5957,#5958),.UNSPECIFIED.,.F.,.F.,
(2,2),(-0.302000858126268,0.),.UNSPECIFIED.);
#2839=B_SPLINE_CURVE_WITH_KNOTS('',1,(#5962,#5963),.UNSPECIFIED.,.F.,.F.,
(2,2),(0.,0.126968004062972),.UNSPECIFIED.);
#2840=B_SPLINE_CURVE_WITH_KNOTS('',1,(#5964,#5965),.UNSPECIFIED.,.F.,.F.,
(2,2),(-0.437490885239186,0.),.UNSPECIFIED.);
#2841=B_SPLINE_CURVE_WITH_KNOTS('',1,(#5966,#5967),.UNSPECIFIED.,.F.,.F.,
(2,2),(0.,0.126968004062983),.UNSPECIFIED.);
#2842=B_SPLINE_CURVE_WITH_KNOTS('',1,(#5980,#5981),.UNSPECIFIED.,.F.,.F.,
(2,2),(-0.302000858126268,0.),.UNSPECIFIED.);
#2843=B_SPLINE_CURVE_WITH_KNOTS('',1,(#5985,#5986),.UNSPECIFIED.,.F.,.F.,
(2,2),(-0.437490885239186,0.),.UNSPECIFIED.);
#2844=B_SPLINE_CURVE_WITH_KNOTS('',1,(#5993,#5994),.UNSPECIFIED.,.F.,.F.,
(2,2),(0.0730319959370227,0.2),.UNSPECIFIED.);
#2845=B_SPLINE_CURVE_WITH_KNOTS('',1,(#5995,#5996),.UNSPECIFIED.,.F.,.F.,
(2,2),(-0.126968004062975,0.),.UNSPECIFIED.);
#2846=B_SPLINE_CURVE_WITH_KNOTS('',1,(#5997,#5998),.UNSPECIFIED.,.F.,.F.,
(2,2),(-0.126968004062951,0.),.UNSPECIFIED.);
#2847=B_SPLINE_CURVE_WITH_KNOTS('',1,(#5999,#6000),.UNSPECIFIED.,.F.,.F.,
(2,2),(-0.126968004062972,0.),.UNSPECIFIED.);
#2848=B_SPLINE_CURVE_WITH_KNOTS('',1,(#6001,#6002),.UNSPECIFIED.,.F.,.F.,
(2,2),(-1.6145099729,0.),.UNSPECIFIED.);
#2849=B_SPLINE_CURVE_WITH_KNOTS('',1,(#6003,#6004),.UNSPECIFIED.,.F.,.F.,
(2,2),(-1.6145099729,0.),.UNSPECIFIED.);
#2850=B_SPLINE_CURVE_WITH_KNOTS('',1,(#6011,#6012),.UNSPECIFIED.,.F.,.F.,
(2,2),(0.,0.126968004062983),.UNSPECIFIED.);
#2851=B_SPLINE_CURVE_WITH_KNOTS('',1,(#6016,#6017),.UNSPECIFIED.,.F.,.F.,
(2,2),(0.,0.126968004062971),.UNSPECIFIED.);
#2852=B_SPLINE_CURVE_WITH_KNOTS('',1,(#6021,#6022),.UNSPECIFIED.,.F.,.F.,
(2,2),(0.,0.126968004062987),.UNSPECIFIED.);
#2853=B_SPLINE_CURVE_WITH_KNOTS('',1,(#6047,#6048),.UNSPECIFIED.,.F.,.F.,
(2,2),(0.0730319959370099,0.2),.UNSPECIFIED.);
#2854=B_SPLINE_CURVE_WITH_KNOTS('',1,(#6049,#6050),.UNSPECIFIED.,.F.,.F.,
(2,2),(-0.126968004062938,0.),.UNSPECIFIED.);
#2855=B_SPLINE_CURVE_WITH_KNOTS('',1,(#6051,#6052),.UNSPECIFIED.,.F.,.F.,
(2,2),(-0.126968004062951,0.),.UNSPECIFIED.);
#2856=B_SPLINE_CURVE_WITH_KNOTS('',1,(#6053,#6054),.UNSPECIFIED.,.F.,.F.,
(2,2),(-0.126968004062975,0.),.UNSPECIFIED.);
#2857=B_SPLINE_CURVE_WITH_KNOTS('',1,(#6055,#6056),.UNSPECIFIED.,.F.,.F.,
(2,2),(-0.126968004063,0.),.UNSPECIFIED.);
#2858=B_SPLINE_CURVE_WITH_KNOTS('',1,(#6057,#6058),.UNSPECIFIED.,.F.,.F.,
(2,2),(0.,0.126968004062989),.UNSPECIFIED.);
#2859=B_SPLINE_CURVE_WITH_KNOTS('',1,(#6059,#6060),.UNSPECIFIED.,.F.,.F.,
(2,2),(0.,0.126968004062998),.UNSPECIFIED.);
#2860=B_SPLINE_CURVE_WITH_KNOTS('',1,(#6064,#6065),.UNSPECIFIED.,.F.,.F.,
(2,2),(-0.2,-0.0730319959370262),.UNSPECIFIED.);
#2861=B_SPLINE_CURVE_WITH_KNOTS('',1,(#6075,#6076),.UNSPECIFIED.,.F.,.F.,
(2,2),(0.,0.126968004062972),.UNSPECIFIED.);
#2862=B_SPLINE_CURVE_WITH_KNOTS('',1,(#6077,#6078),.UNSPECIFIED.,.F.,.F.,
(2,2),(-0.303146336502669,0.),.UNSPECIFIED.);
#2863=B_SPLINE_CURVE_WITH_KNOTS('',1,(#6082,#6083),.UNSPECIFIED.,.F.,.F.,
(2,2),(-0.438636363644469,0.),.UNSPECIFIED.);
#2864=B_SPLINE_CURVE_WITH_KNOTS('',1,(#6096,#6097),.UNSPECIFIED.,.F.,.F.,
(2,2),(-0.303146336502669,0.),.UNSPECIFIED.);
#2865=B_SPLINE_CURVE_WITH_KNOTS('',1,(#6101,#6102),.UNSPECIFIED.,.F.,.F.,
(2,2),(-0.438636363644469,0.),.UNSPECIFIED.);
#2866=B_SPLINE_CURVE_WITH_KNOTS('',1,(#6103,#6104),.UNSPECIFIED.,.F.,.F.,
(2,2),(-0.126968004062947,0.),.UNSPECIFIED.);
#2867=B_SPLINE_CURVE_WITH_KNOTS('',1,(#6105,#6106),.UNSPECIFIED.,.F.,.F.,
(2,2),(-0.126968004062951,0.),.UNSPECIFIED.);
#2868=B_SPLINE_CURVE_WITH_KNOTS('',1,(#6107,#6108),.UNSPECIFIED.,.F.,.F.,
(2,2),(-0.126968004062972,0.),.UNSPECIFIED.);
#2869=B_SPLINE_CURVE_WITH_KNOTS('',1,(#6117,#6118),.UNSPECIFIED.,.F.,.F.,
(2,2),(0.17726034652777,1.30106034652777),.UNSPECIFIED.);
#2870=B_SPLINE_CURVE_WITH_KNOTS('',1,(#6131,#6132),.UNSPECIFIED.,.F.,.F.,
(2,2),(0.,0.00999999999999979),.UNSPECIFIED.);
#2871=B_SPLINE_CURVE_WITH_KNOTS('',1,(#6267,#6268),.UNSPECIFIED.,.F.,.F.,
(2,2),(1.06451397360589,1.11503746718609),.UNSPECIFIED.);
#2872=B_SPLINE_CURVE_WITH_KNOTS('',1,(#6269,#6270),.UNSPECIFIED.,.F.,.F.,
(2,2),(0.92124415789449,0.933055181516538),.UNSPECIFIED.);
#2873=B_SPLINE_CURVE_WITH_KNOTS('',1,(#6271,#6272),.UNSPECIFIED.,.F.,.F.,
(2,2),(0.763763842933861,0.918087268464068),.UNSPECIFIED.);
#2874=B_SPLINE_CURVE_WITH_KNOTS('',1,(#6273,#6274),.UNSPECIFIED.,.F.,.F.,
(2,2),(0.755692976792128,0.763763842933861),.UNSPECIFIED.);
#2875=B_SPLINE_CURVE_WITH_KNOTS('',1,(#6286,#6287),.UNSPECIFIED.,.F.,.F.,
(2,2),(0.936212070946979,1.06451397360589),.UNSPECIFIED.);
#2876=B_SPLINE_CURVE_WITH_KNOTS('',1,(#6294,#6295),.UNSPECIFIED.,.F.,.F.,
(2,2),(0.918087268464068,0.92124415789449),.UNSPECIFIED.);
#2877=B_SPLINE_CURVE_WITH_KNOTS('',1,(#6296,#6297),.UNSPECIFIED.,.F.,.F.,
(2,2),(0.933055181516538,0.936212070946979),.UNSPECIFIED.);
#2878=B_SPLINE_CURVE_WITH_KNOTS('',1,(#6330,#6331),.UNSPECIFIED.,.F.,.F.,
(2,2),(1.06451397360589,1.11503746718609),.UNSPECIFIED.);
#2879=B_SPLINE_CURVE_WITH_KNOTS('',1,(#6343,#6344),.UNSPECIFIED.,.F.,.F.,
(2,2),(0.755692976792128,0.763763842933861),.UNSPECIFIED.);
#2880=B_SPLINE_CURVE_WITH_KNOTS('',1,(#6348,#6349),.UNSPECIFIED.,.F.,.F.,
(2,2),(0.763763842933861,0.918087251065975),.UNSPECIFIED.);
#2881=B_SPLINE_CURVE_WITH_KNOTS('',1,(#6353,#6354),.UNSPECIFIED.,.F.,.F.,
(2,2),(0.936212070947002,1.06451397360589),.UNSPECIFIED.);
#2882=B_SPLINE_CURVE_WITH_KNOTS('',1,(#6496,#6497),.UNSPECIFIED.,.F.,.F.,
(2,2),(1.06451397360589,1.11503746718609),.UNSPECIFIED.);
#2883=B_SPLINE_CURVE_WITH_KNOTS('',1,(#6498,#6499),.UNSPECIFIED.,.F.,.F.,
(2,2),(0.92124415789449,0.933055181516538),.UNSPECIFIED.);
#2884=B_SPLINE_CURVE_WITH_KNOTS('',1,(#6500,#6501),.UNSPECIFIED.,.F.,.F.,
(2,2),(0.763763842933861,0.918087268464068),.UNSPECIFIED.);
#2885=B_SPLINE_CURVE_WITH_KNOTS('',1,(#6502,#6503),.UNSPECIFIED.,.F.,.F.,
(2,2),(0.755692976792128,0.763763842933861),.UNSPECIFIED.);
#2886=B_SPLINE_CURVE_WITH_KNOTS('',1,(#6515,#6516),.UNSPECIFIED.,.F.,.F.,
(2,2),(0.936212070946979,1.06451397360589),.UNSPECIFIED.);
#2887=B_SPLINE_CURVE_WITH_KNOTS('',1,(#6523,#6524),.UNSPECIFIED.,.F.,.F.,
(2,2),(0.918087268464068,0.92124415789449),.UNSPECIFIED.);
#2888=B_SPLINE_CURVE_WITH_KNOTS('',1,(#6525,#6526),.UNSPECIFIED.,.F.,.F.,
(2,2),(0.933055181516538,0.936212070946979),.UNSPECIFIED.);
#2889=B_SPLINE_CURVE_WITH_KNOTS('',1,(#6559,#6560),.UNSPECIFIED.,.F.,.F.,
(2,2),(1.06451397360589,1.11503746718609),.UNSPECIFIED.);
#2890=B_SPLINE_CURVE_WITH_KNOTS('',1,(#6572,#6573),.UNSPECIFIED.,.F.,.F.,
(2,2),(0.755692976792128,0.763763842933861),.UNSPECIFIED.);
#2891=B_SPLINE_CURVE_WITH_KNOTS('',1,(#6577,#6578),.UNSPECIFIED.,.F.,.F.,
(2,2),(0.763763842933861,0.918087251065977),.UNSPECIFIED.);
#2892=B_SPLINE_CURVE_WITH_KNOTS('',1,(#6582,#6583),.UNSPECIFIED.,.F.,.F.,
(2,2),(0.936212070947002,1.06451397360589),.UNSPECIFIED.);
#2893=B_SPLINE_CURVE_WITH_KNOTS('',1,(#6725,#6726),.UNSPECIFIED.,.F.,.F.,
(2,2),(1.06451397360589,1.11503746718609),.UNSPECIFIED.);
#2894=B_SPLINE_CURVE_WITH_KNOTS('',1,(#6727,#6728),.UNSPECIFIED.,.F.,.F.,
(2,2),(0.92124415789449,0.933055181516538),.UNSPECIFIED.);
#2895=B_SPLINE_CURVE_WITH_KNOTS('',1,(#6729,#6730),.UNSPECIFIED.,.F.,.F.,
(2,2),(0.763763842933861,0.918087268464068),.UNSPECIFIED.);
#2896=B_SPLINE_CURVE_WITH_KNOTS('',1,(#6731,#6732),.UNSPECIFIED.,.F.,.F.,
(2,2),(0.755692976792128,0.763763842933861),.UNSPECIFIED.);
#2897=B_SPLINE_CURVE_WITH_KNOTS('',1,(#6744,#6745),.UNSPECIFIED.,.F.,.F.,
(2,2),(0.936212070946979,1.06451397360589),.UNSPECIFIED.);
#2898=B_SPLINE_CURVE_WITH_KNOTS('',1,(#6752,#6753),.UNSPECIFIED.,.F.,.F.,
(2,2),(0.918087268464068,0.92124415789449),.UNSPECIFIED.);
#2899=B_SPLINE_CURVE_WITH_KNOTS('',1,(#6754,#6755),.UNSPECIFIED.,.F.,.F.,
(2,2),(0.933055181516538,0.936212070946979),.UNSPECIFIED.);
#2900=B_SPLINE_CURVE_WITH_KNOTS('',1,(#6788,#6789),.UNSPECIFIED.,.F.,.F.,
(2,2),(1.06451397360589,1.11503746718609),.UNSPECIFIED.);
#2901=B_SPLINE_CURVE_WITH_KNOTS('',1,(#6801,#6802),.UNSPECIFIED.,.F.,.F.,
(2,2),(0.755692976792128,0.763763842933861),.UNSPECIFIED.);
#2902=B_SPLINE_CURVE_WITH_KNOTS('',1,(#6806,#6807),.UNSPECIFIED.,.F.,.F.,
(2,2),(0.763763842933861,0.918087251065983),.UNSPECIFIED.);
#2903=B_SPLINE_CURVE_WITH_KNOTS('',1,(#6811,#6812),.UNSPECIFIED.,.F.,.F.,
(2,2),(0.936212070947002,1.06451397360589),.UNSPECIFIED.);
#2904=VERTEX_POINT('',#4818);
#2905=VERTEX_POINT('',#4819);
#2906=VERTEX_POINT('',#4820);
#2907=VERTEX_POINT('',#4821);
#2908=VERTEX_POINT('',#4822);
#2909=VERTEX_POINT('',#4823);
#2910=VERTEX_POINT('',#4824);
#2911=VERTEX_POINT('',#4825);
#2912=VERTEX_POINT('',#4826);
#2913=VERTEX_POINT('',#4827);
#2914=VERTEX_POINT('',#4828);
#2915=VERTEX_POINT('',#4829);
#2916=VERTEX_POINT('',#4830);
#2917=VERTEX_POINT('',#4831);
#2918=VERTEX_POINT('',#4832);
#2919=VERTEX_POINT('',#4833);
#2920=VERTEX_POINT('',#4834);
#2921=VERTEX_POINT('',#4835);
#2922=VERTEX_POINT('',#4836);
#2923=VERTEX_POINT('',#4837);
#2924=VERTEX_POINT('',#4838);
#2925=VERTEX_POINT('',#4839);
#2926=VERTEX_POINT('',#4840);
#2927=VERTEX_POINT('',#4841);
#2928=VERTEX_POINT('',#4842);
#2929=VERTEX_POINT('',#4843);
#2930=VERTEX_POINT('',#4844);
#2931=VERTEX_POINT('',#4845);
#2932=VERTEX_POINT('',#4846);
#2933=VERTEX_POINT('',#4847);
#2934=VERTEX_POINT('',#4848);
#2935=VERTEX_POINT('',#4849);
#2936=VERTEX_POINT('',#4850);
#2937=VERTEX_POINT('',#4851);
#2938=VERTEX_POINT('',#4852);
#2939=VERTEX_POINT('',#4853);
#2940=VERTEX_POINT('',#4854);
#2941=VERTEX_POINT('',#4855);
#2942=VERTEX_POINT('',#4856);
#2943=VERTEX_POINT('',#4857);
#2944=VERTEX_POINT('',#4858);
#2945=VERTEX_POINT('',#4859);
#2946=VERTEX_POINT('',#4860);
#2947=VERTEX_POINT('',#4861);
#2948=VERTEX_POINT('',#4862);
#2949=VERTEX_POINT('',#4863);
#2950=VERTEX_POINT('',#4864);
#2951=VERTEX_POINT('',#4865);
#2952=VERTEX_POINT('',#4866);
#2953=VERTEX_POINT('',#4867);
#2954=VERTEX_POINT('',#4868);
#2955=VERTEX_POINT('',#4869);
#2956=VERTEX_POINT('',#4870);
#2957=VERTEX_POINT('',#4871);
#2958=VERTEX_POINT('',#4872);
#2959=VERTEX_POINT('',#4873);
#2960=VERTEX_POINT('',#4874);
#2961=VERTEX_POINT('',#4875);
#2962=VERTEX_POINT('',#4876);
#2963=VERTEX_POINT('',#4877);
#2964=VERTEX_POINT('',#4878);
#2965=VERTEX_POINT('',#4879);
#2966=VERTEX_POINT('',#4880);
#2967=VERTEX_POINT('',#4881);
#2968=VERTEX_POINT('',#4882);
#2969=VERTEX_POINT('',#4883);
#2970=VERTEX_POINT('',#4884);
#2971=VERTEX_POINT('',#4885);
#2972=VERTEX_POINT('',#4886);
#2973=VERTEX_POINT('',#4887);
#2974=VERTEX_POINT('',#4888);
#2975=VERTEX_POINT('',#4889);
#2976=VERTEX_POINT('',#4890);
#2977=VERTEX_POINT('',#4891);
#2978=VERTEX_POINT('',#4892);
#2979=VERTEX_POINT('',#4893);
#2980=VERTEX_POINT('',#4894);
#2981=VERTEX_POINT('',#4895);
#2982=VERTEX_POINT('',#4896);
#2983=VERTEX_POINT('',#4897);
#2984=VERTEX_POINT('',#4898);
#2985=VERTEX_POINT('',#4899);
#2986=VERTEX_POINT('',#4900);
#2987=VERTEX_POINT('',#4901);
#2988=VERTEX_POINT('',#4902);
#2989=VERTEX_POINT('',#4903);
#2990=VERTEX_POINT('',#4904);
#2991=VERTEX_POINT('',#4905);
#2992=VERTEX_POINT('',#4906);
#2993=VERTEX_POINT('',#4907);
#2994=VERTEX_POINT('',#4908);
#2995=VERTEX_POINT('',#4909);
#2996=VERTEX_POINT('',#4910);
#2997=VERTEX_POINT('',#4911);
#2998=VERTEX_POINT('',#4912);
#2999=VERTEX_POINT('',#4913);
#3000=VERTEX_POINT('',#4914);
#3001=VERTEX_POINT('',#4915);
#3002=VERTEX_POINT('',#4916);
#3003=VERTEX_POINT('',#4917);
#3004=VERTEX_POINT('',#4918);
#3005=VERTEX_POINT('',#4919);
#3006=VERTEX_POINT('',#4920);
#3007=VERTEX_POINT('',#4921);
#3008=VERTEX_POINT('',#4922);
#3009=VERTEX_POINT('',#4923);
#3010=VERTEX_POINT('',#4924);
#3011=VERTEX_POINT('',#4925);
#3012=VERTEX_POINT('',#4926);
#3013=VERTEX_POINT('',#4927);
#3014=VERTEX_POINT('',#4928);
#3015=VERTEX_POINT('',#4929);
#3016=VERTEX_POINT('',#4930);
#3017=VERTEX_POINT('',#4931);
#3018=VERTEX_POINT('',#4932);
#3019=VERTEX_POINT('',#4933);
#3020=VERTEX_POINT('',#4934);
#3021=VERTEX_POINT('',#4935);
#3022=VERTEX_POINT('',#4936);
#3023=VERTEX_POINT('',#4937);
#3024=VERTEX_POINT('',#4938);
#3025=VERTEX_POINT('',#4939);
#3026=VERTEX_POINT('',#4940);
#3027=VERTEX_POINT('',#4941);
#3028=VERTEX_POINT('',#4942);
#3029=VERTEX_POINT('',#4943);
#3030=VERTEX_POINT('',#4944);
#3031=VERTEX_POINT('',#4945);
#3032=VERTEX_POINT('',#4946);
#3033=VERTEX_POINT('',#4947);
#3034=VERTEX_POINT('',#4948);
#3035=VERTEX_POINT('',#4949);
#3036=VERTEX_POINT('',#4950);
#3037=VERTEX_POINT('',#4951);
#3038=VERTEX_POINT('',#4952);
#3039=VERTEX_POINT('',#4953);
#3040=VERTEX_POINT('',#4954);
#3041=VERTEX_POINT('',#4955);
#3042=VERTEX_POINT('',#4956);
#3043=VERTEX_POINT('',#4957);
#3044=VERTEX_POINT('',#4958);
#3045=VERTEX_POINT('',#4959);
#3046=VERTEX_POINT('',#4960);
#3047=VERTEX_POINT('',#4961);
#3048=VERTEX_POINT('',#4962);
#3049=VERTEX_POINT('',#4963);
#3050=VERTEX_POINT('',#4964);
#3051=VERTEX_POINT('',#4965);
#3052=VERTEX_POINT('',#4966);
#3053=VERTEX_POINT('',#4967);
#3054=VERTEX_POINT('',#4968);
#3055=VERTEX_POINT('',#4969);
#3056=VERTEX_POINT('',#4970);
#3057=VERTEX_POINT('',#4971);
#3058=VERTEX_POINT('',#4972);
#3059=VERTEX_POINT('',#4973);
#3060=VERTEX_POINT('',#4974);
#3061=VERTEX_POINT('',#4975);
#3062=VERTEX_POINT('',#4976);
#3063=VERTEX_POINT('',#4977);
#3064=VERTEX_POINT('',#4978);
#3065=VERTEX_POINT('',#4979);
#3066=VERTEX_POINT('',#4980);
#3067=VERTEX_POINT('',#4981);
#3068=VERTEX_POINT('',#4982);
#3069=VERTEX_POINT('',#4983);
#3070=VERTEX_POINT('',#4984);
#3071=VERTEX_POINT('',#4985);
#3072=VERTEX_POINT('',#4986);
#3073=VERTEX_POINT('',#4987);
#3074=VERTEX_POINT('',#4988);
#3075=VERTEX_POINT('',#4989);
#3076=VERTEX_POINT('',#4990);
#3077=VERTEX_POINT('',#4991);
#3078=VERTEX_POINT('',#4992);
#3079=VERTEX_POINT('',#4993);
#3080=VERTEX_POINT('',#4994);
#3081=VERTEX_POINT('',#4995);
#3082=VERTEX_POINT('',#4996);
#3083=VERTEX_POINT('',#4997);
#3084=VERTEX_POINT('',#4998);
#3085=VERTEX_POINT('',#4999);
#3086=VERTEX_POINT('',#5000);
#3087=VERTEX_POINT('',#5001);
#3088=VERTEX_POINT('',#5002);
#3089=VERTEX_POINT('',#5003);
#3090=VERTEX_POINT('',#5004);
#3091=VERTEX_POINT('',#5005);
#3092=VERTEX_POINT('',#5006);
#3093=VERTEX_POINT('',#5007);
#3094=VERTEX_POINT('',#5008);
#3095=VERTEX_POINT('',#5009);
#3096=VERTEX_POINT('',#5010);
#3097=VERTEX_POINT('',#5011);
#3098=VERTEX_POINT('',#5012);
#3099=VERTEX_POINT('',#5013);
#3100=VERTEX_POINT('',#5014);
#3101=VERTEX_POINT('',#5015);
#3102=VERTEX_POINT('',#5016);
#3103=VERTEX_POINT('',#5017);
#3104=VERTEX_POINT('',#5018);
#3105=VERTEX_POINT('',#5019);
#3106=VERTEX_POINT('',#5020);
#3107=VERTEX_POINT('',#5021);
#3108=VERTEX_POINT('',#5022);
#3109=VERTEX_POINT('',#5023);
#3110=VERTEX_POINT('',#5024);
#3111=VERTEX_POINT('',#5025);
#3112=VERTEX_POINT('',#5026);
#3113=VERTEX_POINT('',#5027);
#3114=VERTEX_POINT('',#5028);
#3115=VERTEX_POINT('',#5029);
#3116=VERTEX_POINT('',#5030);
#3117=VERTEX_POINT('',#5031);
#3118=VERTEX_POINT('',#5032);
#3119=VERTEX_POINT('',#5033);
#3120=VERTEX_POINT('',#5034);
#3121=VERTEX_POINT('',#5035);
#3122=VERTEX_POINT('',#5036);
#3123=VERTEX_POINT('',#5037);
#3124=VERTEX_POINT('',#5038);
#3125=VERTEX_POINT('',#5039);
#3126=VERTEX_POINT('',#5040);
#3127=VERTEX_POINT('',#5041);
#3128=VERTEX_POINT('',#5042);
#3129=VERTEX_POINT('',#5043);
#3130=VERTEX_POINT('',#5044);
#3131=VERTEX_POINT('',#5045);
#3132=VERTEX_POINT('',#5046);
#3133=VERTEX_POINT('',#5047);
#3134=VERTEX_POINT('',#5048);
#3135=VERTEX_POINT('',#5049);
#3136=VERTEX_POINT('',#5050);
#3137=VERTEX_POINT('',#5051);
#3138=VERTEX_POINT('',#5052);
#3139=VERTEX_POINT('',#5053);
#3140=VERTEX_POINT('',#5054);
#3141=VERTEX_POINT('',#5055);
#3142=VERTEX_POINT('',#5056);
#3143=VERTEX_POINT('',#5057);
#3144=VERTEX_POINT('',#5058);
#3145=VERTEX_POINT('',#5059);
#3146=VERTEX_POINT('',#5060);
#3147=VERTEX_POINT('',#5061);
#3148=VERTEX_POINT('',#5062);
#3149=VERTEX_POINT('',#5063);
#3150=VERTEX_POINT('',#5064);
#3151=VERTEX_POINT('',#5065);
#3152=VERTEX_POINT('',#5066);
#3153=VERTEX_POINT('',#5067);
#3154=VERTEX_POINT('',#5068);
#3155=VERTEX_POINT('',#5069);
#3156=VERTEX_POINT('',#5070);
#3157=VERTEX_POINT('',#5071);
#3158=VERTEX_POINT('',#5072);
#3159=VERTEX_POINT('',#5073);
#3160=VERTEX_POINT('',#5074);
#3161=VERTEX_POINT('',#5075);
#3162=VERTEX_POINT('',#5076);
#3163=VERTEX_POINT('',#5077);
#3164=VERTEX_POINT('',#5078);
#3165=VERTEX_POINT('',#5079);
#3166=VERTEX_POINT('',#5080);
#3167=VERTEX_POINT('',#5081);
#3168=VERTEX_POINT('',#5082);
#3169=VERTEX_POINT('',#5083);
#3170=VERTEX_POINT('',#5084);
#3171=VERTEX_POINT('',#5085);
#3172=VERTEX_POINT('',#5086);
#3173=VERTEX_POINT('',#5087);
#3174=VERTEX_POINT('',#5088);
#3175=VERTEX_POINT('',#5089);
#3176=VERTEX_POINT('',#5090);
#3177=VERTEX_POINT('',#6246);
#3178=VERTEX_POINT('',#6247);
#3179=VERTEX_POINT('',#6248);
#3180=VERTEX_POINT('',#6249);
#3181=VERTEX_POINT('',#6250);
#3182=VERTEX_POINT('',#6251);
#3183=VERTEX_POINT('',#6252);
#3184=VERTEX_POINT('',#6253);
#3185=VERTEX_POINT('',#6254);
#3186=VERTEX_POINT('',#6255);
#3187=VERTEX_POINT('',#6256);
#3188=VERTEX_POINT('',#6257);
#3189=VERTEX_POINT('',#6258);
#3190=VERTEX_POINT('',#6259);
#3191=VERTEX_POINT('',#6260);
#3192=VERTEX_POINT('',#6261);
#3193=VERTEX_POINT('',#6475);
#3194=VERTEX_POINT('',#6476);
#3195=VERTEX_POINT('',#6477);
#3196=VERTEX_POINT('',#6478);
#3197=VERTEX_POINT('',#6479);
#3198=VERTEX_POINT('',#6480);
#3199=VERTEX_POINT('',#6481);
#3200=VERTEX_POINT('',#6482);
#3201=VERTEX_POINT('',#6483);
#3202=VERTEX_POINT('',#6484);
#3203=VERTEX_POINT('',#6485);
#3204=VERTEX_POINT('',#6486);
#3205=VERTEX_POINT('',#6487);
#3206=VERTEX_POINT('',#6488);
#3207=VERTEX_POINT('',#6489);
#3208=VERTEX_POINT('',#6490);
#3209=VERTEX_POINT('',#6704);
#3210=VERTEX_POINT('',#6705);
#3211=VERTEX_POINT('',#6706);
#3212=VERTEX_POINT('',#6707);
#3213=VERTEX_POINT('',#6708);
#3214=VERTEX_POINT('',#6709);
#3215=VERTEX_POINT('',#6710);
#3216=VERTEX_POINT('',#6711);
#3217=VERTEX_POINT('',#6712);
#3218=VERTEX_POINT('',#6713);
#3219=VERTEX_POINT('',#6714);
#3220=VERTEX_POINT('',#6715);
#3221=VERTEX_POINT('',#6716);
#3222=VERTEX_POINT('',#6717);
#3223=VERTEX_POINT('',#6718);
#3224=VERTEX_POINT('',#6719);
#3225=(
BOUNDED_SURFACE()
B_SPLINE_SURFACE(1,2,((#4387,#4388,#4389,#4390,#4391,#4392,#4393,#4394,
#4395),(#4396,#4397,#4398,#4399,#4400,#4401,#4402,#4403,#4404)),
 .UNSPECIFIED.,.F.,.F.,.F.)
B_SPLINE_SURFACE_WITH_KNOTS((2,2),(3,2,2,2,3),(0.,4.74787430567837),(0.,
1.5707963267949,3.14159265358979,4.71238898038469,6.28318530717959),
 .UNSPECIFIED.)
GEOMETRIC_REPRESENTATION_ITEM()
RATIONAL_B_SPLINE_SURFACE(((1.,0.707106781186548,1.,0.707106781186548,1.,
0.707106781186548,1.,0.707106781186548,1.),(1.,0.707106781186548,1.,0.707106781186548,
1.,0.707106781186548,1.,0.707106781186548,1.)))
REPRESENTATION_ITEM('')
SURFACE()
);
#3226=(
BOUNDED_SURFACE()
B_SPLINE_SURFACE(1,2,((#4405,#4406,#4407,#4408,#4409,#4410,#4411,#4412,
#4413),(#4414,#4415,#4416,#4417,#4418,#4419,#4420,#4421,#4422)),
 .UNSPECIFIED.,.F.,.F.,.F.)
B_SPLINE_SURFACE_WITH_KNOTS((2,2),(3,2,2,2,3),(0.,4.74787430567837),(0.,
1.5707963267949,3.14159265358979,4.71238898038469,6.28318530717959),
 .UNSPECIFIED.)
GEOMETRIC_REPRESENTATION_ITEM()
RATIONAL_B_SPLINE_SURFACE(((1.,0.707106781186548,1.,0.707106781186548,1.,
0.707106781186548,1.,0.707106781186548,1.),(1.,0.707106781186548,1.,0.707106781186548,
1.,0.707106781186548,1.,0.707106781186548,1.)))
REPRESENTATION_ITEM('')
SURFACE()
);
#3227=(
BOUNDED_SURFACE()
B_SPLINE_SURFACE(1,2,((#4425,#4426,#4427,#4428,#4429,#4430,#4431,#4432,
#4433),(#4434,#4435,#4436,#4437,#4438,#4439,#4440,#4441,#4442)),
 .UNSPECIFIED.,.F.,.F.,.F.)
B_SPLINE_SURFACE_WITH_KNOTS((2,2),(3,2,2,2,3),(0.,4.74787430567837),(0.,
1.5707963267949,3.14159265358979,4.71238898038469,6.28318530717959),
 .UNSPECIFIED.)
GEOMETRIC_REPRESENTATION_ITEM()
RATIONAL_B_SPLINE_SURFACE(((1.,0.707106781186548,1.,0.707106781186548,1.,
0.707106781186548,1.,0.707106781186548,1.),(1.,0.707106781186548,1.,0.707106781186548,
1.,0.707106781186548,1.,0.707106781186548,1.)))
REPRESENTATION_ITEM('')
SURFACE()
);
#3228=(
BOUNDED_SURFACE()
B_SPLINE_SURFACE(1,2,((#4443,#4444,#4445,#4446,#4447,#4448,#4449,#4450,
#4451),(#4452,#4453,#4454,#4455,#4456,#4457,#4458,#4459,#4460)),
 .UNSPECIFIED.,.F.,.F.,.F.)
B_SPLINE_SURFACE_WITH_KNOTS((2,2),(3,2,2,2,3),(0.,4.74787430567837),(0.,
1.5707963267949,3.14159265358979,4.71238898038469,6.28318530717959),
 .UNSPECIFIED.)
GEOMETRIC_REPRESENTATION_ITEM()
RATIONAL_B_SPLINE_SURFACE(((1.,0.707106781186548,1.,0.707106781186548,1.,
0.707106781186548,1.,0.707106781186548,1.),(1.,0.707106781186548,1.,0.707106781186548,
1.,0.707106781186548,1.,0.707106781186548,1.)))
REPRESENTATION_ITEM('')
SURFACE()
);
#3229=(
BOUNDED_SURFACE()
B_SPLINE_SURFACE(2,2,((#4468,#4469,#4470),(#4471,#4472,#4473),(#4474,#4475,
#4476),(#4477,#4478,#4479),(#4480,#4481,#4482)),.UNSPECIFIED.,.F.,.F.,.F.)
B_SPLINE_SURFACE_WITH_KNOTS((3,2,3),(3,3),(-1.38096595112512E-6,0.717154828891847,
1.43431103874964),(0.,0.0125663707175349),.UNSPECIFIED.)
GEOMETRIC_REPRESENTATION_ITEM()
RATIONAL_B_SPLINE_SURFACE(((0.999999999999999,0.707106780861276,0.999999999999999),
(0.707106781186547,0.499999999769998,0.707106781186547),(0.999999999999999,
0.707106780861276,0.999999999999999),(0.707106781186547,0.499999999769998,
0.707106781186547),(0.999999999999999,0.707106780861276,0.999999999999999)))
REPRESENTATION_ITEM('')
SURFACE()
);
#3230=(
BOUNDED_SURFACE()
B_SPLINE_SURFACE(2,2,((#4483,#4484,#4485),(#4486,#4487,#4488),(#4489,#4490,
#4491),(#4492,#4493,#4494),(#4495,#4496,#4497)),.UNSPECIFIED.,.F.,.F.,.F.)
B_SPLINE_SURFACE_WITH_KNOTS((3,2,3),(3,3),(-1.38096595314E-6,0.717154828891846,
1.43431103874965),(0.,0.0125663707175352),.UNSPECIFIED.)
GEOMETRIC_REPRESENTATION_ITEM()
RATIONAL_B_SPLINE_SURFACE(((0.999999999999999,0.707106780861284,0.999999999999999),
(0.707106781186547,0.499999999770004,0.707106781186547),(0.999999999999999,
0.707106780861284,0.999999999999999),(0.707106781186547,0.499999999770004,
0.707106781186547),(0.999999999999999,0.707106780861284,0.999999999999999)))
REPRESENTATION_ITEM('')
SURFACE()
);
#3231=(
BOUNDED_SURFACE()
B_SPLINE_SURFACE(2,2,((#4501,#4502,#4503,#4504,#4505),(#4506,#4507,#4508,
#4509,#4510),(#4511,#4512,#4513,#4514,#4515)),.UNSPECIFIED.,.F.,.F.,.F.)
B_SPLINE_SURFACE_WITH_KNOTS((3,3),(3,2,3),(0.,0.0125663706143614),(0.,0.433166722583276,
0.866333445166551),.UNSPECIFIED.)
GEOMETRIC_REPRESENTATION_ITEM()
RATIONAL_B_SPLINE_SURFACE(((1.,0.788424466128972,1.,0.788424466128972,1.),
(0.707106781797405,0.557500286934795,0.707106781797405,0.557500286934795,
0.707106781797405),(1.,0.788424466128972,1.,0.788424466128972,1.)))
REPRESENTATION_ITEM('')
SURFACE()
);
#3232=(
BOUNDED_SURFACE()
B_SPLINE_SURFACE(2,2,((#4516,#4517,#4518,#4519,#4520,#4521,#4522,#4523,
#4524),(#4525,#4526,#4527,#4528,#4529,#4530,#4531,#4532,#4533),(#4534,#4535,
#4536,#4537,#4538,#4539,#4540,#4541,#4542)),.UNSPECIFIED.,.F.,.F.,.F.)
B_SPLINE_SURFACE_WITH_KNOTS((3,3),(3,2,2,2,3),(0.,0.0125663706143614),(-0.012134432405676,
0.271204760998789,0.554543954403254,0.837883147807718,1.12122234121218),
 .UNSPECIFIED.)
GEOMETRIC_REPRESENTATION_ITEM()
RATIONAL_B_SPLINE_SURFACE(((1.,0.907551894968906,1.,0.907551894968906,1.,
0.907551894968906,1.,0.907551894968906,1.),(0.707106781186561,0.641736099211227,
0.707106781186561,0.641736099211227,0.707106781186561,0.641736099211227,
0.707106781186561,0.641736099211227,0.707106781186561),(1.,0.907551894968906,
1.,0.907551894968906,1.,0.907551894968906,1.,0.907551894968906,1.)))
REPRESENTATION_ITEM('')
SURFACE()
);
#3233=(
BOUNDED_SURFACE()
B_SPLINE_SURFACE(2,2,((#4545,#4546,#4547,#4548,#4549),(#4550,#4551,#4552,
#4553,#4554),(#4555,#4556,#4557,#4558,#4559)),.UNSPECIFIED.,.F.,.F.,.F.)
B_SPLINE_SURFACE_WITH_KNOTS((3,3),(3,2,3),(0.,0.00471238898038695),(-0.00195504727096777,
0.0465292691012278,0.0950135854734234),.UNSPECIFIED.)
GEOMETRIC_REPRESENTATION_ITEM()
RATIONAL_B_SPLINE_SURFACE(((0.999999999999999,0.840719630700036,0.999999999999999,
0.840719630700036,0.999999999999999),(0.707106781203047,0.594478551958518,
0.707106781203047,0.594478551958518,0.707106781203047),(0.999999999999999,
0.840719630700036,0.999999999999999,0.840719630700036,0.999999999999999)))
REPRESENTATION_ITEM('')
SURFACE()
);
#3234=(
BOUNDED_SURFACE()
B_SPLINE_SURFACE(3,2,((#4560,#4561,#4562),(#4563,#4564,#4565),(#4566,#4567,
#4568),(#4569,#4570,#4571),(#4572,#4573,#4574),(#4575,#4576,#4577),(#4578,
#4579,#4580)),.UNSPECIFIED.,.F.,.F.,.F.)
B_SPLINE_SURFACE_WITH_KNOTS((4,1,1,1,4),(3,3),(-8.45104973959827E-16,0.00181036311015205,
0.00383884571028889,0.00606700891351357,0.00838911427954479),(0.,0.00674747804227919),
 .UNSPECIFIED.)
GEOMETRIC_REPRESENTATION_ITEM()
RATIONAL_B_SPLINE_SURFACE(((1.,0.83884963072294,1.),(0.999999999999999,
0.838844457760315,0.999999999999999),(1.,0.834805332282235,1.),(1.,0.814143881996086,
1.),(0.999999999999999,0.773149130450299,0.999999999999999),(1.,0.731401819655794,
1.),(1.,0.707143097953016,1.)))
REPRESENTATION_ITEM('')
SURFACE()
);
#3235=(
BOUNDED_SURFACE()
B_SPLINE_SURFACE(3,2,((#4581,#4582,#4583),(#4584,#4585,#4586),(#4587,#4588,
#4589),(#4590,#4591,#4592),(#4593,#4594,#4595),(#4596,#4597,#4598),(#4599,
#4600,#4601)),.UNSPECIFIED.,.F.,.F.,.F.)
B_SPLINE_SURFACE_WITH_KNOTS((4,1,1,1,4),(3,3),(0.00170901016835831,0.00403032879777022,
0.00625793726980966,0.0082862697959241,0.0100966109312848),(0.,0.00674747733207485),
 .UNSPECIFIED.)
GEOMETRIC_REPRESENTATION_ITEM()
RATIONAL_B_SPLINE_SURFACE(((1.,0.707190549238749,1.),(1.,0.731437195635994,
1.),(0.999999999999997,0.773165846934474,0.999999999999997),(0.999999999999998,
0.814147304631966,0.999999999999998),(1.,0.834805569651018,1.),(0.999999999999999,
0.838844454059591,0.999999999999999),(1.,0.838849630406979,1.)))
REPRESENTATION_ITEM('')
SURFACE()
);
#3236=(
BOUNDED_SURFACE()
B_SPLINE_SURFACE(2,2,((#4607,#4608,#4609),(#4610,#4611,#4612),(#4613,#4614,
#4615)),.UNSPECIFIED.,.F.,.F.,.F.)
B_SPLINE_SURFACE_WITH_KNOTS((3,3),(3,3),(0.,0.00471238901084551),(-4.75020893462316E-6,
0.21173465200482),.UNSPECIFIED.)
GEOMETRIC_REPRESENTATION_ITEM()
RATIONAL_B_SPLINE_SURFACE(((1.,0.707106781186548,1.),(0.707106780845624,
0.499999999758931,0.707106780845624),(1.,0.707106781186548,1.)))
REPRESENTATION_ITEM('')
SURFACE()
);
#3237=(
BOUNDED_SURFACE()
B_SPLINE_SURFACE(2,2,((#4616,#4617,#4618),(#4619,#4620,#4621),(#4622,#4623,
#4624)),.UNSPECIFIED.,.F.,.F.,.F.)
B_SPLINE_SURFACE_WITH_KNOTS((3,3),(3,3),(0.,0.00471238901084612),(-4.75020894284369E-6,
0.211734652004822),.UNSPECIFIED.)
GEOMETRIC_REPRESENTATION_ITEM()
RATIONAL_B_SPLINE_SURFACE(((1.,0.707106781186548,1.),(0.707106780845612,
0.499999999758922,0.707106780845612),(1.,0.707106781186548,1.)))
REPRESENTATION_ITEM('')
SURFACE()
);
#3238=(
BOUNDED_SURFACE()
B_SPLINE_SURFACE(2,2,((#4625,#4626,#4627),(#4628,#4629,#4630),(#4631,#4632,
#4633)),.UNSPECIFIED.,.F.,.F.,.F.)
B_SPLINE_SURFACE_WITH_KNOTS((3,3),(3,3),(0.,0.00471238901084583),(-4.75020894403875E-6,
0.211734652004823),.UNSPECIFIED.)
GEOMETRIC_REPRESENTATION_ITEM()
RATIONAL_B_SPLINE_SURFACE(((1.,0.707106781186547,1.),(0.707106780845625,
0.49999999975893,0.707106780845625),(1.,0.707106781186547,1.)))
REPRESENTATION_ITEM('')
SURFACE()
);
#3239=(
BOUNDED_SURFACE()
B_SPLINE_SURFACE(2,2,((#4634,#4635,#4636),(#4637,#4638,#4639),(#4640,#4641,
#4642)),.UNSPECIFIED.,.F.,.F.,.F.)
B_SPLINE_SURFACE_WITH_KNOTS((3,3),(3,3),(0.,0.00471238901084583),(-4.75020893283062E-6,
0.211734652004821),.UNSPECIFIED.)
GEOMETRIC_REPRESENTATION_ITEM()
RATIONAL_B_SPLINE_SURFACE(((1.,0.707106781186547,1.),(0.70710678084559,
0.499999999758906,0.70710678084559),(1.,0.707106781186547,1.)))
REPRESENTATION_ITEM('')
SURFACE()
);
#3240=(
BOUNDED_SURFACE()
B_SPLINE_SURFACE(2,2,((#4653,#4654,#4655),(#4656,#4657,#4658),(#4659,#4660,
#4661)),.UNSPECIFIED.,.F.,.F.,.F.)
B_SPLINE_SURFACE_WITH_KNOTS((3,3),(3,3),(-4.75020893368281E-6,0.211734652004822),
(0.,0.00471238901084404),.UNSPECIFIED.)
GEOMETRIC_REPRESENTATION_ITEM()
RATIONAL_B_SPLINE_SURFACE(((1.,0.707106780845619,1.),(0.707106781186548,
0.499999999758927,0.707106781186548),(1.,0.707106780845619,1.)))
REPRESENTATION_ITEM('')
SURFACE()
);
#3241=(
BOUNDED_SURFACE()
B_SPLINE_SURFACE(2,2,((#4663,#4664,#4665),(#4666,#4667,#4668),(#4669,#4670,
#4671)),.UNSPECIFIED.,.F.,.F.,.F.)
B_SPLINE_SURFACE_WITH_KNOTS((3,3),(3,3),(-4.7502089417129E-6,0.211734652004824),
(0.,0.00471238901084551),.UNSPECIFIED.)
GEOMETRIC_REPRESENTATION_ITEM()
RATIONAL_B_SPLINE_SURFACE(((1.,0.707106780845619,1.),(0.707106781186549,
0.499999999758928,0.707106781186549),(1.,0.707106780845619,1.)))
REPRESENTATION_ITEM('')
SURFACE()
);
#3242=(
BOUNDED_SURFACE()
B_SPLINE_SURFACE(2,2,((#4673,#4674,#4675),(#4676,#4677,#4678),(#4679,#4680,
#4681)),.UNSPECIFIED.,.F.,.F.,.F.)
B_SPLINE_SURFACE_WITH_KNOTS((3,3),(3,3),(-4.7502089446024E-6,0.211734652004822),
(0.,0.0047123890108472),.UNSPECIFIED.)
GEOMETRIC_REPRESENTATION_ITEM()
RATIONAL_B_SPLINE_SURFACE(((1.,0.707106780845621,1.),(0.707106781186549,
0.499999999758929,0.707106781186549),(1.,0.707106780845621,1.)))
REPRESENTATION_ITEM('')
SURFACE()
);
#3243=(
BOUNDED_SURFACE()
B_SPLINE_SURFACE(2,2,((#4683,#4684,#4685),(#4686,#4687,#4688),(#4689,#4690,
#4691)),.UNSPECIFIED.,.F.,.F.,.F.)
B_SPLINE_SURFACE_WITH_KNOTS((3,3),(3,3),(-4.75020893379665E-6,0.21173465200482),
(0.,0.00471238901084582),.UNSPECIFIED.)
GEOMETRIC_REPRESENTATION_ITEM()
RATIONAL_B_SPLINE_SURFACE(((1.,0.707106780845611,1.),(0.707106781186548,
0.499999999758921,0.707106781186548),(1.,0.707106780845611,1.)))
REPRESENTATION_ITEM('')
SURFACE()
);
#3244=(
BOUNDED_SURFACE()
B_SPLINE_SURFACE(2,3,((#4695,#4696,#4697,#4698,#4699,#4700,#4701,#4702,
#4703,#4704),(#4705,#4706,#4707,#4708,#4709,#4710,#4711,#4712,#4713,#4714),
(#4715,#4716,#4717,#4718,#4719,#4720,#4721,#4722,#4723,#4724)),
 .UNSPECIFIED.,.F.,.F.,.F.)
B_SPLINE_SURFACE_WITH_KNOTS((3,3),(4,1,1,1,1,1,1,4),(0.,0.00471238908468944),
(-2.70212913585158E-6,0.0257973161353936,0.255447364718928,0.498909553703351,
0.725009319970685,0.951109086238019,1.19457127522244,1.45001870355501),
 .UNSPECIFIED.)
GEOMETRIC_REPRESENTATION_ITEM()
RATIONAL_B_SPLINE_SURFACE(((1.,1.,1.,0.999999999999999,1.,1.,1.,0.999999999999999,
1.,1.),(0.70710678024709,0.707106779053545,0.707106771624913,0.707106769913531,
0.707106767503217,0.707106780333984,0.70710676740627,0.707106770278648,
0.707106771226583,0.707106780450235),(1.,1.,1.,0.999999999999999,1.,1.,
1.,0.999999999999999,1.,1.)))
REPRESENTATION_ITEM('')
SURFACE()
);
#3245=(
BOUNDED_SURFACE()
B_SPLINE_SURFACE(2,3,((#4725,#4726,#4727,#4728,#4729,#4730,#4731,#4732,
#4733,#4734),(#4735,#4736,#4737,#4738,#4739,#4740,#4741,#4742,#4743,#4744),
(#4745,#4746,#4747,#4748,#4749,#4750,#4751,#4752,#4753,#4754)),
 .UNSPECIFIED.,.F.,.F.,.F.)
B_SPLINE_SURFACE_WITH_KNOTS((3,3),(4,1,1,1,1,1,1,4),(0.,0.00471238908469051),
(-2.70212913765005E-6,0.0257973161353941,0.25544736471893,0.498909553703351,
0.725009319970685,0.95110908623802,1.19457127522244,1.45001870355501),
 .UNSPECIFIED.)
GEOMETRIC_REPRESENTATION_ITEM()
RATIONAL_B_SPLINE_SURFACE(((1.,1.,1.,1.,0.999999999999998,0.999999999999999,
0.999999999999998,1.,1.,1.),(0.707106780247107,0.707106779053578,0.707106771624881,
0.707106769913346,0.707106767503271,0.707106780333936,0.707106767406298,
0.707106770278587,0.707106771226617,0.70710678045021),(1.,1.,1.,1.,0.999999999999998,
0.999999999999999,0.999999999999998,1.,1.,1.)))
REPRESENTATION_ITEM('')
SURFACE()
);
#3246=(
BOUNDED_SURFACE()
B_SPLINE_SURFACE(2,2,((#4755,#4756,#4757),(#4758,#4759,#4760),(#4761,#4762,
#4763),(#4764,#4765,#4766),(#4767,#4768,#4769)),.UNSPECIFIED.,.F.,.F.,.F.)
B_SPLINE_SURFACE_WITH_KNOTS((3,2,3),(3,3),(0.,0.418897296789696,0.837794593579392),
(0.,0.00471238904065132),.UNSPECIFIED.)
GEOMETRIC_REPRESENTATION_ITEM()
RATIONAL_B_SPLINE_SURFACE(((1.,0.707106778364094,1.),(0.707106781186548,
0.499999998004224,0.707106781186548),(1.,0.707106778364094,1.),(0.707106781186548,
0.499999998004224,0.707106781186548),(1.,0.707106778364094,1.)))
REPRESENTATION_ITEM('')
SURFACE()
);
#3247=(
BOUNDED_SURFACE()
B_SPLINE_SURFACE(2,2,((#4801,#4802,#4803),(#4804,#4805,#4806),(#4807,#4808,
#4809),(#4810,#4811,#4812),(#4813,#4814,#4815)),.UNSPECIFIED.,.F.,.F.,.F.)
B_SPLINE_SURFACE_WITH_KNOTS((3,2,3),(3,3),(0.837794593579392,1.25669189036909,
1.67558918715878),(0.,0.00471238904065132),.UNSPECIFIED.)
GEOMETRIC_REPRESENTATION_ITEM()
RATIONAL_B_SPLINE_SURFACE(((1.,0.707106778364094,1.),(0.707106781186548,
0.499999998004224,0.707106781186548),(1.,0.707106778364094,1.),(0.707106781186548,
0.499999998004224,0.707106781186548),(1.,0.707106778364094,1.)))
REPRESENTATION_ITEM('')
SURFACE()
);
#3248=(
BOUNDED_SURFACE()
B_SPLINE_SURFACE(2,1,((#6151,#6152),(#6153,#6154),(#6155,#6156),(#6157,
#6158),(#6159,#6160)),.UNSPECIFIED.,.F.,.F.,.F.)
B_SPLINE_SURFACE_WITH_KNOTS((3,2,3),(2,2),(0.,0.0865793250989312,0.173158650197862),
(1.06451397360589,1.11503746718609),.UNSPECIFIED.)
GEOMETRIC_REPRESENTATION_ITEM()
RATIONAL_B_SPLINE_SURFACE(((1.,1.),(0.707106781186548,0.707106781186548),
(1.,1.),(0.707106781186548,0.707106781186548),(1.,1.)))
REPRESENTATION_ITEM('')
SURFACE()
);
#3249=(
BOUNDED_SURFACE()
B_SPLINE_SURFACE(2,2,((#6161,#6162,#6163,#6164,#6165),(#6166,#6167,#6168,
#6169,#6170),(#6171,#6172,#6173,#6174,#6175),(#6176,#6177,#6178,#6179,#6180),
(#6181,#6182,#6183,#6184,#6185)),.UNSPECIFIED.,.F.,.F.,.F.)
B_SPLINE_SURFACE_WITH_KNOTS((3,2,3),(3,2,3),(0.,0.0865793250989312,0.173158650197862),
(-0.0472440944881919,0.0266575437212531,0.755692976792128),
 .UNSPECIFIED.)
GEOMETRIC_REPRESENTATION_ITEM()
RATIONAL_B_SPLINE_SURFACE(((1.,0.707106781186564,1.,1.,1.),(0.707106781186548,
0.500000000000012,0.707106781186548,0.707106781186548,0.707106781186548),
(1.,0.707106781186564,1.,1.,1.),(0.707106781186548,0.500000000000012,0.707106781186548,
0.707106781186548,0.707106781186548),(1.,0.707106781186564,1.,1.,1.)))
REPRESENTATION_ITEM('')
SURFACE()
);
#3250=(
BOUNDED_SURFACE()
B_SPLINE_SURFACE(2,1,((#6187,#6188),(#6189,#6190),(#6191,#6192),(#6193,
#6194),(#6195,#6196),(#6197,#6198),(#6199,#6200),(#6201,#6202),(#6203,#6204)),
 .UNSPECIFIED.,.T.,.F.,.F.)
B_SPLINE_SURFACE_WITH_KNOTS((3,2,2,2,3),(2,2),(0.,0.0865793250989312,0.173158650197862,
0.259737975296793,0.346317300395725),(0.92124415789449,0.933055181516538),
 .UNSPECIFIED.)
GEOMETRIC_REPRESENTATION_ITEM()
RATIONAL_B_SPLINE_SURFACE(((1.,1.),(0.707106781186548,0.707106781186548),
(1.,1.),(0.707106781186548,0.707106781186548),(1.,1.),(0.707106781186548,
0.707106781186548),(1.,1.),(0.707106781186548,0.707106781186548),(1.,1.)))
REPRESENTATION_ITEM('')
SURFACE()
);
#3251=(
BOUNDED_SURFACE()
B_SPLINE_SURFACE(2,1,((#6208,#6209),(#6210,#6211),(#6212,#6213),(#6214,
#6215),(#6216,#6217)),.UNSPECIFIED.,.F.,.F.,.F.)
B_SPLINE_SURFACE_WITH_KNOTS((3,2,3),(2,2),(0.173158650197862,0.259737975296793,
0.346317300395725),(1.06451397360589,1.11503746718609),.UNSPECIFIED.)
GEOMETRIC_REPRESENTATION_ITEM()
RATIONAL_B_SPLINE_SURFACE(((1.,1.),(0.707106781186548,0.707106781186548),
(1.,1.),(0.707106781186548,0.707106781186548),(1.,1.)))
REPRESENTATION_ITEM('')
SURFACE()
);
#3252=(
BOUNDED_SURFACE()
B_SPLINE_SURFACE(2,2,((#6218,#6219,#6220,#6221,#6222),(#6223,#6224,#6225,
#6226,#6227),(#6228,#6229,#6230,#6231,#6232),(#6233,#6234,#6235,#6236,#6237),
(#6238,#6239,#6240,#6241,#6242)),.UNSPECIFIED.,.F.,.F.,.F.)
B_SPLINE_SURFACE_WITH_KNOTS((3,2,3),(3,2,3),(0.173158650197862,0.259737975296793,
0.346317300395725),(-0.0472440944881919,0.0266575437212531,0.755692976792128),
 .UNSPECIFIED.)
GEOMETRIC_REPRESENTATION_ITEM()
RATIONAL_B_SPLINE_SURFACE(((1.,0.707106781186564,1.,1.,1.),(0.707106781186548,
0.500000000000012,0.707106781186548,0.707106781186548,0.707106781186548),
(1.,0.707106781186564,1.,1.,1.),(0.707106781186548,0.500000000000012,0.707106781186548,
0.707106781186548,0.707106781186548),(1.,0.707106781186564,1.,1.,1.)))
REPRESENTATION_ITEM('')
SURFACE()
);
#3253=(
BOUNDED_SURFACE()
B_SPLINE_SURFACE(2,1,((#6380,#6381),(#6382,#6383),(#6384,#6385),(#6386,
#6387),(#6388,#6389)),.UNSPECIFIED.,.F.,.F.,.F.)
B_SPLINE_SURFACE_WITH_KNOTS((3,2,3),(2,2),(0.,0.0865793250989312,0.173158650197862),
(1.06451397360589,1.11503746718609),.UNSPECIFIED.)
GEOMETRIC_REPRESENTATION_ITEM()
RATIONAL_B_SPLINE_SURFACE(((1.,1.),(0.707106781186548,0.707106781186548),
(1.,1.),(0.707106781186548,0.707106781186548),(1.,1.)))
REPRESENTATION_ITEM('')
SURFACE()
);
#3254=(
BOUNDED_SURFACE()
B_SPLINE_SURFACE(2,2,((#6390,#6391,#6392,#6393,#6394),(#6395,#6396,#6397,
#6398,#6399),(#6400,#6401,#6402,#6403,#6404),(#6405,#6406,#6407,#6408,#6409),
(#6410,#6411,#6412,#6413,#6414)),.UNSPECIFIED.,.F.,.F.,.F.)
B_SPLINE_SURFACE_WITH_KNOTS((3,2,3),(3,2,3),(0.,0.0865793250989312,0.173158650197862),
(-0.0472440944881919,0.0266575437212531,0.755692976792128),
 .UNSPECIFIED.)
GEOMETRIC_REPRESENTATION_ITEM()
RATIONAL_B_SPLINE_SURFACE(((1.,0.707106781186564,1.,1.,1.),(0.707106781186548,
0.500000000000012,0.707106781186548,0.707106781186548,0.707106781186548),
(1.,0.707106781186564,1.,1.,1.),(0.707106781186548,0.500000000000012,0.707106781186548,
0.707106781186548,0.707106781186548),(1.,0.707106781186564,1.,1.,1.)))
REPRESENTATION_ITEM('')
SURFACE()
);
#3255=(
BOUNDED_SURFACE()
B_SPLINE_SURFACE(2,1,((#6416,#6417),(#6418,#6419),(#6420,#6421),(#6422,
#6423),(#6424,#6425),(#6426,#6427),(#6428,#6429),(#6430,#6431),(#6432,#6433)),
 .UNSPECIFIED.,.T.,.F.,.F.)
B_SPLINE_SURFACE_WITH_KNOTS((3,2,2,2,3),(2,2),(0.,0.0865793250989312,0.173158650197862,
0.259737975296793,0.346317300395725),(0.92124415789449,0.933055181516538),
 .UNSPECIFIED.)
GEOMETRIC_REPRESENTATION_ITEM()
RATIONAL_B_SPLINE_SURFACE(((1.,1.),(0.707106781186548,0.707106781186548),
(1.,1.),(0.707106781186548,0.707106781186548),(1.,1.),(0.707106781186548,
0.707106781186548),(1.,1.),(0.707106781186548,0.707106781186548),(1.,1.)))
REPRESENTATION_ITEM('')
SURFACE()
);
#3256=(
BOUNDED_SURFACE()
B_SPLINE_SURFACE(2,1,((#6437,#6438),(#6439,#6440),(#6441,#6442),(#6443,
#6444),(#6445,#6446)),.UNSPECIFIED.,.F.,.F.,.F.)
B_SPLINE_SURFACE_WITH_KNOTS((3,2,3),(2,2),(0.173158650197862,0.259737975296793,
0.346317300395725),(1.06451397360589,1.11503746718609),.UNSPECIFIED.)
GEOMETRIC_REPRESENTATION_ITEM()
RATIONAL_B_SPLINE_SURFACE(((1.,1.),(0.707106781186548,0.707106781186548),
(1.,1.),(0.707106781186548,0.707106781186548),(1.,1.)))
REPRESENTATION_ITEM('')
SURFACE()
);
#3257=(
BOUNDED_SURFACE()
B_SPLINE_SURFACE(2,2,((#6447,#6448,#6449,#6450,#6451),(#6452,#6453,#6454,
#6455,#6456),(#6457,#6458,#6459,#6460,#6461),(#6462,#6463,#6464,#6465,#6466),
(#6467,#6468,#6469,#6470,#6471)),.UNSPECIFIED.,.F.,.F.,.F.)
B_SPLINE_SURFACE_WITH_KNOTS((3,2,3),(3,2,3),(0.173158650197862,0.259737975296793,
0.346317300395725),(-0.0472440944881919,0.0266575437212531,0.755692976792128),
 .UNSPECIFIED.)
GEOMETRIC_REPRESENTATION_ITEM()
RATIONAL_B_SPLINE_SURFACE(((1.,0.707106781186564,1.,1.,1.),(0.707106781186548,
0.500000000000012,0.707106781186548,0.707106781186548,0.707106781186548),
(1.,0.707106781186564,1.,1.,1.),(0.707106781186548,0.500000000000012,0.707106781186548,
0.707106781186548,0.707106781186548),(1.,0.707106781186564,1.,1.,1.)))
REPRESENTATION_ITEM('')
SURFACE()
);
#3258=(
BOUNDED_SURFACE()
B_SPLINE_SURFACE(2,1,((#6609,#6610),(#6611,#6612),(#6613,#6614),(#6615,
#6616),(#6617,#6618)),.UNSPECIFIED.,.F.,.F.,.F.)
B_SPLINE_SURFACE_WITH_KNOTS((3,2,3),(2,2),(0.,0.0865793250989312,0.173158650197862),
(1.06451397360589,1.11503746718609),.UNSPECIFIED.)
GEOMETRIC_REPRESENTATION_ITEM()
RATIONAL_B_SPLINE_SURFACE(((1.,1.),(0.707106781186548,0.707106781186548),
(1.,1.),(0.707106781186548,0.707106781186548),(1.,1.)))
REPRESENTATION_ITEM('')
SURFACE()
);
#3259=(
BOUNDED_SURFACE()
B_SPLINE_SURFACE(2,2,((#6619,#6620,#6621,#6622,#6623),(#6624,#6625,#6626,
#6627,#6628),(#6629,#6630,#6631,#6632,#6633),(#6634,#6635,#6636,#6637,#6638),
(#6639,#6640,#6641,#6642,#6643)),.UNSPECIFIED.,.F.,.F.,.F.)
B_SPLINE_SURFACE_WITH_KNOTS((3,2,3),(3,2,3),(0.,0.0865793250989312,0.173158650197862),
(-0.0472440944881919,0.0266575437212531,0.755692976792128),
 .UNSPECIFIED.)
GEOMETRIC_REPRESENTATION_ITEM()
RATIONAL_B_SPLINE_SURFACE(((1.,0.707106781186564,1.,1.,1.),(0.707106781186548,
0.500000000000012,0.707106781186548,0.707106781186548,0.707106781186548),
(1.,0.707106781186564,1.,1.,1.),(0.707106781186548,0.500000000000012,0.707106781186548,
0.707106781186548,0.707106781186548),(1.,0.707106781186564,1.,1.,1.)))
REPRESENTATION_ITEM('')
SURFACE()
);
#3260=(
BOUNDED_SURFACE()
B_SPLINE_SURFACE(2,1,((#6645,#6646),(#6647,#6648),(#6649,#6650),(#6651,
#6652),(#6653,#6654),(#6655,#6656),(#6657,#6658),(#6659,#6660),(#6661,#6662)),
 .UNSPECIFIED.,.T.,.F.,.F.)
B_SPLINE_SURFACE_WITH_KNOTS((3,2,2,2,3),(2,2),(0.,0.0865793250989312,0.173158650197862,
0.259737975296793,0.346317300395725),(0.92124415789449,0.933055181516538),
 .UNSPECIFIED.)
GEOMETRIC_REPRESENTATION_ITEM()
RATIONAL_B_SPLINE_SURFACE(((1.,1.),(0.707106781186548,0.707106781186548),
(1.,1.),(0.707106781186548,0.707106781186548),(1.,1.),(0.707106781186548,
0.707106781186548),(1.,1.),(0.707106781186548,0.707106781186548),(1.,1.)))
REPRESENTATION_ITEM('')
SURFACE()
);
#3261=(
BOUNDED_SURFACE()
B_SPLINE_SURFACE(2,1,((#6666,#6667),(#6668,#6669),(#6670,#6671),(#6672,
#6673),(#6674,#6675)),.UNSPECIFIED.,.F.,.F.,.F.)
B_SPLINE_SURFACE_WITH_KNOTS((3,2,3),(2,2),(0.173158650197862,0.259737975296793,
0.346317300395725),(1.06451397360589,1.11503746718609),.UNSPECIFIED.)
GEOMETRIC_REPRESENTATION_ITEM()
RATIONAL_B_SPLINE_SURFACE(((1.,1.),(0.707106781186548,0.707106781186548),
(1.,1.),(0.707106781186548,0.707106781186548),(1.,1.)))
REPRESENTATION_ITEM('')
SURFACE()
);
#3262=(
BOUNDED_SURFACE()
B_SPLINE_SURFACE(2,2,((#6676,#6677,#6678,#6679,#6680),(#6681,#6682,#6683,
#6684,#6685),(#6686,#6687,#6688,#6689,#6690),(#6691,#6692,#6693,#6694,#6695),
(#6696,#6697,#6698,#6699,#6700)),.UNSPECIFIED.,.F.,.F.,.F.)
B_SPLINE_SURFACE_WITH_KNOTS((3,2,3),(3,2,3),(0.173158650197862,0.259737975296793,
0.346317300395725),(-0.0472440944881919,0.0266575437212531,0.755692976792128),
 .UNSPECIFIED.)
GEOMETRIC_REPRESENTATION_ITEM()
RATIONAL_B_SPLINE_SURFACE(((1.,0.707106781186564,1.,1.,1.),(0.707106781186548,
0.500000000000012,0.707106781186548,0.707106781186548,0.707106781186548),
(1.,0.707106781186564,1.,1.,1.),(0.707106781186548,0.500000000000012,0.707106781186548,
0.707106781186548,0.707106781186548),(1.,0.707106781186564,1.,1.,1.)))
REPRESENTATION_ITEM('')
SURFACE()
);
#3263=CYLINDRICAL_SURFACE('',#3505,0.00629921259837396);
#3264=CYLINDRICAL_SURFACE('',#3507,0.00787401574810698);
#3265=CYLINDRICAL_SURFACE('',#3511,0.0196850393697643);
#3266=CYLINDRICAL_SURFACE('',#3513,0.0157480314958959);
#3267=CYLINDRICAL_SURFACE('',#3526,0.0688976377952755);
#3268=CYLINDRICAL_SURFACE('',#3527,0.0688976377952755);
#3269=CYLINDRICAL_SURFACE('',#3528,0.0688976377952757);
#3270=CYLINDRICAL_SURFACE('',#3529,0.0688976377952755);
#3271=CYLINDRICAL_SURFACE('',#3530,0.464566929133858);
#3272=CYLINDRICAL_SURFACE('',#3531,0.464566929133858);
#3273=CYLINDRICAL_SURFACE('',#3533,0.464566929133858);
#3274=CYLINDRICAL_SURFACE('',#3534,0.464566929133858);
#3275=CYLINDRICAL_SURFACE('',#3536,0.0393700787401574);
#3276=CYLINDRICAL_SURFACE('',#3537,0.318897637795276);
#3277=CYLINDRICAL_SURFACE('',#3538,0.318897637795276);
#3278=CYLINDRICAL_SURFACE('',#3539,0.00299999999999976);
#3279=CYLINDRICAL_SURFACE('',#3540,0.00299999999999908);
#3280=CYLINDRICAL_SURFACE('',#3542,0.00300000000000011);
#3281=CYLINDRICAL_SURFACE('',#3543,0.00299999999999993);
#3282=CYLINDRICAL_SURFACE('',#3544,0.00300000000000023);
#3283=CYLINDRICAL_SURFACE('',#3545,0.0029999999999996);
#3284=CYLINDRICAL_SURFACE('',#3546,0.137795275590551);
#3285=CYLINDRICAL_SURFACE('',#3547,0.137795275590551);
#3286=CYLINDRICAL_SURFACE('',#3548,0.137795275590551);
#3287=CYLINDRICAL_SURFACE('',#3549,0.137795275590551);
#3288=CYLINDRICAL_SURFACE('',#3555,0.003000000000001);
#3289=CYLINDRICAL_SURFACE('',#3556,0.00300000000000056);
#3290=CYLINDRICAL_SURFACE('',#3557,0.00300000000000089);
#3291=CYLINDRICAL_SURFACE('',#3558,0.00299999999999955);
#3292=CYLINDRICAL_SURFACE('',#3559,0.269685039370079);
#3293=CYLINDRICAL_SURFACE('',#3562,0.0984500000000001);
#3294=CYLINDRICAL_SURFACE('',#3566,0.00984500000017174);
#3295=CYLINDRICAL_SURFACE('',#3567,0.0590699999996467);
#3296=CYLINDRICAL_SURFACE('',#3569,0.00984499999956467);
#3297=CYLINDRICAL_SURFACE('',#3571,0.00984500000018818);
#3298=CYLINDRICAL_SURFACE('',#3572,0.0787599999999875);
#3299=CYLINDRICAL_SURFACE('',#3574,0.00984499999999811);
#3300=CYLINDRICAL_SURFACE('',#3575,0.0590700000004567);
#3301=CYLINDRICAL_SURFACE('',#3577,0.00984499999999722);
#3302=CYLINDRICAL_SURFACE('',#3579,0.0590700000004851);
#3303=CYLINDRICAL_SURFACE('',#3580,0.00984499999998345);
#3304=CYLINDRICAL_SURFACE('',#3581,0.0787600000004547);
#3305=CYLINDRICAL_SURFACE('',#3583,0.00984500000016797);
#3306=CYLINDRICAL_SURFACE('',#3584,0.0787600000005311);
#3307=CYLINDRICAL_SURFACE('',#3585,0.00984499999999766);
#3308=CYLINDRICAL_SURFACE('',#3586,0.0590700000005353);
#3309=CYLINDRICAL_SURFACE('',#3588,0.00984499999854993);
#3310=CYLINDRICAL_SURFACE('',#3590,0.0984500000000001);
#3311=CYLINDRICAL_SURFACE('',#3592,0.269685039370079);
#3312=CYLINDRICAL_SURFACE('',#3593,0.0984500000000001);
#3313=CYLINDRICAL_SURFACE('',#3594,0.0984500000000001);
#3314=CYLINDRICAL_SURFACE('',#3726,0.0551181102362204);
#3315=CYLINDRICAL_SURFACE('',#3727,0.0433070866141734);
#3316=CYLINDRICAL_SURFACE('',#3728,0.119332532522993);
#3317=CYLINDRICAL_SURFACE('',#3730,0.0551181102362204);
#3318=CYLINDRICAL_SURFACE('',#3731,0.0433070866141734);
#3319=CYLINDRICAL_SURFACE('',#3743,0.0551181102362204);
#3320=CYLINDRICAL_SURFACE('',#3744,0.0433070866141734);
#3321=CYLINDRICAL_SURFACE('',#3745,0.119332532522993);
#3322=CYLINDRICAL_SURFACE('',#3747,0.0551181102362204);
#3323=CYLINDRICAL_SURFACE('',#3748,0.0433070866141734);
#3324=CYLINDRICAL_SURFACE('',#3760,0.0551181102362204);
#3325=CYLINDRICAL_SURFACE('',#3761,0.0433070866141734);
#3326=CYLINDRICAL_SURFACE('',#3762,0.119332532522993);
#3327=CYLINDRICAL_SURFACE('',#3764,0.0551181102362204);
#3328=CYLINDRICAL_SURFACE('',#3765,0.0433070866141734);
#3329=B_SPLINE_SURFACE_WITH_KNOTS('',3,1,((#4283,#4284),(#4285,#4286),(#4287,
#4288),(#4289,#4290),(#4291,#4292),(#4293,#4294),(#4295,#4296),(#4297,#4298),
(#4299,#4300)),.UNSPECIFIED.,.F.,.F.,.F.,(4,1,1,1,1,1,4),(2,2),(0.,0.647726271409639,
1.36436042231484,1.67607588656563,2.07880324160595,2.47309558112179,2.7131887509384),
(0.,1.),.UNSPECIFIED.);
#3330=B_SPLINE_SURFACE_WITH_KNOTS('',3,1,((#4302,#4303),(#4304,#4305),(#4306,
#4307),(#4308,#4309),(#4310,#4311),(#4312,#4313),(#4314,#4315),(#4316,#4317),
(#4318,#4319)),.UNSPECIFIED.,.F.,.F.,.F.,(4,1,1,1,1,1,4),(2,2),(0.,0.00730392748649906,
0.180328146291471,0.469075708326865,0.658732786735468,0.963166713932942,
1.11036179649908),(0.,1.),.UNSPECIFIED.);
#3331=PLANE('',#3452);
#3332=PLANE('',#3453);
#3333=PLANE('',#3454);
#3334=PLANE('',#3455);
#3335=PLANE('',#3456);
#3336=PLANE('',#3457);
#3337=PLANE('',#3458);
#3338=PLANE('',#3459);
#3339=PLANE('',#3460);
#3340=PLANE('',#3461);
#3341=PLANE('',#3462);
#3342=PLANE('',#3463);
#3343=PLANE('',#3464);
#3344=PLANE('',#3465);
#3345=PLANE('',#3466);
#3346=PLANE('',#3467);
#3347=PLANE('',#3468);
#3348=PLANE('',#3469);
#3349=PLANE('',#3470);
#3350=PLANE('',#3471);
#3351=PLANE('',#3472);
#3352=PLANE('',#3473);
#3353=PLANE('',#3474);
#3354=PLANE('',#3475);
#3355=PLANE('',#3476);
#3356=PLANE('',#3477);
#3357=PLANE('',#3478);
#3358=PLANE('',#3479);
#3359=PLANE('',#3480);
#3360=PLANE('',#3481);
#3361=PLANE('',#3482);
#3362=PLANE('',#3483);
#3363=PLANE('',#3484);
#3364=PLANE('',#3485);
#3365=PLANE('',#3486);
#3366=PLANE('',#3487);
#3367=PLANE('',#3488);
#3368=PLANE('',#3489);
#3369=PLANE('',#3490);
#3370=PLANE('',#3491);
#3371=PLANE('',#3492);
#3372=PLANE('',#3493);
#3373=PLANE('',#3494);
#3374=PLANE('',#3495);
#3375=PLANE('',#3496);
#3376=PLANE('',#3497);
#3377=PLANE('',#3498);
#3378=PLANE('',#3499);
#3379=PLANE('',#3500);
#3380=PLANE('',#3501);
#3381=PLANE('',#3502);
#3382=PLANE('',#3503);
#3383=PLANE('',#3504);
#3384=PLANE('',#3506);
#3385=PLANE('',#3508);
#3386=PLANE('',#3509);
#3387=PLANE('',#3510);
#3388=PLANE('',#3512);
#3389=PLANE('',#3514);
#3390=PLANE('',#3515);
#3391=PLANE('',#3516);
#3392=PLANE('',#3517);
#3393=PLANE('',#3518);
#3394=PLANE('',#3519);
#3395=PLANE('',#3520);
#3396=PLANE('',#3521);
#3397=PLANE('',#3522);
#3398=PLANE('',#3523);
#3399=PLANE('',#3524);
#3400=PLANE('',#3525);
#3401=PLANE('',#3532);
#3402=PLANE('',#3535);
#3403=PLANE('',#3541);
#3404=PLANE('',#3550);
#3405=PLANE('',#3551);
#3406=PLANE('',#3552);
#3407=PLANE('',#3553);
#3408=PLANE('',#3554);
#3409=PLANE('',#3560);
#3410=PLANE('',#3561);
#3411=PLANE('',#3563);
#3412=PLANE('',#3564);
#3413=PLANE('',#3565);
#3414=PLANE('',#3568);
#3415=PLANE('',#3570);
#3416=PLANE('',#3573);
#3417=PLANE('',#3576);
#3418=PLANE('',#3578);
#3419=PLANE('',#3582);
#3420=PLANE('',#3587);
#3421=PLANE('',#3589);
#3422=PLANE('',#3591);
#3423=PLANE('',#3725);
#3424=PLANE('',#3729);
#3425=PLANE('',#3742);
#3426=PLANE('',#3746);
#3427=PLANE('',#3759);
#3428=PLANE('',#3763);
#3429=SHAPE_DEFINITION_REPRESENTATION(#3430,#3450);
#3430=PRODUCT_DEFINITION_SHAPE($,$,#3432);
#3431=PRODUCT_DEFINITION_CONTEXT('3D Mechanical Parts',#3436,'design');
#3432=PRODUCT_DEFINITION('A','First version',#3433,#3431);
#3433=PRODUCT_DEFINITION_FORMATION_WITH_SPECIFIED_SOURCE('A',
'First version',#3438,.MADE.);
#3434=PRODUCT_RELATED_PRODUCT_CATEGORY('tool','tool',(#3438));
#3435=APPLICATION_PROTOCOL_DEFINITION('Draft International Standard',
'automotive_design',1999,#3436);
#3436=APPLICATION_CONTEXT(
'data for automotive mechanical design processes');
#3437=PRODUCT_CONTEXT('3D Mechanical Parts',#3436,'mechanical');
#3438=PRODUCT('Document','Document','',(#3437));
#3439=(
LENGTH_UNIT()
NAMED_UNIT(*)
SI_UNIT(.CENTI.,.METRE.)
);
#3440=LENGTH_MEASURE_WITH_UNIT(LENGTH_MEASURE(2.54),#3439);
#3441=(
CONVERSION_BASED_UNIT('INCH',#3440)
LENGTH_UNIT()
NAMED_UNIT(#3444)
);
#3442=(
NAMED_UNIT(*)
PLANE_ANGLE_UNIT()
SI_UNIT($,.RADIAN.)
);
#3443=DIMENSIONAL_EXPONENTS(0.,0.,0.,0.,0.,0.,0.);
#3444=DIMENSIONAL_EXPONENTS(1.,0.,0.,0.,0.,0.,0.);
#3445=PLANE_ANGLE_MEASURE_WITH_UNIT(PLANE_ANGLE_MEASURE(0.01745329252),
#3442);
#3446=(
CONVERSION_BASED_UNIT('DEGREES',#3445)
NAMED_UNIT(#3443)
PLANE_ANGLE_UNIT()
);
#3447=(
NAMED_UNIT(*)
SI_UNIT($,.STERADIAN.)
SOLID_ANGLE_UNIT()
);
#3448=UNCERTAINTY_MEASURE_WITH_UNIT(LENGTH_MEASURE(0.0001),#3441,
'DISTANCE_ACCURACY_VALUE',
'Maximum model space distance between geometric entities at asserted c
onnectivities');
#3449=(
GEOMETRIC_REPRESENTATION_CONTEXT(3)
GLOBAL_UNCERTAINTY_ASSIGNED_CONTEXT((#3448))
GLOBAL_UNIT_ASSIGNED_CONTEXT((#3447,#3446,#3441))
REPRESENTATION_CONTEXT('ID1','3D')
);
#3450=SHAPE_REPRESENTATION('Document',(#3451,#3776,#3777,#3778),#3449);
#3451=AXIS2_PLACEMENT_3D($,#4275,#3779,#3780);
#3452=AXIS2_PLACEMENT_3D('',#4276,#3781,$);
#3453=AXIS2_PLACEMENT_3D('',#4277,#3782,$);
#3454=AXIS2_PLACEMENT_3D('',#4278,#3783,$);
#3455=AXIS2_PLACEMENT_3D('',#4279,#3784,$);
#3456=AXIS2_PLACEMENT_3D('',#4280,#3785,$);
#3457=AXIS2_PLACEMENT_3D('',#4281,#3786,$);
#3458=AXIS2_PLACEMENT_3D('',#4282,#3787,$);
#3459=AXIS2_PLACEMENT_3D('',#4301,#3788,$);
#3460=AXIS2_PLACEMENT_3D('',#4320,#3789,$);
#3461=AXIS2_PLACEMENT_3D('',#4321,#3790,$);
#3462=AXIS2_PLACEMENT_3D('',#4322,#3791,$);
#3463=AXIS2_PLACEMENT_3D('',#4323,#3792,$);
#3464=AXIS2_PLACEMENT_3D('',#4324,#3793,$);
#3465=AXIS2_PLACEMENT_3D('',#4325,#3794,$);
#3466=AXIS2_PLACEMENT_3D('',#4326,#3795,$);
#3467=AXIS2_PLACEMENT_3D('',#4327,#3796,$);
#3468=AXIS2_PLACEMENT_3D('',#4328,#3797,$);
#3469=AXIS2_PLACEMENT_3D('',#4329,#3798,$);
#3470=AXIS2_PLACEMENT_3D('',#4330,#3799,$);
#3471=AXIS2_PLACEMENT_3D('',#4331,#3800,$);
#3472=AXIS2_PLACEMENT_3D('',#4332,#3801,$);
#3473=AXIS2_PLACEMENT_3D('',#4333,#3802,$);
#3474=AXIS2_PLACEMENT_3D('',#4334,#3803,$);
#3475=AXIS2_PLACEMENT_3D('',#4335,#3804,$);
#3476=AXIS2_PLACEMENT_3D('',#4336,#3805,$);
#3477=AXIS2_PLACEMENT_3D('',#4337,#3806,$);
#3478=AXIS2_PLACEMENT_3D('',#4338,#3807,$);
#3479=AXIS2_PLACEMENT_3D('',#4339,#3808,$);
#3480=AXIS2_PLACEMENT_3D('',#4340,#3809,$);
#3481=AXIS2_PLACEMENT_3D('',#4341,#3810,$);
#3482=AXIS2_PLACEMENT_3D('',#4342,#3811,$);
#3483=AXIS2_PLACEMENT_3D('',#4343,#3812,$);
#3484=AXIS2_PLACEMENT_3D('',#4344,#3813,$);
#3485=AXIS2_PLACEMENT_3D('',#4345,#3814,$);
#3486=AXIS2_PLACEMENT_3D('',#4346,#3815,$);
#3487=AXIS2_PLACEMENT_3D('',#4347,#3816,$);
#3488=AXIS2_PLACEMENT_3D('',#4348,#3817,$);
#3489=AXIS2_PLACEMENT_3D('',#4349,#3818,$);
#3490=AXIS2_PLACEMENT_3D('',#4350,#3819,$);
#3491=AXIS2_PLACEMENT_3D('',#4351,#3820,$);
#3492=AXIS2_PLACEMENT_3D('',#4352,#3821,$);
#3493=AXIS2_PLACEMENT_3D('',#4353,#3822,$);
#3494=AXIS2_PLACEMENT_3D('',#4354,#3823,$);
#3495=AXIS2_PLACEMENT_3D('',#4355,#3824,$);
#3496=AXIS2_PLACEMENT_3D('',#4356,#3825,$);
#3497=AXIS2_PLACEMENT_3D('',#4357,#3826,$);
#3498=AXIS2_PLACEMENT_3D('',#4358,#3827,$);
#3499=AXIS2_PLACEMENT_3D('',#4359,#3828,$);
#3500=AXIS2_PLACEMENT_3D('',#4360,#3829,$);
#3501=AXIS2_PLACEMENT_3D('',#4361,#3830,$);
#3502=AXIS2_PLACEMENT_3D('',#4362,#3831,$);
#3503=AXIS2_PLACEMENT_3D('',#4363,#3832,$);
#3504=AXIS2_PLACEMENT_3D('',#4364,#3833,$);
#3505=AXIS2_PLACEMENT_3D('',#4365,#3834,$);
#3506=AXIS2_PLACEMENT_3D('',#4366,#3835,$);
#3507=AXIS2_PLACEMENT_3D('',#4367,#3836,$);
#3508=AXIS2_PLACEMENT_3D('',#4368,#3837,$);
#3509=AXIS2_PLACEMENT_3D('',#4369,#3838,$);
#3510=AXIS2_PLACEMENT_3D('',#4370,#3839,$);
#3511=AXIS2_PLACEMENT_3D('',#4371,#3840,$);
#3512=AXIS2_PLACEMENT_3D('',#4372,#3841,$);
#3513=AXIS2_PLACEMENT_3D('',#4373,#3842,$);
#3514=AXIS2_PLACEMENT_3D('',#4374,#3843,$);
#3515=AXIS2_PLACEMENT_3D('',#4375,#3844,$);
#3516=AXIS2_PLACEMENT_3D('',#4376,#3845,$);
#3517=AXIS2_PLACEMENT_3D('',#4377,#3846,$);
#3518=AXIS2_PLACEMENT_3D('',#4378,#3847,$);
#3519=AXIS2_PLACEMENT_3D('',#4379,#3848,$);
#3520=AXIS2_PLACEMENT_3D('',#4380,#3849,$);
#3521=AXIS2_PLACEMENT_3D('',#4381,#3850,$);
#3522=AXIS2_PLACEMENT_3D('',#4382,#3851,$);
#3523=AXIS2_PLACEMENT_3D('',#4383,#3852,$);
#3524=AXIS2_PLACEMENT_3D('',#4384,#3853,$);
#3525=AXIS2_PLACEMENT_3D('',#4385,#3854,$);
#3526=AXIS2_PLACEMENT_3D('',#4386,#3855,$);
#3527=AXIS2_PLACEMENT_3D('',#4423,#3856,$);
#3528=AXIS2_PLACEMENT_3D('',#4424,#3857,$);
#3529=AXIS2_PLACEMENT_3D('',#4461,#3858,$);
#3530=AXIS2_PLACEMENT_3D('',#4462,#3859,$);
#3531=AXIS2_PLACEMENT_3D('',#4463,#3860,$);
#3532=AXIS2_PLACEMENT_3D('',#4464,#3861,$);
#3533=AXIS2_PLACEMENT_3D('',#4465,#3862,$);
#3534=AXIS2_PLACEMENT_3D('',#4466,#3863,$);
#3535=AXIS2_PLACEMENT_3D('',#4467,#3864,$);
#3536=AXIS2_PLACEMENT_3D('',#4498,#3865,$);
#3537=AXIS2_PLACEMENT_3D('',#4499,#3866,$);
#3538=AXIS2_PLACEMENT_3D('',#4500,#3867,$);
#3539=AXIS2_PLACEMENT_3D('',#4543,#3868,$);
#3540=AXIS2_PLACEMENT_3D('',#4544,#3869,$);
#3541=AXIS2_PLACEMENT_3D('',#4602,#3870,$);
#3542=AXIS2_PLACEMENT_3D('',#4603,#3871,$);
#3543=AXIS2_PLACEMENT_3D('',#4604,#3872,$);
#3544=AXIS2_PLACEMENT_3D('',#4605,#3873,$);
#3545=AXIS2_PLACEMENT_3D('',#4606,#3874,$);
#3546=AXIS2_PLACEMENT_3D('',#4643,#3875,$);
#3547=AXIS2_PLACEMENT_3D('',#4644,#3876,$);
#3548=AXIS2_PLACEMENT_3D('',#4645,#3877,$);
#3549=AXIS2_PLACEMENT_3D('',#4646,#3878,$);
#3550=AXIS2_PLACEMENT_3D('',#4647,#3879,$);
#3551=AXIS2_PLACEMENT_3D('',#4648,#3880,$);
#3552=AXIS2_PLACEMENT_3D('',#4649,#3881,$);
#3553=AXIS2_PLACEMENT_3D('',#4650,#3882,$);
#3554=AXIS2_PLACEMENT_3D('',#4651,#3883,$);
#3555=AXIS2_PLACEMENT_3D('',#4652,#3884,$);
#3556=AXIS2_PLACEMENT_3D('',#4662,#3885,$);
#3557=AXIS2_PLACEMENT_3D('',#4672,#3886,$);
#3558=AXIS2_PLACEMENT_3D('',#4682,#3887,$);
#3559=AXIS2_PLACEMENT_3D('',#4692,#3888,$);
#3560=AXIS2_PLACEMENT_3D('',#4693,#3889,$);
#3561=AXIS2_PLACEMENT_3D('',#4694,#3890,$);
#3562=AXIS2_PLACEMENT_3D('',#4770,#3891,$);
#3563=AXIS2_PLACEMENT_3D('',#4771,#3892,$);
#3564=AXIS2_PLACEMENT_3D('',#4772,#3893,$);
#3565=AXIS2_PLACEMENT_3D('',#4773,#3894,$);
#3566=AXIS2_PLACEMENT_3D('',#4774,#3895,$);
#3567=AXIS2_PLACEMENT_3D('',#4775,#3896,$);
#3568=AXIS2_PLACEMENT_3D('',#4776,#3897,$);
#3569=AXIS2_PLACEMENT_3D('',#4777,#3898,$);
#3570=AXIS2_PLACEMENT_3D('',#4778,#3899,$);
#3571=AXIS2_PLACEMENT_3D('',#4779,#3900,$);
#3572=AXIS2_PLACEMENT_3D('',#4780,#3901,$);
#3573=AXIS2_PLACEMENT_3D('',#4781,#3902,$);
#3574=AXIS2_PLACEMENT_3D('',#4782,#3903,$);
#3575=AXIS2_PLACEMENT_3D('',#4783,#3904,$);
#3576=AXIS2_PLACEMENT_3D('',#4784,#3905,$);
#3577=AXIS2_PLACEMENT_3D('',#4785,#3906,$);
#3578=AXIS2_PLACEMENT_3D('',#4786,#3907,$);
#3579=AXIS2_PLACEMENT_3D('',#4787,#3908,$);
#3580=AXIS2_PLACEMENT_3D('',#4788,#3909,$);
#3581=AXIS2_PLACEMENT_3D('',#4789,#3910,$);
#3582=AXIS2_PLACEMENT_3D('',#4790,#3911,$);
#3583=AXIS2_PLACEMENT_3D('',#4791,#3912,$);
#3584=AXIS2_PLACEMENT_3D('',#4792,#3913,$);
#3585=AXIS2_PLACEMENT_3D('',#4793,#3914,$);
#3586=AXIS2_PLACEMENT_3D('',#4794,#3915,$);
#3587=AXIS2_PLACEMENT_3D('',#4795,#3916,$);
#3588=AXIS2_PLACEMENT_3D('',#4796,#3917,$);
#3589=AXIS2_PLACEMENT_3D('',#4797,#3918,$);
#3590=AXIS2_PLACEMENT_3D('',#4798,#3919,$);
#3591=AXIS2_PLACEMENT_3D('',#4799,#3920,$);
#3592=AXIS2_PLACEMENT_3D('',#4800,#3921,$);
#3593=AXIS2_PLACEMENT_3D('',#4816,#3922,$);
#3594=AXIS2_PLACEMENT_3D('',#4817,#3923,$);
#3595=AXIS2_PLACEMENT_3D($,#5421,#3924,#3925);
#3596=AXIS2_PLACEMENT_3D($,#5424,#3926,#3927);
#3597=AXIS2_PLACEMENT_3D($,#5435,#3928,#3929);
#3598=AXIS2_PLACEMENT_3D($,#5438,#3930,#3931);
#3599=AXIS2_PLACEMENT_3D($,#5461,#3932,#3933);
#3600=AXIS2_PLACEMENT_3D($,#5464,#3934,#3935);
#3601=AXIS2_PLACEMENT_3D($,#5475,#3936,#3937);
#3602=AXIS2_PLACEMENT_3D($,#5478,#3938,#3939);
#3603=AXIS2_PLACEMENT_3D($,#5541,#3940,#3941);
#3604=AXIS2_PLACEMENT_3D($,#5546,#3942,#3943);
#3605=AXIS2_PLACEMENT_3D($,#5551,#3944,#3945);
#3606=AXIS2_PLACEMENT_3D($,#5558,#3946,#3947);
#3607=AXIS2_PLACEMENT_3D($,#5561,#3948,#3949);
#3608=AXIS2_PLACEMENT_3D($,#5564,#3950,#3951);
#3609=AXIS2_PLACEMENT_3D($,#5567,#3952,#3953);
#3610=AXIS2_PLACEMENT_3D($,#5572,#3954,#3955);
#3611=AXIS2_PLACEMENT_3D($,#5577,#3956,#3957);
#3612=AXIS2_PLACEMENT_3D($,#5584,#3958,#3959);
#3613=AXIS2_PLACEMENT_3D($,#5587,#3960,#3961);
#3614=AXIS2_PLACEMENT_3D($,#5590,#3962,#3963);
#3615=AXIS2_PLACEMENT_3D($,#5595,#3964,#3965);
#3616=AXIS2_PLACEMENT_3D($,#5598,#3966,#3967);
#3617=AXIS2_PLACEMENT_3D($,#5603,#3968,#3969);
#3618=AXIS2_PLACEMENT_3D($,#5606,#3970,#3971);
#3619=AXIS2_PLACEMENT_3D($,#5609,#3972,#3973);
#3620=AXIS2_PLACEMENT_3D($,#5612,#3974,#3975);
#3621=AXIS2_PLACEMENT_3D($,#5615,#3976,#3977);
#3622=AXIS2_PLACEMENT_3D($,#5616,#3978,#3979);
#3623=AXIS2_PLACEMENT_3D($,#5617,#3980,#3981);
#3624=AXIS2_PLACEMENT_3D($,#5618,#3982,#3983);
#3625=AXIS2_PLACEMENT_3D($,#5625,#3984,#3985);
#3626=AXIS2_PLACEMENT_3D($,#5628,#3986,#3987);
#3627=AXIS2_PLACEMENT_3D($,#5631,#3988,#3989);
#3628=AXIS2_PLACEMENT_3D($,#5634,#3990,#3991);
#3629=AXIS2_PLACEMENT_3D($,#5637,#3992,#3993);
#3630=AXIS2_PLACEMENT_3D($,#5640,#3994,#3995);
#3631=AXIS2_PLACEMENT_3D($,#5643,#3996,#3997);
#3632=AXIS2_PLACEMENT_3D($,#5652,#3998,#3999);
#3633=AXIS2_PLACEMENT_3D($,#5655,#4000,#4001);
#3634=AXIS2_PLACEMENT_3D($,#5658,#4002,#4003);
#3635=AXIS2_PLACEMENT_3D($,#5679,#4004,#4005);
#3636=AXIS2_PLACEMENT_3D($,#5684,#4006,#4007);
#3637=AXIS2_PLACEMENT_3D($,#5689,#4008,#4009);
#3638=AXIS2_PLACEMENT_3D($,#5694,#4010,#4011);
#3639=AXIS2_PLACEMENT_3D($,#5697,#4012,#4013);
#3640=AXIS2_PLACEMENT_3D($,#5714,#4014,#4015);
#3641=AXIS2_PLACEMENT_3D($,#5717,#4016,#4017);
#3642=AXIS2_PLACEMENT_3D($,#5736,#4018,#4019);
#3643=AXIS2_PLACEMENT_3D($,#5739,#4020,#4021);
#3644=AXIS2_PLACEMENT_3D($,#5744,#4022,#4023);
#3645=AXIS2_PLACEMENT_3D($,#5747,#4024,#4025);
#3646=AXIS2_PLACEMENT_3D($,#5752,#4026,#4027);
#3647=AXIS2_PLACEMENT_3D($,#5755,#4028,#4029);
#3648=AXIS2_PLACEMENT_3D($,#5760,#4030,#4031);
#3649=AXIS2_PLACEMENT_3D($,#5763,#4032,#4033);
#3650=AXIS2_PLACEMENT_3D($,#5766,#4034,#4035);
#3651=AXIS2_PLACEMENT_3D($,#5769,#4036,#4037);
#3652=AXIS2_PLACEMENT_3D($,#5772,#4038,#4039);
#3653=AXIS2_PLACEMENT_3D($,#5775,#4040,#4041);
#3654=AXIS2_PLACEMENT_3D($,#5778,#4042,#4043);
#3655=AXIS2_PLACEMENT_3D($,#5781,#4044,#4045);
#3656=AXIS2_PLACEMENT_3D($,#5784,#4046,#4047);
#3657=AXIS2_PLACEMENT_3D($,#5787,#4048,#4049);
#3658=AXIS2_PLACEMENT_3D($,#5790,#4050,#4051);
#3659=AXIS2_PLACEMENT_3D($,#5797,#4052,#4053);
#3660=AXIS2_PLACEMENT_3D($,#5804,#4054,#4055);
#3661=AXIS2_PLACEMENT_3D($,#5813,#4056,#4057);
#3662=AXIS2_PLACEMENT_3D($,#5834,#4058,#4059);
#3663=AXIS2_PLACEMENT_3D($,#5837,#4060,#4061);
#3664=AXIS2_PLACEMENT_3D($,#5840,#4062,#4063);
#3665=AXIS2_PLACEMENT_3D($,#5843,#4064,#4065);
#3666=AXIS2_PLACEMENT_3D($,#5846,#4066,#4067);
#3667=AXIS2_PLACEMENT_3D($,#5849,#4068,#4069);
#3668=AXIS2_PLACEMENT_3D($,#5852,#4070,#4071);
#3669=AXIS2_PLACEMENT_3D($,#5855,#4072,#4073);
#3670=AXIS2_PLACEMENT_3D($,#5858,#4074,#4075);
#3671=AXIS2_PLACEMENT_3D($,#5861,#4076,#4077);
#3672=AXIS2_PLACEMENT_3D($,#5864,#4078,#4079);
#3673=AXIS2_PLACEMENT_3D($,#5867,#4080,#4081);
#3674=AXIS2_PLACEMENT_3D($,#5870,#4082,#4083);
#3675=AXIS2_PLACEMENT_3D($,#5875,#4084,#4085);
#3676=AXIS2_PLACEMENT_3D($,#5900,#4086,#4087);
#3677=AXIS2_PLACEMENT_3D($,#5901,#4088,#4089);
#3678=AXIS2_PLACEMENT_3D($,#5902,#4090,#4091);
#3679=AXIS2_PLACEMENT_3D($,#5931,#4092,#4093);
#3680=AXIS2_PLACEMENT_3D($,#5934,#4094,#4095);
#3681=AXIS2_PLACEMENT_3D($,#5937,#4096,#4097);
#3682=AXIS2_PLACEMENT_3D($,#5942,#4098,#4099);
#3683=AXIS2_PLACEMENT_3D($,#5949,#4100,#4101);
#3684=AXIS2_PLACEMENT_3D($,#5952,#4102,#4103);
#3685=AXIS2_PLACEMENT_3D($,#5959,#4104,#4105);
#3686=AXIS2_PLACEMENT_3D($,#5968,#4106,#4107);
#3687=AXIS2_PLACEMENT_3D($,#5971,#4108,#4109);
#3688=AXIS2_PLACEMENT_3D($,#5974,#4110,#4111);
#3689=AXIS2_PLACEMENT_3D($,#5977,#4112,#4113);
#3690=AXIS2_PLACEMENT_3D($,#5982,#4114,#4115);
#3691=AXIS2_PLACEMENT_3D($,#5987,#4116,#4117);
#3692=AXIS2_PLACEMENT_3D($,#5990,#4118,#4119);
#3693=AXIS2_PLACEMENT_3D($,#6005,#4120,#4121);
#3694=AXIS2_PLACEMENT_3D($,#6008,#4122,#4123);
#3695=AXIS2_PLACEMENT_3D($,#6013,#4124,#4125);
#3696=AXIS2_PLACEMENT_3D($,#6018,#4126,#4127);
#3697=AXIS2_PLACEMENT_3D($,#6023,#4128,#4129);
#3698=AXIS2_PLACEMENT_3D($,#6026,#4130,#4131);
#3699=AXIS2_PLACEMENT_3D($,#6029,#4132,#4133);
#3700=AXIS2_PLACEMENT_3D($,#6032,#4134,#4135);
#3701=AXIS2_PLACEMENT_3D($,#6035,#4136,#4137);
#3702=AXIS2_PLACEMENT_3D($,#6038,#4138,#4139);
#3703=AXIS2_PLACEMENT_3D($,#6041,#4140,#4141);
#3704=AXIS2_PLACEMENT_3D($,#6044,#4142,#4143);
#3705=AXIS2_PLACEMENT_3D($,#6061,#4144,#4145);
#3706=AXIS2_PLACEMENT_3D($,#6066,#4146,#4147);
#3707=AXIS2_PLACEMENT_3D($,#6069,#4148,#4149);
#3708=AXIS2_PLACEMENT_3D($,#6072,#4150,#4151);
#3709=AXIS2_PLACEMENT_3D($,#6079,#4152,#4153);
#3710=AXIS2_PLACEMENT_3D($,#6084,#4154,#4155);
#3711=AXIS2_PLACEMENT_3D($,#6087,#4156,#4157);
#3712=AXIS2_PLACEMENT_3D($,#6090,#4158,#4159);
#3713=AXIS2_PLACEMENT_3D($,#6093,#4160,#4161);
#3714=AXIS2_PLACEMENT_3D($,#6098,#4162,#4163);
#3715=AXIS2_PLACEMENT_3D($,#6111,#4164,#4165);
#3716=AXIS2_PLACEMENT_3D($,#6114,#4166,#4167);
#3717=AXIS2_PLACEMENT_3D($,#6119,#4168,#4169);
#3718=AXIS2_PLACEMENT_3D($,#6122,#4170,#4171);
#3719=AXIS2_PLACEMENT_3D($,#6125,#4172,#4173);
#3720=AXIS2_PLACEMENT_3D($,#6128,#4174,#4175);
#3721=AXIS2_PLACEMENT_3D($,#6133,#4176,#4177);
#3722=AXIS2_PLACEMENT_3D($,#6136,#4178,#4179);
#3723=AXIS2_PLACEMENT_3D($,#6141,#4180,#4181);
#3724=AXIS2_PLACEMENT_3D($,#6144,#4182,#4183);
#3725=AXIS2_PLACEMENT_3D('',#6186,#4188,$);
#3726=AXIS2_PLACEMENT_3D('',#6205,#4189,$);
#3727=AXIS2_PLACEMENT_3D('',#6206,#4190,$);
#3728=AXIS2_PLACEMENT_3D('',#6207,#4191,$);
#3729=AXIS2_PLACEMENT_3D('',#6243,#4192,$);
#3730=AXIS2_PLACEMENT_3D('',#6244,#4193,$);
#3731=AXIS2_PLACEMENT_3D('',#6245,#4194,$);
#3732=AXIS2_PLACEMENT_3D($,#6275,#4195,#4196);
#3733=AXIS2_PLACEMENT_3D($,#6278,#4197,#4198);
#3734=AXIS2_PLACEMENT_3D($,#6281,#4199,#4200);
#3735=AXIS2_PLACEMENT_3D($,#6288,#4201,#4202);
#3736=AXIS2_PLACEMENT_3D($,#6291,#4203,#4204);
#3737=AXIS2_PLACEMENT_3D($,#6298,#4205,#4206);
#3738=AXIS2_PLACEMENT_3D($,#6332,#4207,#4208);
#3739=AXIS2_PLACEMENT_3D($,#6340,#4209,#4210);
#3740=AXIS2_PLACEMENT_3D($,#6345,#4211,#4212);
#3741=AXIS2_PLACEMENT_3D($,#6350,#4213,#4214);
#3742=AXIS2_PLACEMENT_3D('',#6415,#4215,$);
#3743=AXIS2_PLACEMENT_3D('',#6434,#4216,$);
#3744=AXIS2_PLACEMENT_3D('',#6435,#4217,$);
#3745=AXIS2_PLACEMENT_3D('',#6436,#4218,$);
#3746=AXIS2_PLACEMENT_3D('',#6472,#4219,$);
#3747=AXIS2_PLACEMENT_3D('',#6473,#4220,$);
#3748=AXIS2_PLACEMENT_3D('',#6474,#4221,$);
#3749=AXIS2_PLACEMENT_3D($,#6504,#4222,#4223);
#3750=AXIS2_PLACEMENT_3D($,#6507,#4224,#4225);
#3751=AXIS2_PLACEMENT_3D($,#6510,#4226,#4227);
#3752=AXIS2_PLACEMENT_3D($,#6517,#4228,#4229);
#3753=AXIS2_PLACEMENT_3D($,#6520,#4230,#4231);
#3754=AXIS2_PLACEMENT_3D($,#6527,#4232,#4233);
#3755=AXIS2_PLACEMENT_3D($,#6561,#4234,#4235);
#3756=AXIS2_PLACEMENT_3D($,#6569,#4236,#4237);
#3757=AXIS2_PLACEMENT_3D($,#6574,#4238,#4239);
#3758=AXIS2_PLACEMENT_3D($,#6579,#4240,#4241);
#3759=AXIS2_PLACEMENT_3D('',#6644,#4242,$);
#3760=AXIS2_PLACEMENT_3D('',#6663,#4243,$);
#3761=AXIS2_PLACEMENT_3D('',#6664,#4244,$);
#3762=AXIS2_PLACEMENT_3D('',#6665,#4245,$);
#3763=AXIS2_PLACEMENT_3D('',#6701,#4246,$);
#3764=AXIS2_PLACEMENT_3D('',#6702,#4247,$);
#3765=AXIS2_PLACEMENT_3D('',#6703,#4248,$);
#3766=AXIS2_PLACEMENT_3D($,#6733,#4249,#4250);
#3767=AXIS2_PLACEMENT_3D($,#6736,#4251,#4252);
#3768=AXIS2_PLACEMENT_3D($,#6739,#4253,#4254);
#3769=AXIS2_PLACEMENT_3D($,#6746,#4255,#4256);
#3770=AXIS2_PLACEMENT_3D($,#6749,#4257,#4258);
#3771=AXIS2_PLACEMENT_3D($,#6756,#4259,#4260);
#3772=AXIS2_PLACEMENT_3D($,#6790,#4261,#4262);
#3773=AXIS2_PLACEMENT_3D($,#6798,#4263,#4264);
#3774=AXIS2_PLACEMENT_3D($,#6803,#4265,#4266);
#3775=AXIS2_PLACEMENT_3D($,#6808,#4267,#4268);
#3776=AXIS2_PLACEMENT_3D($,#6838,#4269,#4270);
#3777=AXIS2_PLACEMENT_3D($,#6839,#4271,#4272);
#3778=AXIS2_PLACEMENT_3D($,#6840,#4273,#4274);
#3779=DIRECTION('',(0.,0.,1.));
#3780=DIRECTION('',(1.,0.,0.));
#3781=DIRECTION('',(-0.752464635140347,0.,-0.65863265396054));
#3782=DIRECTION('',(0.,0.,1.));
#3783=DIRECTION('',(0.752464635169588,0.,0.658632653927134));
#3784=DIRECTION('',(-0.96592582627674,0.,0.258819045148533));
#3785=DIRECTION('',(0.,0.,1.));
#3786=DIRECTION('',(0.965925826288534,0.,-0.258819045104515));
#3787=DIRECTION('',(0.,0.,-1.));
#3788=DIRECTION('',(0.,0.,1.));
#3789=DIRECTION('',(0.,0.,-1.));
#3790=DIRECTION('',(-0.965925826305967,0.,0.258819045039454));
#3791=DIRECTION('',(0.,-1.,0.));
#3792=DIRECTION('',(0.,0.,1.));
#3793=DIRECTION('',(0.751680333055445,0.,0.659527616478381));
#3794=DIRECTION('',(-0.965925826276728,0.,0.258819045148574));
#3795=DIRECTION('',(0.,0.,1.));
#3796=DIRECTION('',(0.965925826288534,0.,-0.258819045104515));
#3797=DIRECTION('',(0.,0.,-1.));
#3798=DIRECTION('',(-0.965925826291246,0.,0.258819045094395));
#3799=DIRECTION('',(0.612031574855608,0.,-0.790833327180744));
#3800=DIRECTION('',(0.,0.,-1.));
#3801=DIRECTION('',(-0.612031574855315,0.,0.79083332718097));
#3802=DIRECTION('',(-0.751680333069552,0.,-0.659527616462304));
#3803=DIRECTION('',(0.,-1.,0.));
#3804=DIRECTION('',(-0.965925826305967,0.,0.258819045039454));
#3805=DIRECTION('',(0.,0.,1.));
#3806=DIRECTION('',(-0.965925826301167,0.,0.258819045057368));
#3807=DIRECTION('',(0.,0.,-1.));
#3808=DIRECTION('',(-0.965925826272436,0.,0.258819045164594));
#3809=DIRECTION('',(0.,0.,1.));
#3810=DIRECTION('',(-0.965925826301176,0.,0.258819045057333));
#3811=DIRECTION('',(0.,0.,-1.));
#3812=DIRECTION('',(-0.965925826272436,0.,0.258819045164593));
#3813=DIRECTION('',(0.,0.,1.));
#3814=DIRECTION('',(0.965925826288534,0.,-0.258819045104515));
#3815=DIRECTION('',(0.,0.,-1.));
#3816=DIRECTION('',(0.,-1.,0.));
#3817=DIRECTION('',(-0.965925826288534,0.,0.258819045104516));
#3818=DIRECTION('',(0.,0.,1.));
#3819=DIRECTION('',(0.965925826296581,0.,-0.258819045074483));
#3820=DIRECTION('',(0.,0.,-1.));
#3821=DIRECTION('',(0.,-1.,0.));
#3822=DIRECTION('',(-0.823582827850341,0.,-0.567196020499117));
#3823=DIRECTION('',(0.965925826280949,0.,-0.258819045132824));
#3824=DIRECTION('',(0.,0.,-1.));
#3825=DIRECTION('',(-0.965925826288538,0.,0.258819045104499));
#3826=DIRECTION('',(0.,0.,1.));
#3827=DIRECTION('',(0.823582827868831,0.,0.567196020472269));
#3828=DIRECTION('',(-0.965925826302316,0.,0.258819045053081));
#3829=DIRECTION('',(0.,0.,1.));
#3830=DIRECTION('',(0.965925826288538,0.,-0.258819045104498));
#3831=DIRECTION('',(0.,0.,-1.));
#3832=DIRECTION('',(0.,-1.,0.));
#3833=DIRECTION('',(-0.965925826286803,0.,0.258819045110977));
#3834=DIRECTION('',(0.,1.,0.));
#3835=DIRECTION('',(0.,0.,-1.));
#3836=DIRECTION('',(0.,1.,0.));
#3837=DIRECTION('',(0.965925826294382,0.,-0.258819045082691));
#3838=DIRECTION('',(0.,0.,-1.));
#3839=DIRECTION('',(-0.965925826290829,0.,0.25881904509595));
#3840=DIRECTION('',(0.,1.,0.));
#3841=DIRECTION('',(0.,0.,1.));
#3842=DIRECTION('',(0.,1.,0.));
#3843=DIRECTION('',(0.96592582629072,0.,-0.258819045096356));
#3844=DIRECTION('',(0.,0.,-1.));
#3845=DIRECTION('',(0.,-1.,0.));
#3846=DIRECTION('',(-0.965925826305967,0.,0.258819045039454));
#3847=DIRECTION('',(0.,0.,1.));
#3848=DIRECTION('',(-0.965925826283029,0.,0.258819045125061));
#3849=DIRECTION('',(0.,0.,1.));
#3850=DIRECTION('',(0.965925826283029,0.,-0.258819045125061));
#3851=DIRECTION('',(0.,0.,1.));
#3852=DIRECTION('',(0.965925826305967,0.,-0.258819045039454));
#3853=DIRECTION('',(0.,0.,-1.));
#3854=DIRECTION('',(0.,-1.,0.));
#3855=DIRECTION('',(0.,1.,0.));
#3856=DIRECTION('',(0.,1.,0.));
#3857=DIRECTION('',(0.,1.,0.));
#3858=DIRECTION('',(0.,1.,0.));
#3859=DIRECTION('',(0.,-1.,0.));
#3860=DIRECTION('',(0.,-1.,0.));
#3861=DIRECTION('',(0.,-1.,0.));
#3862=DIRECTION('',(0.,-1.,0.));
#3863=DIRECTION('',(0.,-1.,0.));
#3864=DIRECTION('',(0.,-1.,0.));
#3865=DIRECTION('',(0.,-1.,0.));
#3866=DIRECTION('',(0.,-1.,0.));
#3867=DIRECTION('',(0.,-1.,0.));
#3868=DIRECTION('',(1.14810454268611E-13,1.,1.37307252355433E-12));
#3869=DIRECTION('',(-2.97499046770009E-12,-1.,-2.48755984248569E-13));
#3870=DIRECTION('',(0.,-1.,0.));
#3871=DIRECTION('',(0.,0.,1.));
#3872=DIRECTION('',(1.,-1.57009245868341E-13,-1.57009245868353E-13));
#3873=DIRECTION('',(0.,0.,-1.));
#3874=DIRECTION('',(-1.,5.23364152894351E-14,-5.23364152894351E-14));
#3875=DIRECTION('',(0.,1.,0.));
#3876=DIRECTION('',(0.,1.,0.));
#3877=DIRECTION('',(0.,1.,0.));
#3878=DIRECTION('',(0.,1.,0.));
#3879=DIRECTION('',(0.,1.,0.));
#3880=DIRECTION('',(1.,0.,0.));
#3881=DIRECTION('',(0.,0.,1.));
#3882=DIRECTION('',(-1.,0.,0.));
#3883=DIRECTION('',(0.,0.,-1.));
#3884=DIRECTION('',(1.78687698887318E-13,1.78687698887318E-13,1.));
#3885=DIRECTION('',(-1.,-1.78462077350803E-14,-1.78462077350803E-14));
#3886=DIRECTION('',(0.,0.,-1.));
#3887=DIRECTION('',(1.,1.04672830578897E-13,-1.04672830578904E-13));
#3888=DIRECTION('',(0.,1.,0.));
#3889=DIRECTION('',(0.,1.,0.));
#3890=DIRECTION('',(0.,1.,0.));
#3891=DIRECTION('',(0.,-1.,0.));
#3892=DIRECTION('',(0.,-1.,0.));
#3893=DIRECTION('',(0.,-1.,0.));
#3894=DIRECTION('',(0.,-1.,0.));
#3895=DIRECTION('',(0.,1.,0.));
#3896=DIRECTION('',(0.,1.,0.));
#3897=DIRECTION('',(0.500000000000002,-4.34183333567556E-16,0.866025403784437));
#3898=DIRECTION('',(0.,1.,0.));
#3899=DIRECTION('',(-0.500000000000001,-6.1038683544436E-16,-0.866025403784438));
#3900=DIRECTION('',(0.,1.,0.));
#3901=DIRECTION('',(0.,1.,0.));
#3902=DIRECTION('',(0.,-1.,0.));
#3903=DIRECTION('',(0.,1.,0.));
#3904=DIRECTION('',(0.,1.,0.));
#3905=DIRECTION('',(-1.,0.,0.));
#3906=DIRECTION('',(0.,1.,0.));
#3907=DIRECTION('',(1.,0.,0.));
#3908=DIRECTION('',(0.,1.,0.));
#3909=DIRECTION('',(0.,1.,0.));
#3910=DIRECTION('',(0.,1.,0.));
#3911=DIRECTION('',(0.,-1.,0.));
#3912=DIRECTION('',(0.,1.,0.));
#3913=DIRECTION('',(0.,1.,0.));
#3914=DIRECTION('',(0.,1.,0.));
#3915=DIRECTION('',(0.,1.,0.));
#3916=DIRECTION('',(-0.500000000000001,0.,-0.866025403784438));
#3917=DIRECTION('',(0.,1.,0.));
#3918=DIRECTION('',(0.499999999999999,-6.10386835444361E-16,0.866025403784439));
#3919=DIRECTION('',(0.,1.,0.));
#3920=DIRECTION('',(0.,-1.,0.));
#3921=DIRECTION('',(0.,1.,0.));
#3922=DIRECTION('',(0.,-1.,0.));
#3923=DIRECTION('',(0.,1.,0.));
#3924=DIRECTION('',(0.,1.,0.));
#3925=DIRECTION('',(1.90546016466837E-11,0.,-1.));
#3926=DIRECTION('',(0.,1.,0.));
#3927=DIRECTION('',(1.91372178522291E-11,0.,-1.));
#3928=DIRECTION('',(0.,1.,0.));
#3929=DIRECTION('',(0.965925826319,0.,-0.258819044990816));
#3930=DIRECTION('',(-2.07683834318011E-14,1.,2.70658842379764E-14));
#3931=DIRECTION('',(0.965925826319003,2.81996648252066E-14,-0.258819044990803));
#3932=DIRECTION('',(0.,-1.,0.));
#3933=DIRECTION('',(2.39189557053519E-11,0.,-1.));
#3934=DIRECTION('',(0.,1.,0.));
#3935=DIRECTION('',(0.965925826302574,0.,-0.258819045052116));
#3936=DIRECTION('',(0.,-1.,0.));
#3937=DIRECTION('',(-0.965925826270417,0.,0.258819045172126));
#3938=DIRECTION('',(0.,1.,0.));
#3939=DIRECTION('',(1.23373533612779E-14,0.,-1.));
#3940=DIRECTION('',(0.,1.,0.));
#3941=DIRECTION('',(1.,0.,0.));
#3942=DIRECTION('',(-1.28912753487904E-14,-1.,0.));
#3943=DIRECTION('',(-1.,1.28912753487904E-14,0.));
#3944=DIRECTION('',(-5.87496819800412E-17,-1.,0.));
#3945=DIRECTION('',(-1.,5.87496819800411E-17,0.));
#3946=DIRECTION('',(0.,-1.,0.));
#3947=DIRECTION('',(1.,0.,0.));
#3948=DIRECTION('',(0.,-1.,0.));
#3949=DIRECTION('',(1.,0.,0.));
#3950=DIRECTION('',(1.28912753487904E-14,-1.,0.));
#3951=DIRECTION('',(1.,1.28912753487903E-14,0.));
#3952=DIRECTION('',(0.,1.,0.));
#3953=DIRECTION('',(1.,0.,-4.028523546497E-16));
#3954=DIRECTION('',(-1.28912753487904E-14,-1.,0.));
#3955=DIRECTION('',(-1.,1.28912753487904E-14,-4.02852354649699E-16));
#3956=DIRECTION('',(0.,-1.,0.));
#3957=DIRECTION('',(-1.,0.,0.));
#3958=DIRECTION('',(0.,-1.,0.));
#3959=DIRECTION('',(1.,0.,4.6999745584033E-16));
#3960=DIRECTION('',(0.,-1.,0.));
#3961=DIRECTION('',(1.,0.,1.2085570639491E-15));
#3962=DIRECTION('',(1.28912753487904E-14,-1.,0.));
#3963=DIRECTION('',(1.,1.28912753487904E-14,-8.05704709299398E-16));
#3964=DIRECTION('',(1.91184168308332E-15,-1.,-6.85338491470286E-31));
#3965=DIRECTION('',(1.,1.91184168308332E-15,-4.7796042077083E-16));
#3966=DIRECTION('',(1.91183373204427E-15,-1.,8.0522916198186E-24));
#3967=DIRECTION('',(1.,1.91183373204427E-15,8.42363023548933E-9));
#3968=DIRECTION('',(-1.91184168308332E-15,-1.,-9.13784655293716E-31));
#3969=DIRECTION('',(-1.,1.91184168308332E-15,-1.19490105192708E-15));
#3970=DIRECTION('',(-1.91183373204427E-15,-1.,-8.05229253359567E-24));
#3971=DIRECTION('',(-1.,1.91183373204427E-15,-8.42363214732306E-9));
#3972=DIRECTION('',(7.52456949283556E-13,1.,2.47198231878979E-12));
#3973=DIRECTION('',(0.472574554188604,1.83186800203129E-12,-0.881290695930373));
#3974=DIRECTION('',(-2.01429147782601E-12,1.,-7.14186795203468E-13));
#3975=DIRECTION('',(-0.790572380804456,-2.03540889113848E-12,-0.612368606893899));
#3976=DIRECTION('',(3.7756873406499E-14,1.,0.));
#3977=DIRECTION('',(-1.,3.77568734064991E-14,-2.35980458790619E-15));
#3978=DIRECTION('',(3.7756873406499E-14,1.,0.));
#3979=DIRECTION('',(-1.,3.7756873406499E-14,-1.17990229395309E-15));
#3980=DIRECTION('',(3.7756873406499E-14,1.,0.));
#3981=DIRECTION('',(-1.,3.89367757004521E-14,0.));
#3982=DIRECTION('',(0.,-1.,0.));
#3983=DIRECTION('',(1.,0.,-7.16940631156245E-16));
#3984=DIRECTION('',(0.,-1.,0.));
#3985=DIRECTION('',(1.,0.,1.28595860799146E-8));
#3986=DIRECTION('',(0.,-1.,0.));
#3987=DIRECTION('',(-1.,0.,-1.19490105192708E-15));
#3988=DIRECTION('',(-7.64725845187549E-15,-1.,-1.35217377376292E-22));
#3989=DIRECTION('',(-1.,7.6472584518755E-15,-1.28595879917292E-8));
#3990=DIRECTION('',(6.43005917471634E-10,-1.,8.63024374608283E-10));
#3991=DIRECTION('',(-0.368123054628843,-1.03912555710782E-9,-0.929777079009119));
#3992=DIRECTION('',(3.53628339673938E-10,-1.,6.14689665893603E-10));
#3993=DIRECTION('',(0.618727703717234,7.01703317649333E-10,0.785605517198548));
#3994=DIRECTION('',(2.02185548839589E-9,-1.,-2.02198724650889E-9));
#3995=DIRECTION('',(0.936247521304457,2.6033640360182E-9,-0.351341114661037));
#3996=DIRECTION('',(-3.89058582859604E-15,-1.,-8.73743650409507E-23));
#3997=DIRECTION('',(1.,-3.89058582859604E-15,2.24578938677261E-8));
#3998=DIRECTION('',(1.94529291429803E-15,-1.,4.36871851220888E-23));
#3999=DIRECTION('',(-1.,-1.94529291429803E-15,-2.24578960561807E-8));
#4000=DIRECTION('',(2.61346227262712E-14,-1.,-4.15596404561003E-14));
#4001=DIRECTION('',(0.88129069377115,4.22994972382221E-14,-0.472574558215279));
#4002=DIRECTION('',(2.105627086403E-9,-1.,-7.89987192200808E-10));
#4003=DIRECTION('',(0.936254299464387,2.24894258523445E-9,-0.351323051811932));
#4004=DIRECTION('',(-4.64449991795148E-15,-1.,-3.6215583960134E-15));
#4005=DIRECTION('',(-0.368124552684256,5.22216015286173E-15,-0.929776485888418));
#4006=DIRECTION('',(-2.32224995888986E-15,-1.,-1.81077919807247E-15));
#4007=DIRECTION('',(-0.368124552684496,2.61108007643222E-15,-0.929776485888323));
#4008=DIRECTION('',(1.83492829235503E-15,-1.,5.53117211374471E-15));
#4009=DIRECTION('',(0.612368600824818,5.39623215795713E-15,0.790572385505498));
#4010=DIRECTION('',(1.07282842329777E-15,-1.,2.57585383296729E-15));
#4011=DIRECTION('',(0.612368598488099,2.698116078981E-15,0.790572387315495));
#4012=DIRECTION('',(-0.929776485887275,-9.01010230760956E-13,0.368124552687145));
#4013=DIRECTION('',(-1.04413005965135E-11,-1.,-2.88241652619485E-11));
#4014=DIRECTION('',(-3.44241035386814E-8,1.,2.88185304940905E-9));
#4015=DIRECTION('',(0.472574244947229,1.8807689901135E-8,-0.881290861754822));
#4016=DIRECTION('',(2.90997869465837E-9,1.,-3.47666724454472E-8));
#4017=DIRECTION('',(-0.790571931921957,-1.89894890358269E-8,-0.612369186404071));
#4018=DIRECTION('',(0.,0.,1.));
#4019=DIRECTION('',(-3.70074341541706E-14,-1.,0.));
#4020=DIRECTION('',(5.2336415289438E-14,-1.26351283597779E-13,-1.));
#4021=DIRECTION('',(1.,2.31296463463574E-15,6.47630097698007E-14));
#4022=DIRECTION('',(1.,7.40148683083043E-14,-7.40148683083777E-14));
#4023=DIRECTION('',(7.40148683083427E-14,-1.,2.31296463463571E-14));
#4024=DIRECTION('',(1.,-8.93438494434176E-13,-8.93438494433647E-13));
#4025=DIRECTION('',(-9.06682136779333E-13,-1.,2.37657116209379E-12));
#4026=DIRECTION('',(9.63508306692492E-14,-5.16789059474633E-14,-1.));
#4027=DIRECTION('',(3.3306690738764E-13,-1.,5.55111512312733E-14));
#4028=DIRECTION('',(-1.0467283057898E-13,-2.52702567195678E-13,1.));
#4029=DIRECTION('',(-1.,-3.81639164714742E-13,-7.40148683083136E-14));
#4030=DIRECTION('',(-1.,4.46719247218069E-14,-4.46719247218135E-14));
#4031=DIRECTION('',(-3.70074341541779E-14,-1.,-7.40148683083559E-14));
#4032=DIRECTION('',(1.,-4.46719247218022E-14,4.46719247218022E-14));
#4033=DIRECTION('',(-3.7007434154176E-14,1.71159382963064E-13,1.));
#4034=DIRECTION('',(0.,1.,0.));
#4035=DIRECTION('',(8.05704709299398E-16,0.,1.));
#4036=DIRECTION('',(0.,1.,0.));
#4037=DIRECTION('',(-2.88272758015003E-15,0.,1.));
#4038=DIRECTION('',(1.21571452278655E-16,1.,-1.21571452278655E-16));
#4039=DIRECTION('',(-1.,1.51069632993638E-16,-4.83422825579642E-15));
#4040=DIRECTION('',(1.24277143225451E-16,1.,-1.24277143225449E-16));
#4041=DIRECTION('',(-1.,1.0295455643393E-16,-4.94181870882865E-15));
#4042=DIRECTION('',(1.28889246451639E-14,1.,-2.35070362646457E-18));
#4043=DIRECTION('',(1.61140941859879E-15,0.,-1.));
#4044=DIRECTION('',(0.,1.,0.));
#4045=DIRECTION('',(3.70636403162145E-15,0.,-1.));
#4046=DIRECTION('',(0.,1.,0.));
#4047=DIRECTION('',(1.,0.,2.61854030522306E-15));
#4048=DIRECTION('',(-1.24277143225449E-16,1.,1.24277143225449E-16));
#4049=DIRECTION('',(1.,1.0295455643393E-16,-8.23636451471436E-16));
#4050=DIRECTION('',(1.30104960974426E-14,1.,1.19220748652187E-16));
#4051=DIRECTION('',(3.22281883719759E-15,-1.00713088662425E-16,1.));
#4052=DIRECTION('',(-1.19220748652258E-16,1.,1.30104960974426E-14));
#4053=DIRECTION('',(-1.,-1.00713088662425E-16,-1.6114094185988E-15));
#4054=DIRECTION('',(1.30104960974425E-14,1.,1.1922074865219E-16));
#4055=DIRECTION('',(3.22281883719759E-15,1.00713088662425E-16,-1.));
#4056=DIRECTION('',(1.19220748652186E-16,1.,-1.30104960974426E-14));
#4057=DIRECTION('',(1.,-1.51069632993638E-16,2.4171141278982E-15));
#4058=DIRECTION('',(-1.78687698887276E-13,-1.78687698887303E-13,-1.));
#4059=DIRECTION('',(1.11022302462483E-13,1.,-2.22044604924966E-13));
#4060=DIRECTION('',(8.93438494436368E-14,8.93438494436368E-14,1.));
#4061=DIRECTION('',(1.,7.86407975776035E-14,-1.01770443923958E-13));
#4062=DIRECTION('',(1.33000573459457E-14,1.,1.21874122402744E-16));
#4063=DIRECTION('',(4.11818225735718E-16,-1.0295455643393E-16,1.));
#4064=DIRECTION('',(-1.,-2.68031548330887E-13,-2.68031548330887E-13));
#4065=DIRECTION('',(-2.77555756156258E-13,1.85037170770839E-14,1.));
#4066=DIRECTION('',(1.,-2.23359623609072E-13,-2.23359623609072E-13));
#4067=DIRECTION('',(2.22044604925031E-13,1.,-7.40148683083437E-14));
#4068=DIRECTION('',(-1.2187412240289E-16,1.,1.33000573459459E-14));
#4069=DIRECTION('',(-1.,-1.02954556433929E-16,4.9418187088286E-15));
#4070=DIRECTION('',(-5.36063096661127E-13,5.36063096661048E-13,1.));
#4071=DIRECTION('',(8.88178419700985E-13,1.,-5.92118946467323E-13));
#4072=DIRECTION('',(2.68031548330586E-13,-2.68031548330427E-13,-1.));
#4073=DIRECTION('',(-1.,-1.09171930754859E-12,-2.68303897617875E-13));
#4074=DIRECTION('',(-1.31757802027203E-14,1.,2.40302082267151E-18));
#4075=DIRECTION('',(4.11818225735717E-16,5.14772782169646E-17,-1.));
#4076=DIRECTION('',(-1.,2.23359623608681E-13,-2.2335962360883E-13));
#4077=DIRECTION('',(2.22044604925145E-13,1.,4.76759835314536E-13));
#4078=DIRECTION('',(-1.,-2.23359623608967E-13,2.23359623608967E-13));
#4079=DIRECTION('',(-2.22044604925095E-13,1.,3.24971531166416E-13));
#4080=DIRECTION('',(1.21874122402774E-16,1.,-1.33000573459458E-14));
#4081=DIRECTION('',(1.,-1.0295455643393E-16,-4.11818225735718E-16));
#4082=DIRECTION('',(0.,1.,0.));
#4083=DIRECTION('',(-1.,0.,-4.11673939058087E-16));
#4084=DIRECTION('',(0.,1.,-4.11673939058087E-16));
#4085=DIRECTION('',(-1.,0.,0.));
#4086=DIRECTION('',(3.2228188371976E-14,1.,0.));
#4087=DIRECTION('',(-1.,3.22281883719761E-14,0.));
#4088=DIRECTION('',(3.2228188371976E-14,1.,0.));
#4089=DIRECTION('',(-1.,3.2228188371976E-14,-1.00713088662425E-15));
#4090=DIRECTION('',(3.2228188371976E-14,1.,0.));
#4091=DIRECTION('',(-1.,3.2228188371976E-14,0.));
#4092=DIRECTION('',(1.48029736616899E-13,1.48029737404361E-13,-1.));
#4093=DIRECTION('',(-1.,-4.77244172386387E-9,-1.85037171653932E-13));
#4094=DIRECTION('',(-6.93239251511945E-31,1.,-4.16304951781727E-16));
#4095=DIRECTION('',(-1.,0.,2.08152475890864E-15));
#4096=DIRECTION('',(0.,1.,0.));
#4097=DIRECTION('',(-1.,0.,2.53733042702549E-15));
#4098=DIRECTION('',(0.,1.,0.));
#4099=DIRECTION('',(-1.,0.,2.53733042702549E-15));
#4100=DIRECTION('',(1.47801557781229E-13,-1.,1.03491764917533E-13));
#4101=DIRECTION('',(0.819152044289102,1.81137199926163E-13,0.573576436350888));
#4102=DIRECTION('',(1.30191653798155E-13,1.,-4.85437920546066E-14));
#4103=DIRECTION('',(0.81915204428902,-7.882169984001E-14,0.573576436351006));
#4104=DIRECTION('',(9.0216192968899E-14,-1.,1.56259029878358E-13));
#4105=DIRECTION('',(0.500000000022253,1.80432385929819E-13,0.866025403771591));
#4106=DIRECTION('',(-3.13116792530257E-13,-1.,1.82666887171979E-13));
#4107=DIRECTION('',(-0.5000000000569,-1.40962801498696E-15,-0.866025403751587));
#4108=DIRECTION('',(-1.2329199130684E-13,-1.,-2.63913747659781E-14));
#4109=DIRECTION('',(0.86602540378443,-9.35640594965823E-14,-0.500000000000015));
#4110=DIRECTION('',(0.,-1.,0.));
#4111=DIRECTION('',(0.819152044289095,0.,0.573576436350899));
#4112=DIRECTION('',(3.35432857276646E-14,1.,4.29522917042111E-15));
#4113=DIRECTION('',(0.819152044289043,-2.99545953192253E-14,0.573576436350973));
#4114=DIRECTION('',(1.89280448333104E-13,1.,-2.13453804392547E-13));
#4115=DIRECTION('',(-0.500000000022185,-8.95113789573752E-14,-0.86602540377163));
#4116=DIRECTION('',(-4.8650161030606E-13,1.,2.3085991741232E-12));
#4117=DIRECTION('',(0.866025403726624,1.57596412075542E-12,-0.500000000100138));
#4118=DIRECTION('',(-2.51787128273105E-13,1.,-1.09932634326303E-14));
#4119=DIRECTION('',(0.819152044288972,2.12589525014371E-13,0.573576436351074));
#4120=DIRECTION('',(-1.03491764557741E-13,-1.,1.4780155803705E-13));
#4121=DIRECTION('',(-0.573576436441422,1.80432385921858E-13,0.81915204422571));
#4122=DIRECTION('',(-1.25032278017161E-13,1.,7.37156288432955E-13));
#4123=DIRECTION('',(-0.573576437250846,-6.75446757189176E-13,0.819152043658946));
#4124=DIRECTION('',(-1.80432385921844E-13,-1.,4.06948073618115E-27));
#4125=DIRECTION('',(-1.,1.80432385921844E-13,4.5108096480461E-14));
#4126=DIRECTION('',(4.79255407387475E-13,1.,8.30147700746245E-13));
#4127=DIRECTION('',(0.166666666666409,-8.9828545256105E-13,0.986013297183313));
#4128=DIRECTION('',(-9.02161927023506E-14,-1.,-1.56259030023344E-13));
#4129=DIRECTION('',(-0.500000000000004,1.79727571914598E-13,-0.866025403784436));
#4130=DIRECTION('',(2.63913747947668E-14,-1.,-1.2329199137205E-13));
#4131=DIRECTION('',(0.499999999713246,-9.356405949603E-14,0.866025403949996));
#4132=DIRECTION('',(0.,-1.,0.));
#4133=DIRECTION('',(-0.573576436242822,0.,0.819152044364771));
#4134=DIRECTION('',(1.41298150851849E-12,1.,-3.44571294710384E-12));
#4135=DIRECTION('',(-0.573576437183429,3.6330812725987E-12,0.819152043706151));
#4136=DIRECTION('',(9.0216192960926E-14,1.,9.02161929609382E-14));
#4137=DIRECTION('',(1.,-9.0216192960926E-14,-1.12770241201157E-13));
#4138=DIRECTION('',(-2.27502371073874E-12,1.,-6.5707737580871E-12));
#4139=DIRECTION('',(0.16666666666652,6.85807523099349E-12,0.986013297183294));
#4140=DIRECTION('',(0.,1.,0.));
#4141=DIRECTION('',(0.4999999971323,0.,0.866025405440106));
#4142=DIRECTION('',(-3.62188770164788E-14,1.,8.29548663673095E-13));
#4143=DIRECTION('',(-0.573576436663587,-7.00320818624612E-13,0.819152044070148));
#4144=DIRECTION('',(1.22167941629281E-13,-1.,2.63422976964154E-14));
#4145=DIRECTION('',(-0.866025403784446,-9.26830419865541E-14,0.499999999999988));
#4146=DIRECTION('',(3.11871155761763E-13,-1.,-1.78018107290051E-13));
#4147=DIRECTION('',(0.499999999906637,1.40962801499035E-15,0.866025403838342));
#4148=DIRECTION('',(-1.47801557955151E-13,-1.,-1.03491764674669E-13));
#4149=DIRECTION('',(-0.819152044288872,1.80432385921837E-13,-0.573576436351217));
#4150=DIRECTION('',(-1.31208116889721E-13,1.,4.84136335555851E-14));
#4151=DIRECTION('',(-0.819152044046326,-7.97614518488189E-14,-0.573576436697608));
#4152=DIRECTION('',(-9.02161929884247E-14,-1.,-1.56259029888527E-13));
#4153=DIRECTION('',(-0.500000000078826,1.80432385948389E-13,-0.866025403738929));
#4154=DIRECTION('',(7.99076018292502E-13,-1.,-2.98219229925839E-12));
#4155=DIRECTION('',(0.499999999906936,-2.1835137952203E-12,0.866025403838169));
#4156=DIRECTION('',(4.21165156458758E-13,1.,3.93967980208293E-14));
#4157=DIRECTION('',(-0.819152044296938,3.67648606663335E-13,-0.573576436339697));
#4158=DIRECTION('',(2.2154896554565E-14,1.,1.25646661437263E-13));
#4159=DIRECTION('',(0.819152046188191,-9.02161929609181E-14,0.573576433638708));
#4160=DIRECTION('',(-2.53099337456324E-13,1.,-3.24094564916814E-14));
#4161=DIRECTION('',(-0.819152043983052,-2.26010358405158E-13,-0.573576436787974));
#4162=DIRECTION('',(1.23237611438487E-13,1.,3.30214184500507E-14));
#4163=DIRECTION('',(0.500000000078958,-9.02161929741958E-14,0.866025403738852));
#4164=DIRECTION('',(0.,1.,0.));
#4165=DIRECTION('',(1.,0.,0.));
#4166=DIRECTION('',(-1.94528666071955E-14,1.,1.93823852064447E-14));
#4167=DIRECTION('',(1.,1.95233480079462E-14,0.));
#4168=DIRECTION('',(0.,1.,0.));
#4169=DIRECTION('',(1.,0.,0.));
#4170=DIRECTION('',(0.,1.,0.));
#4171=DIRECTION('',(1.,0.,0.));
#4172=DIRECTION('',(-2.52702567613305E-13,-1.04672829651674E-13,1.));
#4173=DIRECTION('',(1.,-4.77184960491175E-9,2.59052040315351E-13));
#4174=DIRECTION('',(0.,1.,0.));
#4175=DIRECTION('',(1.,0.,-1.66521980712691E-15));
#4176=DIRECTION('',(0.,1.,0.));
#4177=DIRECTION('',(1.,0.,-1.97347922101983E-15));
#4178=DIRECTION('',(0.,1.,0.));
#4179=DIRECTION('',(1.,0.,-1.97347922101983E-15));
#4180=DIRECTION('',(0.,1.,0.));
#4181=DIRECTION('',(-1.,0.,0.));
#4182=DIRECTION('',(-1.94528666071955E-14,1.,1.6704091977918E-14));
#4183=DIRECTION('',(-1.,-1.93823852064448E-14,4.51080964804534E-15));
#4184=DIRECTION('',(-5.39138533096224E-9,-1.,6.40646058425176E-9));
#4185=DIRECTION('',(0.,-4.736951571734E-15,1.));
#4186=DIRECTION('',(0.,1.,0.));
#4187=DIRECTION('',(1.,0.,0.));
#4188=DIRECTION('',(0.,-1.,0.));
#4189=DIRECTION('',(0.,1.,0.));
#4190=DIRECTION('',(0.,1.,0.));
#4191=DIRECTION('',(-1.,-8.74627611700791E-16,-1.62121437454887E-15));
#4192=DIRECTION('',(0.,-1.,0.));
#4193=DIRECTION('',(0.,1.,0.));
#4194=DIRECTION('',(0.,1.,0.));
#4195=DIRECTION('',(0.,1.,0.));
#4196=DIRECTION('',(-1.,0.,0.));
#4197=DIRECTION('',(-6.44563767439521E-14,1.,0.));
#4198=DIRECTION('',(-1.,-6.44563767439521E-14,0.));
#4199=DIRECTION('',(4.10176942916054E-14,1.,0.));
#4200=DIRECTION('',(-1.,4.10176942916053E-14,2.56360589322533E-15));
#4201=DIRECTION('',(0.,1.,0.));
#4202=DIRECTION('',(1.,0.,8.05704709299402E-15));
#4203=DIRECTION('',(0.,1.,0.));
#4204=DIRECTION('',(1.,0.,1.02544235729015E-14));
#4205=DIRECTION('',(-1.,-4.83563549675135E-13,8.63654783019329E-11));
#4206=DIRECTION('',(-8.6364456505743E-11,0.0132272791150372,-0.999912515716857));
#4207=DIRECTION('',(4.10176942916054E-14,1.,0.));
#4208=DIRECTION('',(1.,-4.10176942916055E-14,2.56360589322535E-15));
#4209=DIRECTION('',(0.,1.,0.));
#4210=DIRECTION('',(1.,0.,0.));
#4211=DIRECTION('',(-6.44563767439521E-14,1.,0.));
#4212=DIRECTION('',(1.,6.44563767439521E-14,0.));
#4213=DIRECTION('',(1.,-2.90137986282971E-13,-1.99640932989432E-11));
#4214=DIRECTION('',(-1.99662391054862E-11,-0.0132274248897587,-0.999912513788474));
#4215=DIRECTION('',(0.,-1.,0.));
#4216=DIRECTION('',(0.,1.,0.));
#4217=DIRECTION('',(0.,1.,0.));
#4218=DIRECTION('',(-1.,-4.5262209203703E-16,-8.38982707648435E-16));
#4219=DIRECTION('',(0.,-1.,0.));
#4220=DIRECTION('',(0.,1.,0.));
#4221=DIRECTION('',(0.,1.,0.));
#4222=DIRECTION('',(0.,1.,0.));
#4223=DIRECTION('',(-1.,0.,-1.17990229395309E-15));
#4224=DIRECTION('',(-6.44563767439521E-14,1.,0.));
#4225=DIRECTION('',(-1.,-6.44563767439521E-14,-1.00713088662425E-15));
#4226=DIRECTION('',(4.10176942916054E-14,1.,0.));
#4227=DIRECTION('',(-1.,4.10176942916054E-14,-1.28180294661267E-15));
#4228=DIRECTION('',(0.,1.,0.));
#4229=DIRECTION('',(1.,0.,8.05704709299401E-15));
#4230=DIRECTION('',(0.,1.,0.));
#4231=DIRECTION('',(1.,0.,1.02544235729015E-14));
#4232=DIRECTION('',(-1.,-4.43999259256447E-13,9.63387536063366E-11));
#4233=DIRECTION('',(-9.63362372859518E-11,0.0132272791149155,-0.999912515716858));
#4234=DIRECTION('',(4.10176942916054E-14,1.,6.57207517577969E-30));
#4235=DIRECTION('',(1.,-4.10176942916055E-14,1.28180294661267E-15));
#4236=DIRECTION('',(0.,1.,0.));
#4237=DIRECTION('',(1.,0.,-1.17990229395309E-15));
#4238=DIRECTION('',(-6.44563767439521E-14,1.,-8.1145009823404E-30));
#4239=DIRECTION('',(1.,6.44563767439521E-14,-1.00713088662425E-15));
#4240=DIRECTION('',(1.,-3.18712159878761E-13,-2.16281377982603E-11));
#4241=DIRECTION('',(-2.16305381623834E-11,-0.0132274248898711,-0.999912513788473));
#4242=DIRECTION('',(0.,-1.,0.));
#4243=DIRECTION('',(0.,1.,0.));
#4244=DIRECTION('',(0.,1.,0.));
#4245=DIRECTION('',(-1.,0.,0.));
#4246=DIRECTION('',(0.,-1.,0.));
#4247=DIRECTION('',(0.,1.,0.));
#4248=DIRECTION('',(0.,1.,0.));
#4249=DIRECTION('',(0.,1.,0.));
#4250=DIRECTION('',(-1.,0.,0.));
#4251=DIRECTION('',(-6.44563767439521E-14,1.,0.));
#4252=DIRECTION('',(-1.,-6.64706385172006E-14,0.));
#4253=DIRECTION('',(4.10176942916054E-14,1.,0.));
#4254=DIRECTION('',(-1.,4.35813001848308E-14,0.));
#4255=DIRECTION('',(0.,1.,0.));
#4256=DIRECTION('',(1.,0.,8.05704709299402E-15));
#4257=DIRECTION('',(0.,1.,0.));
#4258=DIRECTION('',(1.,0.,1.02544235729015E-14));
#4259=DIRECTION('',(-1.,-5.45108001449918E-13,8.90189491331261E-11));
#4260=DIRECTION('',(-8.90184267923961E-11,0.0132272791150372,-0.999912515716857));
#4261=DIRECTION('',(4.10176942916054E-14,1.,0.));
#4262=DIRECTION('',(1.,-3.845408839838E-14,-2.56360589322534E-15));
#4263=DIRECTION('',(0.,1.,0.));
#4264=DIRECTION('',(1.,0.,0.));
#4265=DIRECTION('',(-6.44563767439521E-14,1.,0.));
#4266=DIRECTION('',(1.,6.24421149707036E-14,0.));
#4267=DIRECTION('',(1.,-3.38495383215149E-13,-3.79138664621146E-11));
#4268=DIRECTION('',(-3.79151072564521E-11,-0.0132274248898258,-0.999912513788473));
#4269=DIRECTION('',(0.,0.,1.));
#4270=DIRECTION('',(1.,0.,0.));
#4271=DIRECTION('',(0.,0.,1.));
#4272=DIRECTION('',(1.,0.,0.));
#4273=DIRECTION('',(0.,0.,1.));
#4274=DIRECTION('',(1.,0.,0.));
#4275=CARTESIAN_POINT('',(0.,0.,0.));
#4276=CARTESIAN_POINT('',(0.105862337640955,0.394877165354328,0.693890639133159));
#4277=CARTESIAN_POINT('',(0.114554723857623,0.394877165354328,0.713343668012596));
#4278=CARTESIAN_POINT('',(0.0362332171080215,0.394877165354328,0.749529270261489));
#4279=CARTESIAN_POINT('',(0.0422133017971945,0.394877165354328,0.688847676136732));
#4280=CARTESIAN_POINT('',(0.0740341108825585,0.394877165354328,0.713343668012596));
#4281=CARTESIAN_POINT('',(0.0440790176057509,0.394877165354328,0.756656343663156));
#4282=CARTESIAN_POINT('',(0.0863344129711407,0.451579527559052,0.752713746752753));
#4283=CARTESIAN_POINT('',(0.0741890627375452,0.419291338582674,0.730076241381362));
#4284=CARTESIAN_POINT('',(0.0741890627375452,0.427165354330706,0.730076241381362));
#4285=CARTESIAN_POINT('',(0.0765890680253836,0.419291338582674,0.731582363434836));
#4286=CARTESIAN_POINT('',(0.0765890680253836,0.427165354330706,0.731582363434836));
#4287=CARTESIAN_POINT('',(0.0820160642488303,0.419291338582674,0.733878729628775));
#4288=CARTESIAN_POINT('',(0.0820160642488303,0.427165354330706,0.733878729628775));
#4289=CARTESIAN_POINT('',(0.0884879061524158,0.419291338582674,0.738236594155288));
#4290=CARTESIAN_POINT('',(0.0884879061524158,0.427165354330706,0.738236594155288));
#4291=CARTESIAN_POINT('',(0.0907706186541757,0.419291338582674,0.744220208653722));
#4292=CARTESIAN_POINT('',(0.0907706186541757,0.427165354330706,0.744220208653722));
#4293=CARTESIAN_POINT('',(0.0902439729042797,0.419291338582674,0.749460814427217));
#4294=CARTESIAN_POINT('',(0.0902439729042797,0.427165354330706,0.749460814427217));
#4295=CARTESIAN_POINT('',(0.0862767831601221,0.419291338582674,0.752525995763437));
#4296=CARTESIAN_POINT('',(0.0862767831601221,0.427165354330706,0.752525995763437));
#4297=CARTESIAN_POINT('',(0.0834338511341437,0.419291338582674,0.752851748484319));
#4298=CARTESIAN_POINT('',(0.0834338511341437,0.427165354330706,0.752851748484319));
#4299=CARTESIAN_POINT('',(0.0823926806876762,0.419291338582674,0.752713746752753));
#4300=CARTESIAN_POINT('',(0.0823926806876762,0.427165354330706,0.752713746752753));
#4301=CARTESIAN_POINT('',(0.0985879012139236,0.394877165354328,0.746414534154328));
#4302=CARTESIAN_POINT('',(0.0733863264107739,0.419291338582674,0.746414534154328));
#4303=CARTESIAN_POINT('',(0.0733863264107739,0.427165354330706,0.746414534154328));
#4304=CARTESIAN_POINT('',(0.0734157674210276,0.419291338582674,0.746402121522153));
#4305=CARTESIAN_POINT('',(0.0734157674210276,0.427165354330706,0.746402121522153));
#4306=CARTESIAN_POINT('',(0.0741330839983785,0.419291338582674,0.746069584297143));
#4307=CARTESIAN_POINT('',(0.0741330839983785,0.427165354330706,0.746069584297143));
#4308=CARTESIAN_POINT('',(0.0751705130108815,0.419291338582674,0.743896763483574));
#4309=CARTESIAN_POINT('',(0.0751705130108815,0.427165354330706,0.743896763483574));
#4310=CARTESIAN_POINT('',(0.074280986237359,0.419291338582674,0.741077315804604));
#4311=CARTESIAN_POINT('',(0.074280986237359,0.427165354330706,0.741077315804604));
#4312=CARTESIAN_POINT('',(0.0724452213200004,0.419291338582674,0.738054799682202));
#4313=CARTESIAN_POINT('',(0.0724452213200004,0.427165354330706,0.738054799682202));
#4314=CARTESIAN_POINT('',(0.0694882150018594,0.419291338582674,0.737267154246288));
#4315=CARTESIAN_POINT('',(0.0694882150018594,0.427165354330706,0.737267154246288));
#4316=CARTESIAN_POINT('',(0.0675558696633176,0.419291338582674,0.737050025049862));
#4317=CARTESIAN_POINT('',(0.0675558696633176,0.427165354330706,0.737050025049862));
#4318=CARTESIAN_POINT('',(0.0669175151443688,0.419291338582674,0.73696571525669));
#4319=CARTESIAN_POINT('',(0.0669175151443688,0.427165354330706,0.73696571525669));
#4320=CARTESIAN_POINT('',(0.0917253891601172,0.451579527559052,0.73696571525669));
#4321=CARTESIAN_POINT('',(0.0487379778957033,0.394877165354328,0.713198098827249));
#4322=CARTESIAN_POINT('',(0.0266389769824962,0.427165354330707,0.709388135555974));
#4323=CARTESIAN_POINT('',(0.198522168366285,0.394877165354328,0.713343668012596));
#4324=CARTESIAN_POINT('',(0.125878140007065,0.394877165354328,0.749510738604248));
#4325=CARTESIAN_POINT('',(0.131882892226327,0.394877165354328,0.688847676136732));
#4326=CARTESIAN_POINT('',(0.163703701311692,0.394877165354328,0.713343668012596));
#4327=CARTESIAN_POINT('',(0.133748608034885,0.394877165354328,0.756656343663156));
#4328=CARTESIAN_POINT('',(0.174252882116154,0.451579527559052,0.752713746752753));
#4329=CARTESIAN_POINT('',(0.138396941463172,0.394877165354328,0.713158438845313));
#4330=CARTESIAN_POINT('',(0.185227112644368,0.394877165354328,0.768696384929021));
#4331=CARTESIAN_POINT('',(0.209429872648569,0.451579527559052,0.752713746752753));
#4332=CARTESIAN_POINT('',(0.135644929721401,0.394877165354328,0.715389469715075));
#4333=CARTESIAN_POINT('',(0.190538623829326,0.394877165354328,0.693723854969953));
#4334=CARTESIAN_POINT('',(0.115965258846076,0.427165354330707,0.709401935729131));
#4335=CARTESIAN_POINT('',(-0.096011528059677,0.394877165354328,0.719497311425674));
#4336=CARTESIAN_POINT('',(-0.0629221895203286,0.394877165354328,0.743264927855115));
#4337=CARTESIAN_POINT('',(-0.128323454156295,0.394877165354328,0.714379201189568));
#4338=CARTESIAN_POINT('',(-0.0724494087152106,0.451579527559052,0.737753116831493));
#4339=CARTESIAN_POINT('',(-0.10733870211657,0.394877165354328,0.704536681505207));
#4340=CARTESIAN_POINT('',(-0.0749812121089114,0.394877165354328,0.728304297933856));
#4341=CARTESIAN_POINT('',(-0.132332142862331,0.394877165354328,0.699418571268307));
#4342=CARTESIAN_POINT('',(-0.0684077635387011,0.451579527559052,0.722792486910233));
#4343=CARTESIAN_POINT('',(-0.104028905474838,0.394877165354328,0.689576051583946));
#4344=CARTESIAN_POINT('',(-0.0929312579868638,0.394877165354328,0.713343668012596));
#4345=CARTESIAN_POINT('',(-0.133298889870626,0.394877165354328,0.756656343663156));
#4346=CARTESIAN_POINT('',(-0.0823820771824018,0.451579527559052,0.752713746752753));
#4347=CARTESIAN_POINT('',(-0.150688538272035,0.427165354330707,0.709401935729131));
#4348=CARTESIAN_POINT('',(0.111304458776163,0.394877165354328,0.709401071102193));
#4349=CARTESIAN_POINT('',(0.13761800227744,0.394877165354328,0.713343668012596));
#4350=CARTESIAN_POINT('',(0.107662909000634,0.394877165354328,0.756656343663156));
#4351=CARTESIAN_POINT('',(0.148167183082033,0.451579527559052,0.752713746752753));
#4352=CARTESIAN_POINT('',(0.0697452666158918,0.427165354330707,0.709401935729131));
#4353=CARTESIAN_POINT('',(-0.150781921034101,0.394877165354328,0.712572113426791));
#4354=CARTESIAN_POINT('',(-0.153821890022344,0.394877165354328,0.777416618511525));
#4355=CARTESIAN_POINT('',(-0.11888031482361,0.451579527559052,0.752713746752753));
#4356=CARTESIAN_POINT('',(-0.155743039129349,0.394877165354328,0.709401071102193));
#4357=CARTESIAN_POINT('',(-0.129485048667967,0.394877165354328,0.713343668012596));
#4358=CARTESIAN_POINT('',(-0.198079931080725,0.394877165354328,0.753485301340438));
#4359=CARTESIAN_POINT('',(-0.195039962089789,0.394877165354328,0.688640796253188));
#4360=CARTESIAN_POINT('',(-0.163163719709305,0.394877165354328,0.713343668012596));
#4361=CARTESIAN_POINT('',(-0.193118812986113,0.394877165354328,0.756656343663155));
#4362=CARTESIAN_POINT('',(-0.153225622345132,0.451579527559052,0.752713746752753));
#4363=CARTESIAN_POINT('',(-0.21078783053647,0.427165354330707,0.709401935729131));
#4364=CARTESIAN_POINT('',(-0.0736227667397134,0.394877165354328,0.705700152054342));
#4365=CARTESIAN_POINT('',(-0.0608335957309464,0.423228346456691,0.729091699508655));
#4366=CARTESIAN_POINT('',(-0.0298533847750523,0.451579527559052,0.722792486910281));
#4367=CARTESIAN_POINT('',(-0.0541486509106168,0.423228346456691,0.730666502658388));
#4368=CARTESIAN_POINT('',(-0.033328634721074,0.394877165354328,0.777945000225404));
#4369=CARTESIAN_POINT('',(0.00147136102700941,0.451579527559052,0.752713746752929));
#4370=CARTESIAN_POINT('',(-0.0372048304432012,0.394877165354328,0.702633119505473));
#4371=CARTESIAN_POINT('',(-0.0494398095882238,0.423228346456691,0.733028707382483));
#4372=CARTESIAN_POINT('',(-0.024021516844053,0.394877165354328,0.713343668012719));
#4373=CARTESIAN_POINT('',(-0.0673550204893286,0.423228346456691,0.729091699508615));
#4374=CARTESIAN_POINT('',(-0.0706900029220258,0.394877165354328,0.777491096968973));
#4375=CARTESIAN_POINT('',(-0.0357683841633733,0.451579527559052,0.752713746752753));
#4376=CARTESIAN_POINT('',(-0.0906602510537656,0.427165354330707,0.709401935729249));
#4377=CARTESIAN_POINT('',(0.0243401477907169,0.394877165354328,0.719497311425674));
#4378=CARTESIAN_POINT('',(0.0557759430229785,0.394877165354328,0.743264927855115));
#4379=CARTESIAN_POINT('',(0.00136911345365526,0.394877165354328,0.687528807489208));
#4380=CARTESIAN_POINT('',(0.0335433123274403,0.394877165354328,0.713343668012596));
#4381=CARTESIAN_POINT('',(0.00691707103062109,0.394877165354328,0.769079788378503));
#4382=CARTESIAN_POINT('',(0.0252803149606416,0.394877165354328,0.743264927855115));
#4383=CARTESIAN_POINT('',(-0.00763511605184691,0.394877165354328,0.776481363182194));
#4384=CARTESIAN_POINT('',(0.037969598667992,0.451579527559052,0.752713746752753));
#4385=CARTESIAN_POINT('',(-0.0215177472683605,0.427165354330707,0.709401935729131));
#4386=CARTESIAN_POINT('',(-0.374015748031497,0.0246061733375784,1.08267716535433));
#4387=CARTESIAN_POINT('',(-0.374015748031497,0.0728346456692837,1.08267716535433));
#4388=CARTESIAN_POINT('',(-0.374015748031497,0.0728346456692837,1.08267716535433));
#4389=CARTESIAN_POINT('',(-0.374015748031497,0.0728346456692837,1.08267716535433));
#4390=CARTESIAN_POINT('',(-0.374015748031497,0.0728346456692837,1.08267716535433));
#4391=CARTESIAN_POINT('',(-0.374015748031497,0.0728346456692837,1.08267716535433));
#4392=CARTESIAN_POINT('',(-0.374015748031497,0.0728346456692837,1.08267716535433));
#4393=CARTESIAN_POINT('',(-0.374015748031497,0.0728346456692837,1.08267716535433));
#4394=CARTESIAN_POINT('',(-0.374015748031497,0.0728346456692837,1.08267716535433));
#4395=CARTESIAN_POINT('',(-0.374015748031497,0.0728346456692837,1.08267716535433));
#4396=CARTESIAN_POINT('',(-0.374015748031497,-0.0593413300276637,1.21485190758888));
#4397=CARTESIAN_POINT('',(-0.506190490266044,-0.0593413300276637,1.21485190758888));
#4398=CARTESIAN_POINT('',(-0.506190490266044,-0.0593413300276637,1.08267716535433));
#4399=CARTESIAN_POINT('',(-0.506190490266044,-0.0593413300276637,0.950502423119783));
#4400=CARTESIAN_POINT('',(-0.374015748031497,-0.0593413300276637,0.950502423119783));
#4401=CARTESIAN_POINT('',(-0.241841005796949,-0.0593413300276637,0.950502423119783));
#4402=CARTESIAN_POINT('',(-0.241841005796949,-0.0593413300276637,1.08267716535433));
#4403=CARTESIAN_POINT('',(-0.241841005796949,-0.0593413300276637,1.21485190758888));
#4404=CARTESIAN_POINT('',(-0.374015748031497,-0.0593413300276637,1.21485190758888));
#4405=CARTESIAN_POINT('',(-0.374015748031497,0.0728346456692837,1.08267716535433));
#4406=CARTESIAN_POINT('',(-0.374015748031497,0.0728346456692837,1.08267716535433));
#4407=CARTESIAN_POINT('',(-0.374015748031497,0.0728346456692837,1.08267716535433));
#4408=CARTESIAN_POINT('',(-0.374015748031497,0.0728346456692837,1.08267716535433));
#4409=CARTESIAN_POINT('',(-0.374015748031497,0.0728346456692837,1.08267716535433));
#4410=CARTESIAN_POINT('',(-0.374015748031497,0.0728346456692837,1.08267716535433));
#4411=CARTESIAN_POINT('',(-0.374015748031497,0.0728346456692837,1.08267716535433));
#4412=CARTESIAN_POINT('',(-0.374015748031497,0.0728346456692837,1.08267716535433));
#4413=CARTESIAN_POINT('',(-0.374015748031497,0.0728346456692837,1.08267716535433));
#4414=CARTESIAN_POINT('',(-0.374015748031497,-0.0593413300276637,0.950502423119783));
#4415=CARTESIAN_POINT('',(-0.241841005796949,-0.0593413300276637,0.950502423119783));
#4416=CARTESIAN_POINT('',(-0.241841005796949,-0.0593413300276637,1.08267716535433));
#4417=CARTESIAN_POINT('',(-0.241841005796949,-0.0593413300276637,1.21485190758888));
#4418=CARTESIAN_POINT('',(-0.374015748031497,-0.0593413300276637,1.21485190758888));
#4419=CARTESIAN_POINT('',(-0.506190490266044,-0.0593413300276637,1.21485190758888));
#4420=CARTESIAN_POINT('',(-0.506190490266044,-0.0593413300276637,1.08267716535433));
#4421=CARTESIAN_POINT('',(-0.506190490266044,-0.0593413300276637,0.950502423119783));
#4422=CARTESIAN_POINT('',(-0.374015748031497,-0.0593413300276637,0.950502423119783));
#4423=CARTESIAN_POINT('',(-0.374015748031497,0.0246061733375784,1.08267716535433));
#4424=CARTESIAN_POINT('',(0.374015748031496,0.0246061733375784,0.137795275590551));
#4425=CARTESIAN_POINT('',(0.374015748031496,0.0728346456692837,0.137795275590551));
#4426=CARTESIAN_POINT('',(0.374015748031496,0.0728346456692837,0.137795275590551));
#4427=CARTESIAN_POINT('',(0.374015748031496,0.0728346456692837,0.137795275590551));
#4428=CARTESIAN_POINT('',(0.374015748031496,0.0728346456692837,0.137795275590551));
#4429=CARTESIAN_POINT('',(0.374015748031496,0.0728346456692837,0.137795275590551));
#4430=CARTESIAN_POINT('',(0.374015748031496,0.0728346456692837,0.137795275590551));
#4431=CARTESIAN_POINT('',(0.374015748031496,0.0728346456692837,0.137795275590551));
#4432=CARTESIAN_POINT('',(0.374015748031496,0.0728346456692837,0.137795275590551));
#4433=CARTESIAN_POINT('',(0.374015748031496,0.0728346456692837,0.137795275590551));
#4434=CARTESIAN_POINT('',(0.374015748031496,-0.0593413300276637,0.269970017825099));
#4435=CARTESIAN_POINT('',(0.241841005796948,-0.0593413300276637,0.269970017825099));
#4436=CARTESIAN_POINT('',(0.241841005796948,-0.0593413300276637,0.137795275590551));
#4437=CARTESIAN_POINT('',(0.241841005796948,-0.0593413300276637,0.00562053335600379));
#4438=CARTESIAN_POINT('',(0.374015748031496,-0.0593413300276637,0.00562053335600377));
#4439=CARTESIAN_POINT('',(0.506190490266044,-0.0593413300276637,0.00562053335600377));
#4440=CARTESIAN_POINT('',(0.506190490266044,-0.0593413300276637,0.137795275590551));
#4441=CARTESIAN_POINT('',(0.506190490266044,-0.0593413300276637,0.269970017825099));
#4442=CARTESIAN_POINT('',(0.374015748031496,-0.0593413300276637,0.269970017825099));
#4443=CARTESIAN_POINT('',(0.374015748031496,0.0728346456692837,0.137795275590551));
#4444=CARTESIAN_POINT('',(0.374015748031496,0.0728346456692837,0.137795275590551));
#4445=CARTESIAN_POINT('',(0.374015748031496,0.0728346456692837,0.137795275590551));
#4446=CARTESIAN_POINT('',(0.374015748031496,0.0728346456692837,0.137795275590551));
#4447=CARTESIAN_POINT('',(0.374015748031496,0.0728346456692837,0.137795275590551));
#4448=CARTESIAN_POINT('',(0.374015748031496,0.0728346456692837,0.137795275590551));
#4449=CARTESIAN_POINT('',(0.374015748031496,0.0728346456692837,0.137795275590551));
#4450=CARTESIAN_POINT('',(0.374015748031496,0.0728346456692837,0.137795275590551));
#4451=CARTESIAN_POINT('',(0.374015748031496,0.0728346456692837,0.137795275590551));
#4452=CARTESIAN_POINT('',(0.374015748031496,-0.0593413300276637,0.00562053335600377));
#4453=CARTESIAN_POINT('',(0.506190490266044,-0.0593413300276637,0.00562053335600377));
#4454=CARTESIAN_POINT('',(0.506190490266044,-0.0593413300276637,0.137795275590551));
#4455=CARTESIAN_POINT('',(0.506190490266044,-0.0593413300276637,0.269970017825099));
#4456=CARTESIAN_POINT('',(0.374015748031496,-0.0593413300276637,0.269970017825099));
#4457=CARTESIAN_POINT('',(0.241841005796948,-0.0593413300276637,0.269970017825099));
#4458=CARTESIAN_POINT('',(0.241841005796948,-0.0593413300276637,0.137795275590551));
#4459=CARTESIAN_POINT('',(0.241841005796948,-0.0593413300276637,0.00562053335600382));
#4460=CARTESIAN_POINT('',(0.374015748031496,-0.0593413300276637,0.00562053335600377));
#4461=CARTESIAN_POINT('',(0.374015748031496,0.0246061733375784,0.137795275590551));
#4462=CARTESIAN_POINT('',(-1.96261557335472E-16,0.34251968503937,0.610236220472441));
#4463=CARTESIAN_POINT('',(-2.35513868802566E-16,0.34251968503937,0.610236220472441));
#4464=CARTESIAN_POINT('',(-0.527505493963607,0.419291338582676,0.0827307265088859));
#4465=CARTESIAN_POINT('',(-1.96261557335472E-16,-0.0984251968503944,0.610236220472441));
#4466=CARTESIAN_POINT('',(-2.35513868802566E-16,-0.0984251968503944,0.610236220472441));
#4467=CARTESIAN_POINT('',(-0.559734659312116,-0.151574803149607,0.050501561160325));
#4468=CARTESIAN_POINT('',(0.464578440600373,-0.143574803149594,0.610236230927331));
#4469=CARTESIAN_POINT('',(0.464578440612623,-0.151574803149277,0.610236230933397));
#4470=CARTESIAN_POINT('',(0.456578242367493,-0.151574803149598,0.610236230726227));
#4471=CARTESIAN_POINT('',(0.464578430145483,-0.143574803149594,1.0748146715277));
#4472=CARTESIAN_POINT('',(0.464578430151667,-0.151574803149277,1.07481467154602));
#4473=CARTESIAN_POINT('',(0.456578232113707,-0.151574803149598,1.06681447309372));
#4474=CARTESIAN_POINT('',(-1.04548896875483E-8,-0.143574803149594,1.07481466107281));
#4475=CARTESIAN_POINT('',(-1.04609565012663E-8,-0.151574803149277,1.07481466108506));
#4476=CARTESIAN_POINT('',(-1.02537856621616E-8,-0.151574803149598,1.06681446283993));
#4477=CARTESIAN_POINT('',(-0.464578451055262,-0.143574803149594,1.07481465061792));
#4478=CARTESIAN_POINT('',(-0.46457845107358,-0.151574803149277,1.07481465062411));
#4479=CARTESIAN_POINT('',(-0.456578252621278,-0.151574803149598,1.06681445258615));
#4480=CARTESIAN_POINT('',(-0.464578440600373,-0.143574803149594,0.610236210017552));
#4481=CARTESIAN_POINT('',(-0.464578440612624,-0.151574803149277,0.610236210011485));
#4482=CARTESIAN_POINT('',(-0.456578242367493,-0.151574803149598,0.610236210218656));
#4483=CARTESIAN_POINT('',(-0.464578440600369,-0.143574803149602,0.610236210017552));
#4484=CARTESIAN_POINT('',(-0.464578440612627,-0.151574803149269,0.610236210011487));
#4485=CARTESIAN_POINT('',(-0.456578242367489,-0.151574803149601,0.610236210218655));
#4486=CARTESIAN_POINT('',(-0.46457843014548,-0.143574803149602,0.145657769417183));
#4487=CARTESIAN_POINT('',(-0.464578430151672,-0.151574803149269,0.14565776939886));
#4488=CARTESIAN_POINT('',(-0.456578232113703,-0.151574803149601,0.153657967851166));
#4489=CARTESIAN_POINT('',(1.04548891638974E-8,-0.143574803149602,0.145657779872072));
#4490=CARTESIAN_POINT('',(1.04609542012586E-8,-0.151574803149269,0.145657779859815));
#4491=CARTESIAN_POINT('',(1.02537860337947E-8,-0.151574803149601,0.153657978104952));
#4492=CARTESIAN_POINT('',(0.464578451055258,-0.143574803149602,0.145657790326962));
#4493=CARTESIAN_POINT('',(0.46457845107358,-0.151574803149269,0.145657790320769));
#4494=CARTESIAN_POINT('',(0.456578252621275,-0.151574803149601,0.153657988358739));
#4495=CARTESIAN_POINT('',(0.464578440600369,-0.143574803149602,0.61023623092733));
#4496=CARTESIAN_POINT('',(0.464578440612626,-0.151574803149269,0.610236230933395));
#4497=CARTESIAN_POINT('',(0.456578242367489,-0.151574803149601,0.610236230726227));
#4498=CARTESIAN_POINT('',(0.217143027293504,0.133858267716535,0.827379247765945));
#4499=CARTESIAN_POINT('',(-1.66533453693773E-16,0.133858267716535,0.610236220472441));
#4500=CARTESIAN_POINT('',(-1.66533453693773E-16,0.133858267716535,0.610236220472441));
#4501=CARTESIAN_POINT('',(-0.117394050265587,-0.143574803149608,0.313732695445085));
#4502=CARTESIAN_POINT('',(0.113939057445633,-0.143574803149608,0.222141438739993));
#4503=CARTESIAN_POINT('',(0.259046080524867,-0.143574803149608,0.424250114657757));
#4504=CARTESIAN_POINT('',(0.404153103604101,-0.143574803149608,0.626358790575521));
#4505=CARTESIAN_POINT('',(0.243407678041873,-0.143574803149608,0.816266329101424));
#4506=CARTESIAN_POINT('',(-0.117394050268979,-0.15157480314961,0.313732695436518));
#4507=CARTESIAN_POINT('',(0.113939057448926,-0.15157480314961,0.222141438728779));
#4508=CARTESIAN_POINT('',(0.259046080532352,-0.15157480314961,0.424250114652383));
#4509=CARTESIAN_POINT('',(0.404153103615779,-0.15157480314961,0.626358790575987));
#4510=CARTESIAN_POINT('',(0.243407678048906,-0.15157480314961,0.816266329107378));
#4511=CARTESIAN_POINT('',(-0.120339046690482,-0.151574803149607,0.306294483549422));
#4512=CARTESIAN_POINT('',(0.116797380470243,-0.151574803149607,0.212405530130247));
#4513=CARTESIAN_POINT('',(0.265544619243774,-0.151574803149607,0.419584389133651));
#4514=CARTESIAN_POINT('',(0.414291858017305,-0.151574803149607,0.626763248137056));
#4515=CARTESIAN_POINT('',(0.249513905231407,-0.151574803149607,0.821434886894197));
#4516=CARTESIAN_POINT('',(0.206031983863126,-0.143574803149608,0.853642311227852));
#4517=CARTESIAN_POINT('',(0.0934037792554993,-0.143574803149608,0.948976870696905));
#4518=CARTESIAN_POINT('',(-0.0521678557150845,-0.143574803149608,0.924837902320293));
#4519=CARTESIAN_POINT('',(-0.197739490685668,-0.143574803149608,0.900698933943681));
#4520=CARTESIAN_POINT('',(-0.273568582117509,-0.143574803149608,0.774114023330616));
#4521=CARTESIAN_POINT('',(-0.349397673549349,-0.143574803149608,0.647529112717551));
#4522=CARTESIAN_POINT('',(-0.301994514430959,-0.143574803149608,0.507791031981151));
#4523=CARTESIAN_POINT('',(-0.25459135531257,-0.143574803149608,0.368052951244751));
#4524=CARTESIAN_POINT('',(-0.117394050265587,-0.143574803149608,0.313732695445086));
#4525=CARTESIAN_POINT('',(0.206031983863126,-0.151574803149608,0.853642311227852));
#4526=CARTESIAN_POINT('',(0.0934037792554994,-0.151574803149608,0.948976870696905));
#4527=CARTESIAN_POINT('',(-0.0521678557150845,-0.151574803149608,0.924837902320293));
#4528=CARTESIAN_POINT('',(-0.197739490685668,-0.151574803149608,0.900698933943681));
#4529=CARTESIAN_POINT('',(-0.273568582117509,-0.151574803149608,0.774114023330616));
#4530=CARTESIAN_POINT('',(-0.349397673549349,-0.151574803149608,0.647529112717551));
#4531=CARTESIAN_POINT('',(-0.30199451443096,-0.151574803149608,0.507791031981151));
#4532=CARTESIAN_POINT('',(-0.25459135531257,-0.151574803149608,0.368052951244751));
#4533=CARTESIAN_POINT('',(-0.117394050265587,-0.151574803149608,0.313732695445086));
#4534=CARTESIAN_POINT('',(0.211200588692878,-0.151574803149607,0.859748498591));
#4535=CARTESIAN_POINT('',(0.0957469456684271,-0.151574803149607,0.95747466083587));
#4536=CARTESIAN_POINT('',(-0.0534765604411719,-0.151574803149607,0.932730132166155));
#4537=CARTESIAN_POINT('',(-0.202700066550771,-0.151574803149607,0.907985603496441));
#4538=CARTESIAN_POINT('',(-0.280431438399766,-0.151574803149607,0.778225130681329));
#4539=CARTESIAN_POINT('',(-0.35816281024876,-0.151574803149607,0.648464657866218));
#4540=CARTESIAN_POINT('',(-0.309570475583104,-0.151574803149607,0.505221048980974));
#4541=CARTESIAN_POINT('',(-0.260978140917448,-0.151574803149607,0.36197744009573));
#4542=CARTESIAN_POINT('',(-0.120339046687064,-0.151574803149607,0.306294483557979));
#4543=CARTESIAN_POINT('',(0.197120006074079,0.13935826771653,0.864719603866197));
#4544=CARTESIAN_POINT('',(0.254483383393755,0.139358267716527,0.807356226546521));
#4545=CARTESIAN_POINT('',(0.254002134365009,-0.148574805489204,0.813547978213007));
#4546=CARTESIAN_POINT('',(0.262910249179677,-0.148574805489204,0.837287314396311));
#4547=CARTESIAN_POINT('',(0.244981334423584,-0.148574805489204,0.855216748510194));
#4548=CARTESIAN_POINT('',(0.227052419667492,-0.148574805489204,0.873146182624076));
#4549=CARTESIAN_POINT('',(0.203312825451099,-0.148574805489204,0.864238755474989));
#4550=CARTESIAN_POINT('',(0.254001878832439,-0.151574498533635,0.813547446441663));
#4551=CARTESIAN_POINT('',(0.262910336137735,-0.151574498533635,0.837286618047633));
#4552=CARTESIAN_POINT('',(0.244981712881716,-0.151574498533635,0.855216295909819));
#4553=CARTESIAN_POINT('',(0.227053089625698,-0.151574498533635,0.873145973772005));
#4554=CARTESIAN_POINT('',(0.203313394058613,-0.151574498533635,0.864238912838109));
#4555=CARTESIAN_POINT('',(0.25681025473838,-0.151574801960715,0.812493608225949));
#4556=CARTESIAN_POINT('',(0.266397443073082,-0.151574801960715,0.838041531726828));
#4557=CARTESIAN_POINT('',(0.247102777576791,-0.151574801960715,0.857337294441944));
#4558=CARTESIAN_POINT('',(0.227808112080499,-0.151574801960715,0.87663305715706));
#4559=CARTESIAN_POINT('',(0.202259643447214,-0.151574801960715,0.867047321615859));
#4560=CARTESIAN_POINT('',(0.198537725639824,-0.143574802830813,0.862075729581567));
#4561=CARTESIAN_POINT('',(0.196822003940175,-0.143574802830814,0.861155712609848));
#4562=CARTESIAN_POINT('',(0.195282897633695,-0.143574803149608,0.862347888752976));
#4563=CARTESIAN_POINT('',(0.198537506407194,-0.144178069105903,0.862075507082198));
#4564=CARTESIAN_POINT('',(0.196821644225434,-0.144435257936577,0.861155311008901));
#4565=CARTESIAN_POINT('',(0.195282547729347,-0.144540036277462,0.862347490361847));
#4566=CARTESIAN_POINT('',(0.198748360476406,-0.14545759283264,0.86218975988891));
#4567=CARTESIAN_POINT('',(0.197097762927591,-0.146273229232711,0.861318988327883));
#4568=CARTESIAN_POINT('',(0.195595415342878,-0.146587264692332,0.86258309827161));
#4569=CARTESIAN_POINT('',(0.199724869313778,-0.147152406398995,0.862696681374227));
#4570=CARTESIAN_POINT('',(0.198386573599661,-0.148781858984173,0.862044376190466));
#4571=CARTESIAN_POINT('',(0.197038470831586,-0.149298959303403,0.863640913957159));
#4572=CARTESIAN_POINT('',(0.201331612684349,-0.148316730543838,0.863453909535252));
#4573=CARTESIAN_POINT('',(0.200554475152184,-0.150702963580614,0.863128840700292));
#4574=CARTESIAN_POINT('',(0.199392826605606,-0.151161872516921,0.865266050777662));
#4575=CARTESIAN_POINT('',(0.202639495065352,-0.148574401784732,0.863987690510874));
#4576=CARTESIAN_POINT('',(0.202354587863724,-0.151374831398459,0.863880864601933));
#4577=CARTESIAN_POINT('',(0.201288287742406,-0.15157414559188,0.866464871341714));
#4578=CARTESIAN_POINT('',(0.203313564761839,-0.148574805782758,0.86423903306693));
#4579=CARTESIAN_POINT('',(0.203313317012158,-0.151574625864919,0.864238963617363));
#4580=CARTESIAN_POINT('',(0.202259572721367,-0.151574802732808,0.867047510118564));
#4581=CARTESIAN_POINT('',(0.254002134365009,-0.148574805489204,0.813547978213006));
#4582=CARTESIAN_POINT('',(0.254001976274387,-0.151574394473565,0.813547409898515));
#4583=CARTESIAN_POINT('',(0.25681025473838,-0.151574801960715,0.812493608225949));
#4584=CARTESIAN_POINT('',(0.253751037010566,-0.148574231191188,0.812874635571333));
#4585=CARTESIAN_POINT('',(0.253644009046998,-0.151374300997134,0.812589254809636));
#4586=CARTESIAN_POINT('',(0.256227672658524,-0.151573873041531,0.811522945081133));
#4587=CARTESIAN_POINT('',(0.253217400214232,-0.148316368373706,0.811567204601005));
#4588=CARTESIAN_POINT('',(0.252892192507492,-0.150702315597459,0.810789813508174));
#4589=CARTESIAN_POINT('',(0.255029205579208,-0.151161292831072,0.809628127902468));
#4590=CARTESIAN_POINT('',(0.252460377194464,-0.147152157233286,0.809960928387361));
#4591=CARTESIAN_POINT('',(0.251808032874234,-0.148781479717194,0.808622575535624));
#4592=CARTESIAN_POINT('',(0.253404518783657,-0.14929856075401,0.807274452844807));
#4593=CARTESIAN_POINT('',(0.251953533258008,-0.145457528218348,0.808984569272531));
#4594=CARTESIAN_POINT('',(0.251082759219849,-0.146273135965583,0.807333968371226));
#4595=CARTESIAN_POINT('',(0.25234686498817,-0.146587161237199,0.805831618511843));
#4596=CARTESIAN_POINT('',(0.251839286425156,-0.144178061747722,0.808773726703041));
#4597=CARTESIAN_POINT('',(0.250919090154039,-0.144435247394839,0.807057864297036));
#4598=CARTESIAN_POINT('',(0.252111269567238,-0.144540024544991,0.805518767927281));
#4599=CARTESIAN_POINT('',(0.251839509109867,-0.143574802827441,0.808773946113649));
#4600=CARTESIAN_POINT('',(0.250919492136697,-0.143574802829899,0.80705822441417));
#4601=CARTESIAN_POINT('',(0.252111668279845,-0.143574803149608,0.805519118107028));
#4602=CARTESIAN_POINT('',(0.616427572697943,-0.0452755905511815,-0.124301588445974));
#4603=CARTESIAN_POINT('',(0.508811023622047,-0.0422755905511814,0.610236220472441));
#4604=CARTESIAN_POINT('',(4.71027737605018E-16,-0.0422755905511815,0.00300000000000015));
#4605=CARTESIAN_POINT('',(-0.508811023622047,-0.0422755905511812,0.610236220472441));
#4606=CARTESIAN_POINT('',(1.57009245868277E-16,-0.0422755905511819,1.21747244094488));
#4607=CARTESIAN_POINT('',(0.374015748031496,-0.0422755905511813,1.22047244094488));
#4608=CARTESIAN_POINT('',(0.511811023622047,-0.0422755905511813,1.22047244094488));
#4609=CARTESIAN_POINT('',(0.511811023622047,-0.0422755905511813,1.08267716535433));
#4610=CARTESIAN_POINT('',(0.374015748031496,-0.0452755905516023,1.22047244094531));
#4611=CARTESIAN_POINT('',(0.511811023622471,-0.0452755905516023,1.22047244094531));
#4612=CARTESIAN_POINT('',(0.511811023622471,-0.0452755905516023,1.08267716535433));
#4613=CARTESIAN_POINT('',(0.374015748031496,-0.0452755905511814,1.21747244094488));
#4614=CARTESIAN_POINT('',(0.508811023622047,-0.0452755905511814,1.21747244094488));
#4615=CARTESIAN_POINT('',(0.508811023622047,-0.0452755905511814,1.08267716535433));
#4616=CARTESIAN_POINT('',(-0.511811023622047,-0.0422755905511815,1.08267716535433));
#4617=CARTESIAN_POINT('',(-0.511811023622047,-0.0422755905511815,1.22047244094488));
#4618=CARTESIAN_POINT('',(-0.374015748031497,-0.0422755905511815,1.22047244094488));
#4619=CARTESIAN_POINT('',(-0.511811023622471,-0.0452755905516069,1.08267716535433));
#4620=CARTESIAN_POINT('',(-0.511811023622472,-0.0452755905516069,1.22047244094531));
#4621=CARTESIAN_POINT('',(-0.374015748031497,-0.0452755905516069,1.22047244094531));
#4622=CARTESIAN_POINT('',(-0.508811023622047,-0.0452755905511816,1.08267716535433));
#4623=CARTESIAN_POINT('',(-0.508811023622047,-0.0452755905511816,1.21747244094488));
#4624=CARTESIAN_POINT('',(-0.374015748031497,-0.0452755905511816,1.21747244094488));
#4625=CARTESIAN_POINT('',(-0.374015748031496,-0.0422755905511806,2.22044604925031E-16));
#4626=CARTESIAN_POINT('',(-0.511811023622048,-0.0422755905511806,1.11022302462516E-16));
#4627=CARTESIAN_POINT('',(-0.511811023622048,-0.0422755905511806,0.137795275590552));
#4628=CARTESIAN_POINT('',(-0.374015748031499,-0.0452755905516145,-4.22356594143025E-13));
#4629=CARTESIAN_POINT('',(-0.511811023622474,-0.0452755905516145,-4.19581036581462E-13));
#4630=CARTESIAN_POINT('',(-0.51181102362247,-0.0452755905516145,0.137795275590555));
#4631=CARTESIAN_POINT('',(-0.374015748031496,-0.0452755905511807,0.00300000000000011));
#4632=CARTESIAN_POINT('',(-0.508811023622048,-0.0452755905511807,0.003));
#4633=CARTESIAN_POINT('',(-0.508811023622048,-0.0452755905511807,0.137795275590552));
#4634=CARTESIAN_POINT('',(0.511811023622047,-0.0422755905511815,0.137795275590551));
#4635=CARTESIAN_POINT('',(0.511811023622047,-0.0422755905511815,-1.94289029309402E-16));
#4636=CARTESIAN_POINT('',(0.374015748031496,-0.0422755905511815,2.22044604925031E-16));
#4637=CARTESIAN_POINT('',(0.511811023622471,-0.0452755905516026,0.13779527559055));
#4638=CARTESIAN_POINT('',(0.51181102362247,-0.0452755905516026,-4.26048085699904E-13));
#4639=CARTESIAN_POINT('',(0.374015748031494,-0.0452755905516026,-4.23994173104347E-13));
#4640=CARTESIAN_POINT('',(0.508811023622047,-0.0452755905511816,0.137795275590551));
#4641=CARTESIAN_POINT('',(0.508811023622047,-0.0452755905511816,0.00299999999999995));
#4642=CARTESIAN_POINT('',(0.374015748031496,-0.0452755905511816,0.00300000000000034));
#4643=CARTESIAN_POINT('',(0.374015748031496,-8.88178419700125E-16,1.08267716535433));
#4644=CARTESIAN_POINT('',(-0.374015748031497,-8.88178419700125E-16,1.08267716535433));
#4645=CARTESIAN_POINT('',(-0.374015748031497,-8.88178419700125E-16,0.137795275590551));
#4646=CARTESIAN_POINT('',(0.374015748031496,-8.88178419700125E-16,0.137795275590551));
#4647=CARTESIAN_POINT('',(0.616427572697943,0.0452755905511815,-0.124301588445974));
#4648=CARTESIAN_POINT('',(0.511811023622047,-0.0565850530129038,1.1794196986822));
#4649=CARTESIAN_POINT('',(-0.451073241989282,-0.0565850530129038,1.22047244094488));
#4650=CARTESIAN_POINT('',(-0.511811023622047,-0.0565850530129038,0.0410527422626872));
#4651=CARTESIAN_POINT('',(0.451073241989281,-0.0565850530129038,2.22044604925031E-16));
#4652=CARTESIAN_POINT('',(0.508811023622046,0.0422755905511805,0.610236220472442));
#4653=CARTESIAN_POINT('',(0.374015748031496,0.0422755905511809,1.22047244094488));
#4654=CARTESIAN_POINT('',(0.374015748031497,0.0452755905516117,1.2204724409453));
#4655=CARTESIAN_POINT('',(0.374015748031496,0.045275590551181,1.21747244094488));
#4656=CARTESIAN_POINT('',(0.511811023622048,0.0422755905511809,1.22047244094488));
#4657=CARTESIAN_POINT('',(0.511811023622471,0.0452755905516117,1.2204724409453));
#4658=CARTESIAN_POINT('',(0.508811023622047,0.045275590551181,1.21747244094488));
#4659=CARTESIAN_POINT('',(0.511811023622048,0.0422755905511809,1.08267716535433));
#4660=CARTESIAN_POINT('',(0.51181102362247,0.0452755905516117,1.08267716535433));
#4661=CARTESIAN_POINT('',(0.508811023622048,0.045275590551181,1.08267716535433));
#4662=CARTESIAN_POINT('',(3.03338803745916E-16,0.0422755905511809,1.21747244094488));
#4663=CARTESIAN_POINT('',(-0.511811023622047,0.0422755905511811,1.08267716535433));
#4664=CARTESIAN_POINT('',(-0.511811023622468,0.0452755905516103,1.08267716535433));
#4665=CARTESIAN_POINT('',(-0.508811023622047,0.0452755905511812,1.08267716535433));
#4666=CARTESIAN_POINT('',(-0.511811023622047,0.0422755905511811,1.22047244094488));
#4667=CARTESIAN_POINT('',(-0.51181102362247,0.0452755905516103,1.2204724409453));
#4668=CARTESIAN_POINT('',(-0.508811023622047,0.0452755905511812,1.21747244094488));
#4669=CARTESIAN_POINT('',(-0.374015748031497,0.0422755905511811,1.22047244094488));
#4670=CARTESIAN_POINT('',(-0.374015748031498,0.0452755905516103,1.2204724409453));
#4671=CARTESIAN_POINT('',(-0.374015748031497,0.0452755905511812,1.21747244094488));
#4672=CARTESIAN_POINT('',(-0.508811023622047,0.0422755905511806,0.610236220472441));
#4673=CARTESIAN_POINT('',(-0.374015748031497,0.04227559055118,6.66133814775094E-16));
#4674=CARTESIAN_POINT('',(-0.374015748031496,0.0452755905516067,-4.24243973284888E-13));
#4675=CARTESIAN_POINT('',(-0.374015748031497,0.0452755905511818,0.00300000000000034));
#4676=CARTESIAN_POINT('',(-0.511811023622047,0.04227559055118,8.88178419700125E-16));
#4677=CARTESIAN_POINT('',(-0.511811023622472,0.0452755905516068,-4.24521529041044E-13));
#4678=CARTESIAN_POINT('',(-0.508811023622048,0.0452755905511818,0.00300000000000056));
#4679=CARTESIAN_POINT('',(-0.511811023622047,0.04227559055118,0.137795275590552));
#4680=CARTESIAN_POINT('',(-0.511811023622472,0.0452755905516067,0.137795275590551));
#4681=CARTESIAN_POINT('',(-0.508811023622048,0.0452755905511818,0.137795275590552));
#4682=CARTESIAN_POINT('',(3.14018491736608E-16,0.0422755905511819,0.00299999999999978));
#4683=CARTESIAN_POINT('',(0.511811023622047,0.0422755905511809,0.137795275590552));
#4684=CARTESIAN_POINT('',(0.51181102362247,0.045275590551609,0.137795275590551));
#4685=CARTESIAN_POINT('',(0.508811023622047,0.045275590551181,0.137795275590552));
#4686=CARTESIAN_POINT('',(0.511811023622047,0.0422755905511809,6.66133814775094E-16));
#4687=CARTESIAN_POINT('',(0.51181102362247,0.045275590551609,-4.2257863874795E-13));
#4688=CARTESIAN_POINT('',(0.508811023622047,0.045275590551181,0.00300000000000078));
#4689=CARTESIAN_POINT('',(0.374015748031496,0.0422755905511809,3.33066907387547E-16));
#4690=CARTESIAN_POINT('',(0.374015748031496,0.045275590551609,-4.2232883856741E-13));
#4691=CARTESIAN_POINT('',(0.374015748031496,0.045275590551181,0.00300000000000045));
#4692=CARTESIAN_POINT('',(-2.22044604925031E-16,0.663385826771653,0.610236220472441));
#4693=CARTESIAN_POINT('',(-0.559734659312116,0.639763779527559,0.050501561160325));
#4694=CARTESIAN_POINT('',(0.344516764558669,0.687007874015748,0.274271195143386));
#4695=CARTESIAN_POINT('',(0.46457031025013,0.636763779527562,0.610236227320816));
#4696=CARTESIAN_POINT('',(0.464565080964731,0.63676377952756,0.618894715395512));
#4697=CARTESIAN_POINT('',(0.462271112841091,0.636763779527559,0.704572622684084));
#4698=CARTESIAN_POINT('',(0.410496160445231,0.63676377952756,0.869332188588319));
#4699=CARTESIAN_POINT('',(0.233375295622075,0.63676377952756,1.03552163765634));
#4700=CARTESIAN_POINT('',(-3.74717127993307E-6,0.636763779527572,1.09376140260949));
#4701=CARTESIAN_POINT('',(-0.233365702052903,0.636763779527559,1.0355229102468));
#4702=CARTESIAN_POINT('',(-0.417048876510339,0.636763779527546,0.863197014735557));
#4703=CARTESIAN_POINT('',(-0.464710545779616,0.636763779527555,0.69593042273804));
#4704=CARTESIAN_POINT('',(-0.464570310250131,0.636763779527564,0.610236213624067));
#4705=CARTESIAN_POINT('',(0.464570310245685,0.639763779527663,0.610236227331136));
#4706=CARTESIAN_POINT('',(0.464565080913071,0.639763779527549,0.618894715393219));
#4707=CARTESIAN_POINT('',(0.462271113338384,0.639763779527564,0.704572623229706));
#4708=CARTESIAN_POINT('',(0.410496159343178,0.639763779527559,0.869332188690756));
#4709=CARTESIAN_POINT('',(0.233375297111708,0.639763779527548,1.03552163771005));
#4710=CARTESIAN_POINT('',(-3.74723622462167E-6,0.639763779527566,1.09376140212301));
#4711=CARTESIAN_POINT('',(-0.233365703408101,0.63976377952755,1.03552291036869));
#4712=CARTESIAN_POINT('',(-0.417048875436325,0.639763779527562,0.863197014734556));
#4713=CARTESIAN_POINT('',(-0.46471054621479,0.639763779527563,0.695930423435905));
#4714=CARTESIAN_POINT('',(-0.464570310245436,0.639763779527421,0.610236213613749));
#4715=CARTESIAN_POINT('',(0.461570288420199,0.639763779527564,0.610236227286287));
#4716=CARTESIAN_POINT('',(0.461565092919912,0.639763779527571,0.618838802245289));
#4717=CARTESIAN_POINT('',(0.459285938236846,0.639763779527568,0.703963434143718));
#4718=CARTESIAN_POINT('',(0.407845329075259,0.639763779527553,0.867659044220681));
#4719=CARTESIAN_POINT('',(0.231868243899937,0.639763779527551,1.03277530355883));
#4720=CARTESIAN_POINT('',(-3.72296846862241E-6,0.63976377952754,1.09063897707748));
#4721=CARTESIAN_POINT('',(-0.231858712295201,0.63976377952755,1.03277656794064));
#4722=CARTESIAN_POINT('',(-0.414355730151127,0.63976377952755,0.861563489015336));
#4723=CARTESIAN_POINT('',(-0.461709618266923,0.639763779527559,0.695377042347653));
#4724=CARTESIAN_POINT('',(-0.461570288420201,0.639763779527564,0.610236213658596));
#4725=CARTESIAN_POINT('',(-0.464570310250131,0.636763779527562,0.610236213624067));
#4726=CARTESIAN_POINT('',(-0.464565080964733,0.636763779527566,0.601577725549369));
#4727=CARTESIAN_POINT('',(-0.46227111284109,0.636763779527554,0.515899818260795));
#4728=CARTESIAN_POINT('',(-0.410496160445234,0.636763779527548,0.351140252356566));
#4729=CARTESIAN_POINT('',(-0.23337529562208,0.63676377952755,0.184950803288542));
#4730=CARTESIAN_POINT('',(3.74717127760161E-6,0.636763779527555,0.126711038335398));
#4731=CARTESIAN_POINT('',(0.233365702052898,0.636763779527551,0.184949530698081));
#4732=CARTESIAN_POINT('',(0.417048876510341,0.636763779527551,0.357275426209325));
#4733=CARTESIAN_POINT('',(0.464710545779615,0.636763779527561,0.524542018206845));
#4734=CARTESIAN_POINT('',(0.46457031025013,0.636763779527563,0.610236227320816));
#4735=CARTESIAN_POINT('',(-0.464570310245687,0.639763779527673,0.610236213613748));
#4736=CARTESIAN_POINT('',(-0.464565080913074,0.639763779527549,0.601577725551663));
#4737=CARTESIAN_POINT('',(-0.462271113338369,0.639763779527564,0.515899817715162));
#4738=CARTESIAN_POINT('',(-0.410496159343204,0.639763779527556,0.351140252254131));
#4739=CARTESIAN_POINT('',(-0.233375297111709,0.639763779527555,0.184950803234847));
#4740=CARTESIAN_POINT('',(3.74723621300324E-6,0.639763779527534,0.126711038821862));
#4741=CARTESIAN_POINT('',(0.233365703408098,0.639763779527545,0.184949530576203));
#4742=CARTESIAN_POINT('',(0.417048875436323,0.639763779527559,0.357275426210323));
#4743=CARTESIAN_POINT('',(0.464710546214783,0.639763779527567,0.524542017508977));
#4744=CARTESIAN_POINT('',(0.464570310245432,0.639763779527409,0.610236227331135));
#4745=CARTESIAN_POINT('',(-0.461570288420201,0.639763779527562,0.610236213658596));
#4746=CARTESIAN_POINT('',(-0.461565092919913,0.639763779527568,0.601633638699595));
#4747=CARTESIAN_POINT('',(-0.459285938236847,0.639763779527549,0.516509006801163));
#4748=CARTESIAN_POINT('',(-0.407845329075264,0.639763779527539,0.352813396724207));
#4749=CARTESIAN_POINT('',(-0.231868243899942,0.639763779527541,0.187697137386053));
#4750=CARTESIAN_POINT('',(3.72296846629095E-6,0.639763779527539,0.12983346386741));
#4751=CARTESIAN_POINT('',(0.231858712295199,0.639763779527538,0.18769587300425));
#4752=CARTESIAN_POINT('',(0.414355730151121,0.639763779527544,0.358908951929552));
#4753=CARTESIAN_POINT('',(0.46170961826692,0.639763779527556,0.525095398597232));
#4754=CARTESIAN_POINT('',(0.461570288420199,0.639763779527565,0.610236227286287));
#4755=CARTESIAN_POINT('',(-0.269685039370079,0.684007874015748,0.610236220472441));
#4756=CARTESIAN_POINT('',(-0.269685039386046,0.687007874015751,0.610236220472441));
#4757=CARTESIAN_POINT('',(-0.266685039386046,0.687007874015748,0.610236220472442));
#4758=CARTESIAN_POINT('',(-0.269685039370079,0.684007874015748,0.87992125984252));
#4759=CARTESIAN_POINT('',(-0.269685039386046,0.687007874015751,0.879921259858486));
#4760=CARTESIAN_POINT('',(-0.266685039386045,0.687007874015748,0.876921259858487));
#4761=CARTESIAN_POINT('',(-2.38558050937156E-16,0.684007874015748,0.87992125984252));
#4762=CARTESIAN_POINT('',(-3.49580353400649E-16,0.687007874015751,0.879921259858487));
#4763=CARTESIAN_POINT('',(2.05714855931801E-16,0.687007874015748,0.876921259858487));
#4764=CARTESIAN_POINT('',(0.269685039370078,0.684007874015748,0.87992125984252));
#4765=CARTESIAN_POINT('',(0.269685039386045,0.687007874015751,0.879921259858487));
#4766=CARTESIAN_POINT('',(0.266685039386046,0.687007874015748,0.876921259858486));
#4767=CARTESIAN_POINT('',(0.269685039370078,0.684007874015748,0.610236220472441));
#4768=CARTESIAN_POINT('',(0.269685039386045,0.687007874015751,0.610236220472441));
#4769=CARTESIAN_POINT('',(0.266685039386045,0.687007874015748,0.610236220472441));
#4770=CARTESIAN_POINT('',(-0.374015748031478,-0.0402755905511816,0.137795275590554));
#4771=CARTESIAN_POINT('',(0.616427572697943,-0.0352755905511817,-0.124301588445974));
#4772=CARTESIAN_POINT('',(0.492165199231482,-0.0352755905511817,0.96452771415433));
#4773=CARTESIAN_POINT('',(0.335453187211386,-0.0452755905511797,1.02464714884465));
#4774=CARTESIAN_POINT('',(0.430467611163506,-0.037399590551181,1.12220518546536));
#4775=CARTESIAN_POINT('',(0.37401574803148,-0.037399590551181,1.08267716535433));
#4776=CARTESIAN_POINT('',(0.472374832856855,-0.0941162417511734,1.03725754805359));
#4777=CARTESIAN_POINT('',(0.403857440083198,-0.037399590551181,1.06544805641579));
#4778=CARTESIAN_POINT('',(0.355014817847336,-0.0941162417511734,1.08227933071175));
#4779=CARTESIAN_POINT('',(0.43369788873368,-0.037399590551181,1.04821966535542));
#4780=CARTESIAN_POINT('',(0.37401574803148,-0.037399590551181,1.08267716535433));
#4781=CARTESIAN_POINT('',(0.310652319683608,-0.0452755905511797,0.986702115386475));
#4782=CARTESIAN_POINT('',(0.334487727920976,-0.037399590551181,1.1391290284875));
#4783=CARTESIAN_POINT('',(0.37401574803148,-0.037399590551181,1.08267716535433));
#4784=CARTESIAN_POINT('',(0.364170748031567,-0.0941162417511734,1.00103683360728));
#4785=CARTESIAN_POINT('',(0.374015748031565,-0.037399590551181,1.01376216535384));
#4786=CARTESIAN_POINT('',(0.383860748031563,0.019317060648806,1.00103683360728));
#4787=CARTESIAN_POINT('',(0.37401574803148,-0.037399590551181,1.08267716535433));
#4788=CARTESIAN_POINT('',(0.408473248031715,-0.037399590551181,1.14235930605654));
#4789=CARTESIAN_POINT('',(0.37401574803148,-0.037399590551181,1.08267716535433));
#4790=CARTESIAN_POINT('',(0.22575621448926,-0.0452755905511797,1.01931373700787));
#4791=CARTESIAN_POINT('',(0.314333607328929,-0.037399590551181,1.11713466535376));
#4792=CARTESIAN_POINT('',(0.37401574803148,-0.037399590551181,1.08267716535433));
#4793=CARTESIAN_POINT('',(0.317563884898244,-0.037399590551181,1.04314914524378));
#4794=CARTESIAN_POINT('',(0.37401574803148,-0.037399590551181,1.08267716535433));
#4795=CARTESIAN_POINT('',(0.275648850108802,-0.0941162417511734,1.12810129355154));
#4796=CARTESIAN_POINT('',(0.344252186953131,-0.037399590551181,1.09986116535583));
#4797=CARTESIAN_POINT('',(0.39310262228657,-0.0941162417511734,1.08302538016471));
#4798=CARTESIAN_POINT('',(0.37401574803148,-0.0402755905511816,1.08267716535433));
#4799=CARTESIAN_POINT('',(0.0451064915223216,0.419291338582676,0.756414534154328));
#4800=CARTESIAN_POINT('',(-2.22044604925031E-16,0.663385826771653,0.610236220472441));
#4801=CARTESIAN_POINT('',(0.269685039370078,0.684007874015748,0.610236220472441));
#4802=CARTESIAN_POINT('',(0.269685039386045,0.687007874015751,0.610236220472441));
#4803=CARTESIAN_POINT('',(0.266685039386045,0.687007874015748,0.610236220472441));
#4804=CARTESIAN_POINT('',(0.269685039370078,0.684007874015748,0.340551181102362));
#4805=CARTESIAN_POINT('',(0.269685039386045,0.687007874015751,0.340551181086396));
#4806=CARTESIAN_POINT('',(0.266685039386045,0.687007874015748,0.343551181086395));
#4807=CARTESIAN_POINT('',(-2.05531158912907E-16,0.684007874015748,0.340551181102362));
#4808=CARTESIAN_POINT('',(-2.05531158911929E-16,0.687007874015751,0.340551181086396));
#4809=CARTESIAN_POINT('',(-6.49804065781864E-16,0.687007874015748,0.343551181086396));
#4810=CARTESIAN_POINT('',(-0.269685039370079,0.684007874015748,0.340551181102362));
#4811=CARTESIAN_POINT('',(-0.269685039386046,0.687007874015751,0.340551181086396));
#4812=CARTESIAN_POINT('',(-0.266685039386046,0.687007874015748,0.343551181086396));
#4813=CARTESIAN_POINT('',(-0.269685039370079,0.684007874015748,0.610236220472441));
#4814=CARTESIAN_POINT('',(-0.269685039386046,0.687007874015751,0.610236220472441));
#4815=CARTESIAN_POINT('',(-0.266685039386046,0.687007874015748,0.610236220472442));
#4816=CARTESIAN_POINT('',(-0.374015748031478,-0.0402755905511816,0.137795275590553));
#4817=CARTESIAN_POINT('',(0.37401574803148,-0.0402755905511816,1.08267716535433));
#4818=CARTESIAN_POINT('',(0.0888350921863637,0.427165354330707,0.713343668012596));
#4819=CARTESIAN_POINT('',(0.0741890627375457,0.427165354330707,0.730076241381362));
#4820=CARTESIAN_POINT('',(0.0741890627375448,0.419291338582674,0.730076241381362));
#4821=CARTESIAN_POINT('',(0.0888350921863637,0.419291338582674,0.713343668012596));
#4822=CARTESIAN_POINT('',(0.0679064920091983,0.427165354330707,0.713343668012596));
#4823=CARTESIAN_POINT('',(0.0679064920091983,0.419291338582674,0.713343668012596));
#4824=CARTESIAN_POINT('',(0.0532604625616926,0.427165354330707,0.730076241381362));
#4825=CARTESIAN_POINT('',(0.0532604625616926,0.419291338582674,0.730076241381362));
#4826=CARTESIAN_POINT('',(0.0487769830393823,0.427165354330707,0.713343668012596));
#4827=CARTESIAN_POINT('',(0.0487769830393823,0.419291338582674,0.713343668012596));
#4828=CARTESIAN_POINT('',(0.0324734211430566,0.427165354330707,0.713343668012596));
#4829=CARTESIAN_POINT('',(0.0324734211430566,0.419291338582674,0.713343668012596));
#4830=CARTESIAN_POINT('',(0.0430226019475188,0.427165354330707,0.752713746752753));
#4831=CARTESIAN_POINT('',(0.0430226019475188,0.419291338582674,0.752713746752753));
#4832=CARTESIAN_POINT('',(0.0823926806876762,0.427165354330707,0.752713746752753));
#4833=CARTESIAN_POINT('',(0.0823926806876762,0.419291338582674,0.752713746752753));
#4834=CARTESIAN_POINT('',(0.057638294914711,0.419291338582674,0.746414534154328));
#4835=CARTESIAN_POINT('',(0.0733863264107739,0.419291338582674,0.746414534154328));
#4836=CARTESIAN_POINT('',(0.0733863264107739,0.427165354330707,0.746414534154328));
#4837=CARTESIAN_POINT('',(0.057638294914711,0.427165354330707,0.746414534154328));
#4838=CARTESIAN_POINT('',(0.0669175151443688,0.419291338582674,0.73696571525669));
#4839=CARTESIAN_POINT('',(0.0669175151443688,0.427165354330707,0.73696571525669));
#4840=CARTESIAN_POINT('',(0.0551064915223216,0.419291338582674,0.73696571525669));
#4841=CARTESIAN_POINT('',(0.0551064915223216,0.427165354330707,0.73696571525669));
#4842=CARTESIAN_POINT('',(0.157611286150931,0.427165354330707,0.713343668012596));
#4843=CARTESIAN_POINT('',(0.173324113934396,0.427165354330707,0.713343668012596));
#4844=CARTESIAN_POINT('',(0.173324113934396,0.419291338582674,0.713343668012596));
#4845=CARTESIAN_POINT('',(0.157611286150931,0.419291338582674,0.713343668012596));
#4846=CARTESIAN_POINT('',(0.142930052990826,0.427165354330707,0.730076241381362));
#4847=CARTESIAN_POINT('',(0.142930052990826,0.419291338582674,0.730076241381362));
#4848=CARTESIAN_POINT('',(0.138446573468516,0.427165354330707,0.713343668012596));
#4849=CARTESIAN_POINT('',(0.138446573468516,0.419291338582674,0.713343668012596));
#4850=CARTESIAN_POINT('',(0.122143011572191,0.427165354330707,0.713343668012596));
#4851=CARTESIAN_POINT('',(0.12214301157219,0.419291338582674,0.713343668012596));
#4852=CARTESIAN_POINT('',(0.132692192376653,0.427165354330707,0.752713746752753));
#4853=CARTESIAN_POINT('',(0.132692192376653,0.419291338582674,0.752713746752753));
#4854=CARTESIAN_POINT('',(0.148995754272978,0.427165354330707,0.752713746752753));
#4855=CARTESIAN_POINT('',(0.148995754272978,0.419291338582674,0.752713746752753));
#4856=CARTESIAN_POINT('',(0.144919863799225,0.427165354330707,0.737502316418107));
#4857=CARTESIAN_POINT('',(0.144919863799225,0.419291338582674,0.737502316418107));
#4858=CARTESIAN_POINT('',(0.164575232177178,0.427165354330707,0.752713746752753));
#4859=CARTESIAN_POINT('',(0.164575232177177,0.419291338582674,0.752713746752753));
#4860=CARTESIAN_POINT('',(0.183873294738857,0.427165354330707,0.752713746752753));
#4861=CARTESIAN_POINT('',(0.183873294738857,0.419291338582674,0.752713746752753));
#4862=CARTESIAN_POINT('',(0.157016911658805,0.427165354330707,0.731929399575588));
#4863=CARTESIAN_POINT('',(0.157016911658805,0.419291338582674,0.731929399575588));
#4864=CARTESIAN_POINT('',(-0.0896430144330578,0.427165354330707,0.743264927855115));
#4865=CARTESIAN_POINT('',(-0.0871112110406698,0.427165354330707,0.752713746752753));
#4866=CARTESIAN_POINT('',(-0.0871112110406702,0.419291338582674,0.752713746752753));
#4867=CARTESIAN_POINT('',(-0.0896430144330578,0.419291338582674,0.743264927855116));
#4868=CARTESIAN_POINT('',(-0.120583547024922,0.427165354330707,0.743264927855115));
#4869=CARTESIAN_POINT('',(-0.120583547024922,0.419291338582674,0.743264927855116));
#4870=CARTESIAN_POINT('',(-0.122060432337258,0.427165354330707,0.737753116831493));
#4871=CARTESIAN_POINT('',(-0.122060432337258,0.419291338582674,0.737753116831493));
#4872=CARTESIAN_POINT('',(-0.0984383850931636,0.427165354330707,0.737753116831493));
#4873=CARTESIAN_POINT('',(-0.0984383850931636,0.419291338582674,0.737753116831493));
#4874=CARTESIAN_POINT('',(-0.100970188486864,0.427165354330707,0.728304297933856));
#4875=CARTESIAN_POINT('',(-0.100970188486864,0.419291338582674,0.728304297933856));
#4876=CARTESIAN_POINT('',(-0.124592235730959,0.427165354330707,0.728304297933856));
#4877=CARTESIAN_POINT('',(-0.124592235730959,0.419291338582674,0.728304297933856));
#4878=CARTESIAN_POINT('',(-0.126069121043295,0.427165354330707,0.722792486910233));
#4879=CARTESIAN_POINT('',(-0.126069121043295,0.419291338582674,0.722792486910234));
#4880=CARTESIAN_POINT('',(-0.0951285884514299,0.427165354330707,0.722792486910233));
#4881=CARTESIAN_POINT('',(-0.0951285884514304,0.419291338582674,0.722792486910234));
#4882=CARTESIAN_POINT('',(-0.0976603918451311,0.427165354330707,0.713343668012596));
#4883=CARTESIAN_POINT('',(-0.0976603918451315,0.419291338582674,0.713343668012596));
#4884=CARTESIAN_POINT('',(-0.14490448633332,0.427165354330707,0.713343668012596));
#4885=CARTESIAN_POINT('',(-0.14490448633332,0.419291338582674,0.713343668012596));
#4886=CARTESIAN_POINT('',(-0.13435530552886,0.427165354330707,0.752713746752753));
#4887=CARTESIAN_POINT('',(-0.13435530552886,0.419291338582674,0.752713746752753));
#4888=CARTESIAN_POINT('',(0.112360874434396,0.427165354330707,0.713343668012596));
#4889=CARTESIAN_POINT('',(0.122910055238858,0.427165354330707,0.752713746752753));
#4890=CARTESIAN_POINT('',(0.122910055238857,0.419291338582674,0.752713746752753));
#4891=CARTESIAN_POINT('',(0.112360874434396,0.419291338582674,0.713343668012596));
#4892=CARTESIAN_POINT('',(0.0960573125393827,0.427165354330707,0.713343668012596));
#4893=CARTESIAN_POINT('',(0.0960573125393822,0.419291338582674,0.713343668012596));
#4894=CARTESIAN_POINT('',(0.106606493342532,0.427165354330707,0.752713746752753));
#4895=CARTESIAN_POINT('',(0.106606493342532,0.419291338582674,0.752713746752753));
#4896=CARTESIAN_POINT('',(-0.165478817059042,0.427165354330707,0.733912374555902));
#4897=CARTESIAN_POINT('',(-0.178427197148282,0.427165354330707,0.752713746752753));
#4898=CARTESIAN_POINT('',(-0.178427197148282,0.419291338582674,0.752713746752753));
#4899=CARTESIAN_POINT('',(-0.165478817059043,0.419291338582674,0.733912374555902));
#4900=CARTESIAN_POINT('',(-0.160441004561667,0.427165354330707,0.752713746752753));
#4901=CARTESIAN_POINT('',(-0.160441004561668,0.419291338582674,0.752713746752753));
#4902=CARTESIAN_POINT('',(-0.144137442666655,0.427165354330707,0.752713746752753));
#4903=CARTESIAN_POINT('',(-0.144137442666655,0.419291338582674,0.752713746752753));
#4904=CARTESIAN_POINT('',(-0.154686623471117,0.427165354330707,0.713343668012596));
#4905=CARTESIAN_POINT('',(-0.154686623471117,0.419291338582674,0.713343668012596));
#4906=CARTESIAN_POINT('',(-0.17043465496718,0.427165354330707,0.713343668012596));
#4907=CARTESIAN_POINT('',(-0.17043465496718,0.419291338582674,0.713343668012596));
#4908=CARTESIAN_POINT('',(-0.183383035056418,0.427165354330707,0.732145040210758));
#4909=CARTESIAN_POINT('',(-0.183383035056418,0.419291338582674,0.732145040210758));
#4910=CARTESIAN_POINT('',(-0.188420847552482,0.427165354330707,0.713343668012596));
#4911=CARTESIAN_POINT('',(-0.188420847552482,0.419291338582674,0.713343668012596));
#4912=CARTESIAN_POINT('',(-0.204724409448806,0.427165354330707,0.713343668012596));
#4913=CARTESIAN_POINT('',(-0.204724409448807,0.419291338582674,0.713343668012596));
#4914=CARTESIAN_POINT('',(-0.194175228644345,0.427165354330707,0.752713746752753));
#4915=CARTESIAN_POINT('',(-0.194175228644345,0.419291338582674,0.752713746752753));
#4916=CARTESIAN_POINT('',(-0.0669181678648176,0.427165354330706,0.730722055698947));
#4917=CARTESIAN_POINT('',(-0.0610255120065493,0.427165354330707,0.752713746752753));
#4918=CARTESIAN_POINT('',(-0.0610255120065493,0.419291338582674,0.752713746752753));
#4919=CARTESIAN_POINT('',(-0.0669181678648176,0.419291338582674,0.730722055698947));
#4920=CARTESIAN_POINT('',(-0.0608335957308255,0.427165354330706,0.722792486910281));
#4921=CARTESIAN_POINT('',(-0.0608335957308259,0.419291338582674,0.722792486910281));
#4922=CARTESIAN_POINT('',(-0.0541486509106168,0.427165354330706,0.722792486910281));
#4923=CARTESIAN_POINT('',(-0.0541486509106168,0.419291338582674,0.722792486910281));
#4924=CARTESIAN_POINT('',(-0.046542935742677,0.427165354330706,0.728628557422221));
#4925=CARTESIAN_POINT('',(-0.0465429357426774,0.419291338582674,0.728628557422221));
#4926=CARTESIAN_POINT('',(-0.040089328712493,0.427165354330707,0.752713746752929));
#4927=CARTESIAN_POINT('',(-0.040089328712493,0.419291338582674,0.752713746752929));
#4928=CARTESIAN_POINT('',(-0.0237857668161665,0.427165354330707,0.752713746752929));
#4929=CARTESIAN_POINT('',(-0.023785766816167,0.419291338582674,0.752713746752929));
#4930=CARTESIAN_POINT('',(-0.0304255216691856,0.427165354330706,0.727933844290987));
#4931=CARTESIAN_POINT('',(-0.030425521669186,0.419291338582674,0.727933844290987));
#4932=CARTESIAN_POINT('',(-0.049439809587754,0.427165354330706,0.713343668012719));
#4933=CARTESIAN_POINT('',(-0.049439809587754,0.419291338582674,0.713343668012719));
#4934=CARTESIAN_POINT('',(-0.0673550204893287,0.427165354330706,0.713343668012719));
#4935=CARTESIAN_POINT('',(-0.0673550204893292,0.419291338582674,0.713343668012719));
#4936=CARTESIAN_POINT('',(-0.0825664508241351,0.427165354330706,0.733167589983724));
#4937=CARTESIAN_POINT('',(-0.0825664508241351,0.419291338582674,0.733167589983724));
#4938=CARTESIAN_POINT('',(-0.0773290739028749,0.427165354330707,0.752713746752753));
#4939=CARTESIAN_POINT('',(-0.0773290739028749,0.419291338582674,0.752713746752753));
#4940=CARTESIAN_POINT('',(0.0307086614173355,0.427165354330707,0.743264927855115));
#4941=CARTESIAN_POINT('',(0.033240464809724,0.427165354330707,0.752713746752753));
#4942=CARTESIAN_POINT('',(0.033240464809724,0.419291338582674,0.752713746752753));
#4943=CARTESIAN_POINT('',(0.0307086614173351,0.419291338582674,0.743264927855116));
#4944=CARTESIAN_POINT('',(0.0163035618963379,0.427165354330707,0.743264927855115));
#4945=CARTESIAN_POINT('',(0.0163035618963379,0.419291338582674,0.743264927855116));
#4946=CARTESIAN_POINT('',(0.0082861844842641,0.427165354330707,0.713343668012596));
#4947=CARTESIAN_POINT('',(0.0082861844842641,0.419291338582674,0.713343668012596));
#4948=CARTESIAN_POINT('',(-0.00801737741206154,0.427165354330707,0.713343668012596));
#4949=CARTESIAN_POINT('',(-0.00801737741206154,0.419291338582674,0.713343668012596));
#4950=CARTESIAN_POINT('',(1.13242748511766E-14,0.427165354330707,0.743264927855115));
#4951=CARTESIAN_POINT('',(1.13242748511766E-14,0.419291338582674,0.743264927855116));
#4952=CARTESIAN_POINT('',(-0.0165354330708538,0.427165354330707,0.743264927855115));
#4953=CARTESIAN_POINT('',(-0.0165354330708543,0.419291338582674,0.743264927855116));
#4954=CARTESIAN_POINT('',(-0.0140036296784658,0.427165354330707,0.752713746752753));
#4955=CARTESIAN_POINT('',(-0.0140036296784658,0.419291338582674,0.752713746752753));
#4956=CARTESIAN_POINT('',(-0.442913385826772,0.0452755905511832,1.08267716535433));
#4957=CARTESIAN_POINT('',(-0.305118110236221,0.0452755905511832,1.08267716535433));
#4958=CARTESIAN_POINT('',(-0.305118110236221,0.00393675612397537,1.08267716535433));
#4959=CARTESIAN_POINT('',(-0.442913385826772,0.00393675612397537,1.08267716535433));
#4960=CARTESIAN_POINT('',(-0.255906276285552,-0.0452759282811357,1.08267716535433));
#4961=CARTESIAN_POINT('',(-0.49212521977752,-0.0452759282811357,1.08267716535433));
#4962=CARTESIAN_POINT('',(0.30511811023622,0.0452755905511832,0.137795275590551));
#4963=CARTESIAN_POINT('',(0.442913385826772,0.0452755905511832,0.137795275590551));
#4964=CARTESIAN_POINT('',(0.442913385826772,0.00393675612397537,0.137795275590551));
#4965=CARTESIAN_POINT('',(0.30511811023622,0.00393675612397537,0.137795275590551));
#4966=CARTESIAN_POINT('',(0.492125219777519,-0.0452759282811357,0.137795275590551));
#4967=CARTESIAN_POINT('',(0.255906276285551,-0.0452759282811357,0.137795275590551));
#4968=CARTESIAN_POINT('',(0.464566929133858,0.0452755905511832,0.610236220472441));
#4969=CARTESIAN_POINT('',(-0.464566929133859,0.0452755905511832,0.610236220472441));
#4970=CARTESIAN_POINT('',(0.4645688612003,0.636763779527561,0.610236224385798));
#4971=CARTESIAN_POINT('',(-0.4645688612003,0.636763779527561,0.610236216559084));
#4972=CARTESIAN_POINT('',(-0.117394050265786,0.41929133858268,0.313732695444583));
#4973=CARTESIAN_POINT('',(0.198537729725974,0.419291338582678,0.862075731772684));
#4974=CARTESIAN_POINT('',(0.251839511300237,0.41929133858268,0.808773950198419));
#4975=CARTESIAN_POINT('',(0.252111666243923,0.419291338582678,0.805519120735417));
#4976=CARTESIAN_POINT('',(0.195282900262979,0.41929133858268,0.86234788671637));
#4977=CARTESIAN_POINT('',(-0.206496062992126,0.419291338582676,0.610236220472441));
#4978=CARTESIAN_POINT('',(-0.0470472440944885,0.419291338582676,0.454724409448819));
#4979=CARTESIAN_POINT('',(0.112401574803149,0.419291338582676,0.610236220472441));
#4980=CARTESIAN_POINT('',(0.464566929133858,-0.0452755905511815,0.610236220472441));
#4981=CARTESIAN_POINT('',(-0.464566929133859,-0.0452755905511815,0.610236220472441));
#4982=CARTESIAN_POINT('',(0.464573507114723,-0.143574803149594,0.610236226446664));
#4983=CARTESIAN_POINT('',(-0.464573507114723,-0.143574803149594,0.610236214498218));
#4984=CARTESIAN_POINT('',(-0.120339046688773,-0.151574803149607,0.306294483553701));
#4985=CARTESIAN_POINT('',(0.456578242367491,-0.151574803149602,0.610236230726227));
#4986=CARTESIAN_POINT('',(-0.456578242367491,-0.151574803149602,0.610236210218654));
#4987=CARTESIAN_POINT('',(0.256810132347857,-0.151574802470238,0.812493511832649));
#4988=CARTESIAN_POINT('',(0.202259608214206,-0.151574802690838,0.867047356396275));
#4989=CARTESIAN_POINT('',(0.254002551759152,-0.148574805489201,0.813547821587105));
#4990=CARTESIAN_POINT('',(0.203313161741489,-0.148574805635981,0.864239357879462));
#4991=CARTESIAN_POINT('',(0.198537727690181,-0.143574803036778,0.86207573068103));
#4992=CARTESIAN_POINT('',(0.251839510208958,-0.143574803035655,0.80877394816331));
#4993=CARTESIAN_POINT('',(-0.117394050265672,-0.143574803149606,0.31373269544487));
#4994=CARTESIAN_POINT('',(0.252111666820885,-0.143574803149606,0.805519119990555));
#4995=CARTESIAN_POINT('',(0.195282899517861,-0.143574803149606,0.862347887293525));
#4996=CARTESIAN_POINT('',(0.374015748031496,-0.0452755905511815,1.21747244094488));
#4997=CARTESIAN_POINT('',(0.508811023622047,-0.0452755905511815,1.08267716535433));
#4998=CARTESIAN_POINT('',(-0.374015748031496,-0.0452755905511797,0.00300000000000011));
#4999=CARTESIAN_POINT('',(-0.508811023622047,-0.0452755905511797,0.137795275590552));
#5000=CARTESIAN_POINT('',(-0.508811023622046,-0.0452755905511815,1.08267716535433));
#5001=CARTESIAN_POINT('',(0.508811023622047,-0.0452755905511815,0.137795275590551));
#5002=CARTESIAN_POINT('',(0.374015748031496,-0.0452755905511815,0.00300000000000034));
#5003=CARTESIAN_POINT('',(-0.374015748031496,-0.0452755905511815,1.21747244094488));
#5004=CARTESIAN_POINT('',(-0.472465748031479,-0.0452755905511832,0.137795275590554));
#5005=CARTESIAN_POINT('',(0.511811023622047,-0.0422755905511814,0.137795275590551));
#5006=CARTESIAN_POINT('',(0.511811023622047,-0.0422755905511814,1.08267716535433));
#5007=CARTESIAN_POINT('',(-0.374015748031496,-0.0422755905511814,0.));
#5008=CARTESIAN_POINT('',(0.374015748031496,-0.0422755905511814,2.22044604925031E-16));
#5009=CARTESIAN_POINT('',(-0.511811023622047,-0.0422755905511814,1.08267716535433));
#5010=CARTESIAN_POINT('',(-0.511811023622047,-0.0422755905511814,0.137795275590551));
#5011=CARTESIAN_POINT('',(0.374015748031496,-0.0422755905511814,1.22047244094488));
#5012=CARTESIAN_POINT('',(-0.374015748031496,-0.0422755905511814,1.22047244094488));
#5013=CARTESIAN_POINT('',(0.374015748031497,0.0422755905511831,1.22047244094488));
#5014=CARTESIAN_POINT('',(0.511811023622047,0.0422755905511831,1.08267716535433));
#5015=CARTESIAN_POINT('',(-0.511811023622047,0.0422755905511831,1.08267716535433));
#5016=CARTESIAN_POINT('',(-0.374015748031496,0.0422755905511831,1.22047244094488));
#5017=CARTESIAN_POINT('',(-0.374015748031496,0.0422755905511814,2.22044604925031E-16));
#5018=CARTESIAN_POINT('',(-0.511811023622047,0.0422755905511814,0.137795275590551));
#5019=CARTESIAN_POINT('',(0.511811023622047,0.0422755905511831,0.137795275590551));
#5020=CARTESIAN_POINT('',(0.374015748031496,0.0422755905511831,2.22044604925031E-16));
#5021=CARTESIAN_POINT('',(-0.374015748031496,0.0452755905511832,1.21747244094488));
#5022=CARTESIAN_POINT('',(0.374015748031497,0.0452755905511832,1.21747244094488));
#5023=CARTESIAN_POINT('',(0.374015748031496,0.0452755905511832,0.00300000000000034));
#5024=CARTESIAN_POINT('',(-0.374015748031496,0.0452755905511832,0.00300000000000011));
#5025=CARTESIAN_POINT('',(-0.508811023622047,0.0452755905511832,0.137795275590551));
#5026=CARTESIAN_POINT('',(-0.508811023622047,0.0452755905511832,1.08267716535433));
#5027=CARTESIAN_POINT('',(0.508811023622047,0.0452755905511832,0.137795275590551));
#5028=CARTESIAN_POINT('',(0.508811023622047,0.0452755905511832,1.08267716535433));
#5029=CARTESIAN_POINT('',(-0.269685039370079,0.639763779527557,0.610236220472441));
#5030=CARTESIAN_POINT('',(-0.269685039370079,0.684007874015748,0.610236220472441));
#5031=CARTESIAN_POINT('',(-0.461570288420201,0.639763779527563,0.610236213658595));
#5032=CARTESIAN_POINT('',(0.4615702884202,0.639763779527563,0.610236227286287));
#5033=CARTESIAN_POINT('',(-0.266685039386046,0.687007874015748,0.610236220472442));
#5034=CARTESIAN_POINT('',(-0.214566929133859,0.687007874015752,0.610236220472441));
#5035=CARTESIAN_POINT('',(-0.0551181102362206,0.687007874015752,0.454724409448819));
#5036=CARTESIAN_POINT('',(0.104330708661417,0.687007874015752,0.610236220472441));
#5037=CARTESIAN_POINT('',(-0.472465748031479,-0.0352755905511817,0.137795275590554));
#5038=CARTESIAN_POINT('',(0.472465748031481,-0.0352755905511852,1.08267716535433));
#5039=CARTESIAN_POINT('',(0.319256107328094,-0.0352755905511817,1.1256606854547));
#5040=CARTESIAN_POINT('',(0.349174686953183,-0.0352755905511817,1.10838718545438));
#5041=CARTESIAN_POINT('',(0.339329686953081,-0.0352755905511799,1.09133514525728));
#5042=CARTESIAN_POINT('',(0.318652632886354,-0.0352755905511817,1.10327304798875));
#5043=CARTESIAN_POINT('',(0.325628436792969,-0.0352755905511817,1.04879600523295));
#5044=CARTESIAN_POINT('',(0.309499333022223,-0.0352755905511799,1.0375022852279));
#5045=CARTESIAN_POINT('',(0.305807587228958,-0.0352755905511817,1.1220571653546));
#5046=CARTESIAN_POINT('',(0.328840867904213,-0.0352755905511817,1.1471935803629));
#5047=CARTESIAN_POINT('',(0.413395748003475,-0.0352755905511817,1.15088532617309));
#5048=CARTESIAN_POINT('',(0.403550748031724,-0.0352755905511817,1.1338332859563));
#5049=CARTESIAN_POINT('',(0.383860748031565,-0.0352755905511799,1.14092097081942));
#5050=CARTESIAN_POINT('',(0.383860748031564,-0.0352755905511817,1.01376216535384));
#5051=CARTESIAN_POINT('',(0.364170748031568,-0.0352755905511799,1.01376216535384));
#5052=CARTESIAN_POINT('',(0.364170748031568,-0.0352755905511817,1.14092097081943));
#5053=CARTESIAN_POINT('',(0.340134587892588,-0.0352755905511817,1.13106447658049));
#5054=CARTESIAN_POINT('',(0.438532163039673,-0.0352755905511817,1.12785204548133));
#5055=CARTESIAN_POINT('',(0.442223908833534,-0.0352755905511817,1.04329716535434));
#5056=CARTESIAN_POINT('',(0.428775388733027,-0.0352755905511799,1.03969364525532));
#5057=CARTESIAN_POINT('',(0.398934940083202,-0.0352755905511817,1.05692203631604));
#5058=CARTESIAN_POINT('',(0.4087799400832,-0.0352755905511799,1.07397407651554));
#5059=CARTESIAN_POINT('',(0.429378863176633,-0.0352755905511817,1.06208128272253));
#5060=CARTESIAN_POINT('',(0.422403059287342,-0.0352755905511817,1.11655832544938));
#5061=CARTESIAN_POINT('',(0.442223908833532,-0.0452755905511779,1.04329716535434));
#5062=CARTESIAN_POINT('',(0.438532163039672,-0.0452755905511779,1.12785204548133));
#5063=CARTESIAN_POINT('',(0.428775388733025,-0.0452755905511779,1.03969364525532));
#5064=CARTESIAN_POINT('',(0.398934940083201,-0.0452755905511779,1.05692203631604));
#5065=CARTESIAN_POINT('',(0.408779940083199,-0.0452755905511779,1.07397407651554));
#5066=CARTESIAN_POINT('',(0.429378863176632,-0.0452755905511779,1.06208128272253));
#5067=CARTESIAN_POINT('',(0.422403059287341,-0.0452755905511779,1.11655832544938));
#5068=CARTESIAN_POINT('',(0.413395748009121,-0.0452755905511779,1.15088532616983));
#5069=CARTESIAN_POINT('',(0.328840867904211,-0.0452755905511779,1.1471935803629));
#5070=CARTESIAN_POINT('',(0.403550748031722,-0.0452755905511779,1.1338332859563));
#5071=CARTESIAN_POINT('',(0.383860748031563,-0.0452755905511779,1.14092097081942));
#5072=CARTESIAN_POINT('',(0.383860748031563,-0.0452755905511779,1.01376216535384));
#5073=CARTESIAN_POINT('',(0.364170748031567,-0.0452755905511779,1.01376216535384));
#5074=CARTESIAN_POINT('',(0.364170748031567,-0.0452755905511779,1.14092097081942));
#5075=CARTESIAN_POINT('',(0.340134587882812,-0.0452755905511779,1.13106447657364));
#5076=CARTESIAN_POINT('',(0.349174686953181,-0.0452755905511779,1.10838718545438));
#5077=CARTESIAN_POINT('',(0.319256107328092,-0.0452755905511779,1.1256606854547));
#5078=CARTESIAN_POINT('',(0.339329686953079,-0.0452755905511779,1.09133514525728));
#5079=CARTESIAN_POINT('',(0.318652632886353,-0.0452755905511779,1.10327304798875));
#5080=CARTESIAN_POINT('',(0.325628436789226,-0.0452755905511779,1.04879600523829));
#5081=CARTESIAN_POINT('',(0.309499333022221,-0.0452755905511779,1.0375022852279));
#5082=CARTESIAN_POINT('',(0.305807587228957,-0.0452755905511779,1.1220571653546));
#5083=CARTESIAN_POINT('',(0.47246574803148,-0.0452755905511815,1.08267716535433));
#5084=CARTESIAN_POINT('',(0.269685039370078,0.639763779527561,0.610236220472441));
#5085=CARTESIAN_POINT('',(0.269685039370078,0.684007874015748,0.610236220472441));
#5086=CARTESIAN_POINT('',(0.266685039386045,0.687007874015748,0.610236220472441));
#5087=CARTESIAN_POINT('',(-0.275565748031479,-0.0452755905511815,0.137795275590554));
#5088=CARTESIAN_POINT('',(-0.275565748031479,-0.0352755905511817,0.137795275590554));
#5089=CARTESIAN_POINT('',(0.27556574803148,-0.0452755905511853,1.08267716535433));
#5090=CARTESIAN_POINT('',(0.27556574803148,-0.0352755905511817,1.08267716535433));
#5091=CARTESIAN_POINT('',(0.0888350921863637,0.427165354330707,0.713343668012596));
#5092=CARTESIAN_POINT('',(0.0741890627375457,0.427165354330707,0.730076241381362));
#5093=CARTESIAN_POINT('',(0.0741890627375448,0.419291338582674,0.730076241381362));
#5094=CARTESIAN_POINT('',(0.0741890627375457,0.427165354330707,0.730076241381362));
#5095=CARTESIAN_POINT('',(0.0888350921863637,0.419291338582674,0.713343668012596));
#5096=CARTESIAN_POINT('',(0.0741890627375448,0.419291338582674,0.730076241381362));
#5097=CARTESIAN_POINT('',(0.0888350921863637,0.427165354330707,0.713343668012596));
#5098=CARTESIAN_POINT('',(0.0888350921863637,0.419291338582674,0.713343668012596));
#5099=CARTESIAN_POINT('',(0.0679064920091983,0.427165354330707,0.713343668012596));
#5100=CARTESIAN_POINT('',(0.0888350921863637,0.427165354330707,0.713343668012596));
#5101=CARTESIAN_POINT('',(0.0679064920091983,0.419291338582674,0.713343668012596));
#5102=CARTESIAN_POINT('',(0.0888350921863637,0.419291338582674,0.713343668012596));
#5103=CARTESIAN_POINT('',(0.0679064920091983,0.427165354330707,0.713343668012596));
#5104=CARTESIAN_POINT('',(0.0679064920091983,0.419291338582674,0.713343668012596));
#5105=CARTESIAN_POINT('',(0.0532604625616926,0.427165354330707,0.730076241381362));
#5106=CARTESIAN_POINT('',(0.0679064920091983,0.427165354330707,0.713343668012596));
#5107=CARTESIAN_POINT('',(0.0532604625616926,0.419291338582674,0.730076241381362));
#5108=CARTESIAN_POINT('',(0.0679064920091983,0.419291338582674,0.713343668012596));
#5109=CARTESIAN_POINT('',(0.0532604625616926,0.427165354330707,0.730076241381362));
#5110=CARTESIAN_POINT('',(0.0532604625616926,0.419291338582674,0.730076241381362));
#5111=CARTESIAN_POINT('',(0.0487769830393823,0.427165354330707,0.713343668012596));
#5112=CARTESIAN_POINT('',(0.0532604625616926,0.427165354330707,0.730076241381362));
#5113=CARTESIAN_POINT('',(0.0487769830393823,0.419291338582674,0.713343668012596));
#5114=CARTESIAN_POINT('',(0.0532604625616926,0.419291338582674,0.730076241381362));
#5115=CARTESIAN_POINT('',(0.0487769830393823,0.427165354330707,0.713343668012596));
#5116=CARTESIAN_POINT('',(0.0487769830393823,0.419291338582674,0.713343668012596));
#5117=CARTESIAN_POINT('',(0.0324734211430566,0.427165354330707,0.713343668012596));
#5118=CARTESIAN_POINT('',(0.0487769830393823,0.427165354330707,0.713343668012596));
#5119=CARTESIAN_POINT('',(0.0324734211430566,0.419291338582674,0.713343668012596));
#5120=CARTESIAN_POINT('',(0.0487769830393823,0.419291338582674,0.713343668012596));
#5121=CARTESIAN_POINT('',(0.0324734211430566,0.427165354330707,0.713343668012596));
#5122=CARTESIAN_POINT('',(0.0324734211430566,0.419291338582674,0.713343668012596));
#5123=CARTESIAN_POINT('',(0.0430226019475188,0.427165354330707,0.752713746752753));
#5124=CARTESIAN_POINT('',(0.0324734211430566,0.427165354330707,0.713343668012596));
#5125=CARTESIAN_POINT('',(0.0430226019475188,0.419291338582674,0.752713746752753));
#5126=CARTESIAN_POINT('',(0.0324734211430566,0.419291338582674,0.713343668012596));
#5127=CARTESIAN_POINT('',(0.0430226019475188,0.427165354330707,0.752713746752753));
#5128=CARTESIAN_POINT('',(0.0430226019475188,0.419291338582674,0.752713746752753));
#5129=CARTESIAN_POINT('',(0.0823926806876762,0.427165354330707,0.752713746752753));
#5130=CARTESIAN_POINT('',(0.0430226019475188,0.427165354330707,0.752713746752753));
#5131=CARTESIAN_POINT('',(0.0823926806876762,0.419291338582674,0.752713746752753));
#5132=CARTESIAN_POINT('',(0.0430226019475188,0.419291338582674,0.752713746752753));
#5133=CARTESIAN_POINT('',(0.0823926806876762,0.427165354330707,0.752713746752753));
#5134=CARTESIAN_POINT('',(0.0823926806876762,0.419291338582674,0.752713746752753));
#5135=CARTESIAN_POINT('',(0.0741890627375448,0.419291338582674,0.730076241381362));
#5136=CARTESIAN_POINT('',(0.0765890680253831,0.419291338582674,0.731582363434836));
#5137=CARTESIAN_POINT('',(0.0820160642488299,0.419291338582674,0.733878729628775));
#5138=CARTESIAN_POINT('',(0.0884879061524158,0.419291338582674,0.738236594155288));
#5139=CARTESIAN_POINT('',(0.0907706186541757,0.419291338582674,0.744220208653722));
#5140=CARTESIAN_POINT('',(0.0902439729042797,0.419291338582674,0.749460814427216));
#5141=CARTESIAN_POINT('',(0.0862767831601221,0.419291338582674,0.752525995763437));
#5142=CARTESIAN_POINT('',(0.0834338511341437,0.419291338582674,0.752851748484319));
#5143=CARTESIAN_POINT('',(0.0823926806876762,0.419291338582674,0.752713746752753));
#5144=CARTESIAN_POINT('',(0.0741890627375457,0.427165354330707,0.730076241381362));
#5145=CARTESIAN_POINT('',(0.076589068025384,0.427165354330707,0.731582363434836));
#5146=CARTESIAN_POINT('',(0.0820160642488303,0.427165354330707,0.733878729628775));
#5147=CARTESIAN_POINT('',(0.0884879061524158,0.427165354330707,0.738236594155288));
#5148=CARTESIAN_POINT('',(0.0907706186541757,0.427165354330707,0.744220208653722));
#5149=CARTESIAN_POINT('',(0.0902439729042797,0.427165354330707,0.749460814427216));
#5150=CARTESIAN_POINT('',(0.0862767831601221,0.427165354330707,0.752525995763437));
#5151=CARTESIAN_POINT('',(0.0834338511341437,0.427165354330707,0.752851748484319));
#5152=CARTESIAN_POINT('',(0.0823926806876762,0.427165354330707,0.752713746752753));
#5153=CARTESIAN_POINT('',(0.057638294914711,0.419291338582674,0.746414534154328));
#5154=CARTESIAN_POINT('',(0.0733863264107739,0.419291338582674,0.746414534154328));
#5155=CARTESIAN_POINT('',(0.0733863264107739,0.427165354330707,0.746414534154328));
#5156=CARTESIAN_POINT('',(0.057638294914711,0.427165354330707,0.746414534154328));
#5157=CARTESIAN_POINT('',(0.0733863264107739,0.419291338582674,0.746414534154328));
#5158=CARTESIAN_POINT('',(0.0733863264107739,0.427165354330707,0.746414534154328));
#5159=CARTESIAN_POINT('',(0.057638294914711,0.427165354330707,0.746414534154328));
#5160=CARTESIAN_POINT('',(0.057638294914711,0.419291338582674,0.746414534154328));
#5161=CARTESIAN_POINT('',(0.0733863264107739,0.419291338582674,0.746414534154328));
#5162=CARTESIAN_POINT('',(0.0734157674210276,0.419291338582674,0.746402121522153));
#5163=CARTESIAN_POINT('',(0.0741330839983785,0.419291338582674,0.746069584297142));
#5164=CARTESIAN_POINT('',(0.0751705130108815,0.419291338582674,0.743896763483574));
#5165=CARTESIAN_POINT('',(0.074280986237359,0.419291338582674,0.741077315804604));
#5166=CARTESIAN_POINT('',(0.0724452213200004,0.419291338582674,0.738054799682201));
#5167=CARTESIAN_POINT('',(0.0694882150018594,0.419291338582674,0.737267154246288));
#5168=CARTESIAN_POINT('',(0.0675558696633176,0.419291338582674,0.737050025049862));
#5169=CARTESIAN_POINT('',(0.0669175151443688,0.419291338582674,0.73696571525669));
#5170=CARTESIAN_POINT('',(0.0669175151443688,0.419291338582674,0.73696571525669));
#5171=CARTESIAN_POINT('',(0.0669175151443688,0.427165354330707,0.73696571525669));
#5172=CARTESIAN_POINT('',(0.0669175151443688,0.427165354330707,0.73696571525669));
#5173=CARTESIAN_POINT('',(0.0675558696633176,0.427165354330707,0.737050025049862));
#5174=CARTESIAN_POINT('',(0.0694882150018594,0.427165354330707,0.737267154246288));
#5175=CARTESIAN_POINT('',(0.0724452213200004,0.427165354330707,0.738054799682201));
#5176=CARTESIAN_POINT('',(0.074280986237359,0.427165354330707,0.741077315804604));
#5177=CARTESIAN_POINT('',(0.0751705130108815,0.427165354330707,0.743896763483574));
#5178=CARTESIAN_POINT('',(0.0741330839983785,0.427165354330707,0.746069584297142));
#5179=CARTESIAN_POINT('',(0.0734157674210276,0.427165354330707,0.746402121522153));
#5180=CARTESIAN_POINT('',(0.0733863264107739,0.427165354330707,0.746414534154328));
#5181=CARTESIAN_POINT('',(0.0669175151443688,0.419291338582674,0.73696571525669));
#5182=CARTESIAN_POINT('',(0.0551064915223216,0.419291338582674,0.73696571525669));
#5183=CARTESIAN_POINT('',(0.0551064915223216,0.427165354330707,0.73696571525669));
#5184=CARTESIAN_POINT('',(0.0669175151443688,0.427165354330707,0.73696571525669));
#5185=CARTESIAN_POINT('',(0.0551064915223216,0.419291338582674,0.73696571525669));
#5186=CARTESIAN_POINT('',(0.0551064915223216,0.427165354330707,0.73696571525669));
#5187=CARTESIAN_POINT('',(0.057638294914711,0.427165354330707,0.746414534154328));
#5188=CARTESIAN_POINT('',(0.0551064915223216,0.427165354330707,0.73696571525669));
#5189=CARTESIAN_POINT('',(0.0551064915223216,0.419291338582674,0.73696571525669));
#5190=CARTESIAN_POINT('',(0.057638294914711,0.419291338582674,0.746414534154328));
#5191=CARTESIAN_POINT('',(0.157611286150931,0.427165354330707,0.713343668012596));
#5192=CARTESIAN_POINT('',(0.173324113934396,0.427165354330707,0.713343668012596));
#5193=CARTESIAN_POINT('',(0.173324113934396,0.419291338582674,0.713343668012596));
#5194=CARTESIAN_POINT('',(0.173324113934396,0.427165354330707,0.713343668012596));
#5195=CARTESIAN_POINT('',(0.157611286150931,0.419291338582674,0.713343668012596));
#5196=CARTESIAN_POINT('',(0.173324113934396,0.419291338582674,0.713343668012596));
#5197=CARTESIAN_POINT('',(0.157611286150931,0.427165354330707,0.713343668012596));
#5198=CARTESIAN_POINT('',(0.157611286150931,0.419291338582674,0.713343668012596));
#5199=CARTESIAN_POINT('',(0.142930052990826,0.427165354330707,0.730076241381362));
#5200=CARTESIAN_POINT('',(0.157611286150931,0.427165354330707,0.713343668012596));
#5201=CARTESIAN_POINT('',(0.142930052990826,0.419291338582674,0.730076241381362));
#5202=CARTESIAN_POINT('',(0.157611286150931,0.419291338582674,0.713343668012596));
#5203=CARTESIAN_POINT('',(0.142930052990826,0.427165354330707,0.730076241381362));
#5204=CARTESIAN_POINT('',(0.142930052990826,0.419291338582674,0.730076241381362));
#5205=CARTESIAN_POINT('',(0.138446573468516,0.427165354330707,0.713343668012596));
#5206=CARTESIAN_POINT('',(0.142930052990826,0.427165354330707,0.730076241381362));
#5207=CARTESIAN_POINT('',(0.138446573468516,0.419291338582674,0.713343668012596));
#5208=CARTESIAN_POINT('',(0.142930052990826,0.419291338582674,0.730076241381362));
#5209=CARTESIAN_POINT('',(0.138446573468516,0.427165354330707,0.713343668012596));
#5210=CARTESIAN_POINT('',(0.138446573468516,0.419291338582674,0.713343668012596));
#5211=CARTESIAN_POINT('',(0.122143011572191,0.427165354330707,0.713343668012596));
#5212=CARTESIAN_POINT('',(0.138446573468516,0.427165354330707,0.713343668012596));
#5213=CARTESIAN_POINT('',(0.12214301157219,0.419291338582674,0.713343668012596));
#5214=CARTESIAN_POINT('',(0.138446573468516,0.419291338582674,0.713343668012596));
#5215=CARTESIAN_POINT('',(0.122143011572191,0.427165354330707,0.713343668012596));
#5216=CARTESIAN_POINT('',(0.12214301157219,0.419291338582674,0.713343668012596));
#5217=CARTESIAN_POINT('',(0.132692192376653,0.427165354330707,0.752713746752753));
#5218=CARTESIAN_POINT('',(0.122143011572191,0.427165354330707,0.713343668012596));
#5219=CARTESIAN_POINT('',(0.132692192376653,0.419291338582674,0.752713746752753));
#5220=CARTESIAN_POINT('',(0.12214301157219,0.419291338582674,0.713343668012596));
#5221=CARTESIAN_POINT('',(0.132692192376653,0.427165354330707,0.752713746752753));
#5222=CARTESIAN_POINT('',(0.132692192376653,0.419291338582674,0.752713746752753));
#5223=CARTESIAN_POINT('',(0.148995754272978,0.427165354330707,0.752713746752753));
#5224=CARTESIAN_POINT('',(0.132692192376653,0.427165354330707,0.752713746752753));
#5225=CARTESIAN_POINT('',(0.148995754272978,0.419291338582674,0.752713746752753));
#5226=CARTESIAN_POINT('',(0.132692192376653,0.419291338582674,0.752713746752753));
#5227=CARTESIAN_POINT('',(0.148995754272978,0.427165354330707,0.752713746752753));
#5228=CARTESIAN_POINT('',(0.148995754272978,0.419291338582674,0.752713746752753));
#5229=CARTESIAN_POINT('',(0.144919863799225,0.427165354330707,0.737502316418107));
#5230=CARTESIAN_POINT('',(0.148995754272978,0.427165354330707,0.752713746752753));
#5231=CARTESIAN_POINT('',(0.144919863799225,0.419291338582674,0.737502316418107));
#5232=CARTESIAN_POINT('',(0.148995754272978,0.419291338582674,0.752713746752753));
#5233=CARTESIAN_POINT('',(0.144919863799225,0.427165354330707,0.737502316418107));
#5234=CARTESIAN_POINT('',(0.144919863799225,0.419291338582674,0.737502316418107));
#5235=CARTESIAN_POINT('',(0.164575232177178,0.427165354330707,0.752713746752753));
#5236=CARTESIAN_POINT('',(0.144919863799225,0.427165354330707,0.737502316418107));
#5237=CARTESIAN_POINT('',(0.164575232177177,0.419291338582674,0.752713746752753));
#5238=CARTESIAN_POINT('',(0.144919863799225,0.419291338582674,0.737502316418107));
#5239=CARTESIAN_POINT('',(0.164575232177178,0.427165354330707,0.752713746752753));
#5240=CARTESIAN_POINT('',(0.164575232177177,0.419291338582674,0.752713746752753));
#5241=CARTESIAN_POINT('',(0.183873294738857,0.427165354330707,0.752713746752753));
#5242=CARTESIAN_POINT('',(0.164575232177178,0.427165354330707,0.752713746752753));
#5243=CARTESIAN_POINT('',(0.183873294738857,0.419291338582674,0.752713746752753));
#5244=CARTESIAN_POINT('',(0.164575232177177,0.419291338582674,0.752713746752753));
#5245=CARTESIAN_POINT('',(0.183873294738857,0.427165354330707,0.752713746752753));
#5246=CARTESIAN_POINT('',(0.183873294738857,0.419291338582674,0.752713746752753));
#5247=CARTESIAN_POINT('',(0.157016911658805,0.427165354330707,0.731929399575588));
#5248=CARTESIAN_POINT('',(0.183873294738857,0.427165354330707,0.752713746752753));
#5249=CARTESIAN_POINT('',(0.157016911658805,0.419291338582674,0.731929399575588));
#5250=CARTESIAN_POINT('',(0.183873294738857,0.419291338582674,0.752713746752753));
#5251=CARTESIAN_POINT('',(0.157016911658805,0.427165354330707,0.731929399575588));
#5252=CARTESIAN_POINT('',(0.157016911658805,0.419291338582674,0.731929399575588));
#5253=CARTESIAN_POINT('',(0.173324113934396,0.427165354330707,0.713343668012596));
#5254=CARTESIAN_POINT('',(0.157016911658805,0.427165354330707,0.731929399575588));
#5255=CARTESIAN_POINT('',(0.173324113934396,0.419291338582674,0.713343668012596));
#5256=CARTESIAN_POINT('',(0.157016911658805,0.419291338582674,0.731929399575588));
#5257=CARTESIAN_POINT('',(-0.0896430144330578,0.427165354330707,0.743264927855115));
#5258=CARTESIAN_POINT('',(-0.0871112110406698,0.427165354330707,0.752713746752753));
#5259=CARTESIAN_POINT('',(-0.0871112110406702,0.419291338582674,0.752713746752753));
#5260=CARTESIAN_POINT('',(-0.0871112110406698,0.427165354330707,0.752713746752753));
#5261=CARTESIAN_POINT('',(-0.0896430144330578,0.419291338582674,0.743264927855116));
#5262=CARTESIAN_POINT('',(-0.0871112110406702,0.419291338582674,0.752713746752753));
#5263=CARTESIAN_POINT('',(-0.0896430144330578,0.427165354330707,0.743264927855115));
#5264=CARTESIAN_POINT('',(-0.0896430144330578,0.419291338582674,0.743264927855116));
#5265=CARTESIAN_POINT('',(-0.120583547024922,0.427165354330707,0.743264927855115));
#5266=CARTESIAN_POINT('',(-0.0896430144330578,0.427165354330707,0.743264927855115));
#5267=CARTESIAN_POINT('',(-0.120583547024922,0.419291338582674,0.743264927855116));
#5268=CARTESIAN_POINT('',(-0.0896430144330578,0.419291338582674,0.743264927855116));
#5269=CARTESIAN_POINT('',(-0.120583547024922,0.427165354330707,0.743264927855115));
#5270=CARTESIAN_POINT('',(-0.120583547024922,0.419291338582674,0.743264927855116));
#5271=CARTESIAN_POINT('',(-0.122060432337258,0.427165354330707,0.737753116831493));
#5272=CARTESIAN_POINT('',(-0.120583547024922,0.427165354330707,0.743264927855115));
#5273=CARTESIAN_POINT('',(-0.122060432337258,0.419291338582674,0.737753116831493));
#5274=CARTESIAN_POINT('',(-0.120583547024922,0.419291338582674,0.743264927855116));
#5275=CARTESIAN_POINT('',(-0.122060432337258,0.427165354330707,0.737753116831493));
#5276=CARTESIAN_POINT('',(-0.122060432337258,0.419291338582674,0.737753116831493));
#5277=CARTESIAN_POINT('',(-0.0984383850931636,0.427165354330707,0.737753116831493));
#5278=CARTESIAN_POINT('',(-0.122060432337258,0.427165354330707,0.737753116831493));
#5279=CARTESIAN_POINT('',(-0.0984383850931636,0.419291338582674,0.737753116831493));
#5280=CARTESIAN_POINT('',(-0.122060432337258,0.419291338582674,0.737753116831493));
#5281=CARTESIAN_POINT('',(-0.0984383850931636,0.427165354330707,0.737753116831493));
#5282=CARTESIAN_POINT('',(-0.0984383850931636,0.419291338582674,0.737753116831493));
#5283=CARTESIAN_POINT('',(-0.100970188486864,0.427165354330707,0.728304297933856));
#5284=CARTESIAN_POINT('',(-0.0984383850931636,0.427165354330707,0.737753116831493));
#5285=CARTESIAN_POINT('',(-0.100970188486864,0.419291338582674,0.728304297933856));
#5286=CARTESIAN_POINT('',(-0.0984383850931636,0.419291338582674,0.737753116831493));
#5287=CARTESIAN_POINT('',(-0.100970188486864,0.427165354330707,0.728304297933856));
#5288=CARTESIAN_POINT('',(-0.100970188486864,0.419291338582674,0.728304297933856));
#5289=CARTESIAN_POINT('',(-0.124592235730959,0.427165354330707,0.728304297933856));
#5290=CARTESIAN_POINT('',(-0.100970188486864,0.427165354330707,0.728304297933856));
#5291=CARTESIAN_POINT('',(-0.124592235730959,0.419291338582674,0.728304297933856));
#5292=CARTESIAN_POINT('',(-0.100970188486864,0.419291338582674,0.728304297933856));
#5293=CARTESIAN_POINT('',(-0.124592235730959,0.427165354330707,0.728304297933856));
#5294=CARTESIAN_POINT('',(-0.124592235730959,0.419291338582674,0.728304297933856));
#5295=CARTESIAN_POINT('',(-0.126069121043295,0.427165354330707,0.722792486910233));
#5296=CARTESIAN_POINT('',(-0.124592235730959,0.427165354330707,0.728304297933856));
#5297=CARTESIAN_POINT('',(-0.126069121043295,0.419291338582674,0.722792486910234));
#5298=CARTESIAN_POINT('',(-0.124592235730959,0.419291338582674,0.728304297933856));
#5299=CARTESIAN_POINT('',(-0.126069121043295,0.427165354330707,0.722792486910233));
#5300=CARTESIAN_POINT('',(-0.126069121043295,0.419291338582674,0.722792486910234));
#5301=CARTESIAN_POINT('',(-0.0951285884514299,0.427165354330707,0.722792486910233));
#5302=CARTESIAN_POINT('',(-0.126069121043295,0.427165354330707,0.722792486910233));
#5303=CARTESIAN_POINT('',(-0.0951285884514304,0.419291338582674,0.722792486910234));
#5304=CARTESIAN_POINT('',(-0.126069121043295,0.419291338582674,0.722792486910234));
#5305=CARTESIAN_POINT('',(-0.0951285884514299,0.427165354330707,0.722792486910233));
#5306=CARTESIAN_POINT('',(-0.0951285884514304,0.419291338582674,0.722792486910234));
#5307=CARTESIAN_POINT('',(-0.0976603918451311,0.427165354330707,0.713343668012596));
#5308=CARTESIAN_POINT('',(-0.0951285884514299,0.427165354330707,0.722792486910233));
#5309=CARTESIAN_POINT('',(-0.0976603918451315,0.419291338582674,0.713343668012596));
#5310=CARTESIAN_POINT('',(-0.0951285884514304,0.419291338582674,0.722792486910234));
#5311=CARTESIAN_POINT('',(-0.0976603918451311,0.427165354330707,0.713343668012596));
#5312=CARTESIAN_POINT('',(-0.0976603918451315,0.419291338582674,0.713343668012596));
#5313=CARTESIAN_POINT('',(-0.14490448633332,0.427165354330707,0.713343668012596));
#5314=CARTESIAN_POINT('',(-0.0976603918451311,0.427165354330707,0.713343668012596));
#5315=CARTESIAN_POINT('',(-0.14490448633332,0.419291338582674,0.713343668012596));
#5316=CARTESIAN_POINT('',(-0.0976603918451315,0.419291338582674,0.713343668012596));
#5317=CARTESIAN_POINT('',(-0.14490448633332,0.427165354330707,0.713343668012596));
#5318=CARTESIAN_POINT('',(-0.14490448633332,0.419291338582674,0.713343668012596));
#5319=CARTESIAN_POINT('',(-0.13435530552886,0.427165354330707,0.752713746752753));
#5320=CARTESIAN_POINT('',(-0.14490448633332,0.427165354330707,0.713343668012596));
#5321=CARTESIAN_POINT('',(-0.13435530552886,0.419291338582674,0.752713746752753));
#5322=CARTESIAN_POINT('',(-0.14490448633332,0.419291338582674,0.713343668012596));
#5323=CARTESIAN_POINT('',(-0.13435530552886,0.427165354330707,0.752713746752753));
#5324=CARTESIAN_POINT('',(-0.13435530552886,0.419291338582674,0.752713746752753));
#5325=CARTESIAN_POINT('',(-0.0871112110406698,0.427165354330707,0.752713746752753));
#5326=CARTESIAN_POINT('',(-0.13435530552886,0.427165354330707,0.752713746752753));
#5327=CARTESIAN_POINT('',(-0.0871112110406702,0.419291338582674,0.752713746752753));
#5328=CARTESIAN_POINT('',(-0.13435530552886,0.419291338582674,0.752713746752753));
#5329=CARTESIAN_POINT('',(0.112360874434396,0.427165354330707,0.713343668012596));
#5330=CARTESIAN_POINT('',(0.122910055238858,0.427165354330707,0.752713746752753));
#5331=CARTESIAN_POINT('',(0.122910055238857,0.419291338582674,0.752713746752753));
#5332=CARTESIAN_POINT('',(0.122910055238858,0.427165354330707,0.752713746752753));
#5333=CARTESIAN_POINT('',(0.112360874434396,0.419291338582674,0.713343668012596));
#5334=CARTESIAN_POINT('',(0.122910055238857,0.419291338582674,0.752713746752753));
#5335=CARTESIAN_POINT('',(0.112360874434396,0.427165354330707,0.713343668012596));
#5336=CARTESIAN_POINT('',(0.112360874434396,0.419291338582674,0.713343668012596));
#5337=CARTESIAN_POINT('',(0.0960573125393827,0.427165354330707,0.713343668012596));
#5338=CARTESIAN_POINT('',(0.112360874434396,0.427165354330707,0.713343668012596));
#5339=CARTESIAN_POINT('',(0.0960573125393822,0.419291338582674,0.713343668012596));
#5340=CARTESIAN_POINT('',(0.112360874434396,0.419291338582674,0.713343668012596));
#5341=CARTESIAN_POINT('',(0.0960573125393827,0.427165354330707,0.713343668012596));
#5342=CARTESIAN_POINT('',(0.0960573125393822,0.419291338582674,0.713343668012596));
#5343=CARTESIAN_POINT('',(0.106606493342532,0.427165354330707,0.752713746752753));
#5344=CARTESIAN_POINT('',(0.0960573125393827,0.427165354330707,0.713343668012596));
#5345=CARTESIAN_POINT('',(0.106606493342532,0.419291338582674,0.752713746752753));
#5346=CARTESIAN_POINT('',(0.0960573125393822,0.419291338582674,0.713343668012596));
#5347=CARTESIAN_POINT('',(0.106606493342532,0.427165354330707,0.752713746752753));
#5348=CARTESIAN_POINT('',(0.106606493342532,0.419291338582674,0.752713746752753));
#5349=CARTESIAN_POINT('',(0.122910055238858,0.427165354330707,0.752713746752753));
#5350=CARTESIAN_POINT('',(0.106606493342532,0.427165354330707,0.752713746752753));
#5351=CARTESIAN_POINT('',(0.122910055238857,0.419291338582674,0.752713746752753));
#5352=CARTESIAN_POINT('',(0.106606493342532,0.419291338582674,0.752713746752753));
#5353=CARTESIAN_POINT('',(-0.165478817059042,0.427165354330707,0.733912374555902));
#5354=CARTESIAN_POINT('',(-0.178427197148282,0.427165354330707,0.752713746752753));
#5355=CARTESIAN_POINT('',(-0.178427197148282,0.419291338582674,0.752713746752753));
#5356=CARTESIAN_POINT('',(-0.178427197148282,0.427165354330707,0.752713746752753));
#5357=CARTESIAN_POINT('',(-0.165478817059043,0.419291338582674,0.733912374555902));
#5358=CARTESIAN_POINT('',(-0.178427197148282,0.419291338582674,0.752713746752753));
#5359=CARTESIAN_POINT('',(-0.165478817059042,0.427165354330707,0.733912374555902));
#5360=CARTESIAN_POINT('',(-0.165478817059043,0.419291338582674,0.733912374555902));
#5361=CARTESIAN_POINT('',(-0.160441004561667,0.427165354330707,0.752713746752753));
#5362=CARTESIAN_POINT('',(-0.165478817059042,0.427165354330707,0.733912374555902));
#5363=CARTESIAN_POINT('',(-0.160441004561668,0.419291338582674,0.752713746752753));
#5364=CARTESIAN_POINT('',(-0.165478817059043,0.419291338582674,0.733912374555902));
#5365=CARTESIAN_POINT('',(-0.160441004561667,0.427165354330707,0.752713746752753));
#5366=CARTESIAN_POINT('',(-0.160441004561668,0.419291338582674,0.752713746752753));
#5367=CARTESIAN_POINT('',(-0.144137442666655,0.427165354330707,0.752713746752753));
#5368=CARTESIAN_POINT('',(-0.160441004561667,0.427165354330707,0.752713746752753));
#5369=CARTESIAN_POINT('',(-0.144137442666655,0.419291338582674,0.752713746752753));
#5370=CARTESIAN_POINT('',(-0.160441004561668,0.419291338582674,0.752713746752753));
#5371=CARTESIAN_POINT('',(-0.144137442666655,0.427165354330707,0.752713746752753));
#5372=CARTESIAN_POINT('',(-0.144137442666655,0.419291338582674,0.752713746752753));
#5373=CARTESIAN_POINT('',(-0.154686623471117,0.427165354330707,0.713343668012596));
#5374=CARTESIAN_POINT('',(-0.144137442666655,0.427165354330707,0.752713746752753));
#5375=CARTESIAN_POINT('',(-0.154686623471117,0.419291338582674,0.713343668012596));
#5376=CARTESIAN_POINT('',(-0.144137442666655,0.419291338582674,0.752713746752753));
#5377=CARTESIAN_POINT('',(-0.154686623471117,0.427165354330707,0.713343668012596));
#5378=CARTESIAN_POINT('',(-0.154686623471117,0.419291338582674,0.713343668012596));
#5379=CARTESIAN_POINT('',(-0.17043465496718,0.427165354330707,0.713343668012596));
#5380=CARTESIAN_POINT('',(-0.154686623471117,0.427165354330707,0.713343668012596));
#5381=CARTESIAN_POINT('',(-0.17043465496718,0.419291338582674,0.713343668012596));
#5382=CARTESIAN_POINT('',(-0.154686623471117,0.419291338582674,0.713343668012596));
#5383=CARTESIAN_POINT('',(-0.17043465496718,0.427165354330707,0.713343668012596));
#5384=CARTESIAN_POINT('',(-0.17043465496718,0.419291338582674,0.713343668012596));
#5385=CARTESIAN_POINT('',(-0.183383035056418,0.427165354330707,0.732145040210758));
#5386=CARTESIAN_POINT('',(-0.17043465496718,0.427165354330707,0.713343668012596));
#5387=CARTESIAN_POINT('',(-0.183383035056418,0.419291338582674,0.732145040210758));
#5388=CARTESIAN_POINT('',(-0.17043465496718,0.419291338582674,0.713343668012596));
#5389=CARTESIAN_POINT('',(-0.183383035056418,0.427165354330707,0.732145040210758));
#5390=CARTESIAN_POINT('',(-0.183383035056418,0.419291338582674,0.732145040210758));
#5391=CARTESIAN_POINT('',(-0.188420847552482,0.427165354330707,0.713343668012596));
#5392=CARTESIAN_POINT('',(-0.183383035056418,0.427165354330707,0.732145040210758));
#5393=CARTESIAN_POINT('',(-0.188420847552482,0.419291338582674,0.713343668012596));
#5394=CARTESIAN_POINT('',(-0.183383035056418,0.419291338582674,0.732145040210758));
#5395=CARTESIAN_POINT('',(-0.188420847552482,0.427165354330707,0.713343668012596));
#5396=CARTESIAN_POINT('',(-0.188420847552482,0.419291338582674,0.713343668012596));
#5397=CARTESIAN_POINT('',(-0.204724409448806,0.427165354330707,0.713343668012596));
#5398=CARTESIAN_POINT('',(-0.188420847552482,0.427165354330707,0.713343668012596));
#5399=CARTESIAN_POINT('',(-0.204724409448807,0.419291338582674,0.713343668012596));
#5400=CARTESIAN_POINT('',(-0.188420847552482,0.419291338582674,0.713343668012596));
#5401=CARTESIAN_POINT('',(-0.204724409448806,0.427165354330707,0.713343668012596));
#5402=CARTESIAN_POINT('',(-0.204724409448807,0.419291338582674,0.713343668012596));
#5403=CARTESIAN_POINT('',(-0.194175228644345,0.427165354330707,0.752713746752753));
#5404=CARTESIAN_POINT('',(-0.204724409448806,0.427165354330707,0.713343668012596));
#5405=CARTESIAN_POINT('',(-0.194175228644345,0.419291338582674,0.752713746752753));
#5406=CARTESIAN_POINT('',(-0.204724409448807,0.419291338582674,0.713343668012596));
#5407=CARTESIAN_POINT('',(-0.194175228644345,0.427165354330707,0.752713746752753));
#5408=CARTESIAN_POINT('',(-0.194175228644345,0.419291338582674,0.752713746752753));
#5409=CARTESIAN_POINT('',(-0.178427197148282,0.427165354330707,0.752713746752753));
#5410=CARTESIAN_POINT('',(-0.194175228644345,0.427165354330707,0.752713746752753));
#5411=CARTESIAN_POINT('',(-0.178427197148282,0.419291338582674,0.752713746752753));
#5412=CARTESIAN_POINT('',(-0.194175228644345,0.419291338582674,0.752713746752753));
#5413=CARTESIAN_POINT('',(-0.0669181678648176,0.427165354330706,0.730722055698947));
#5414=CARTESIAN_POINT('',(-0.0610255120065493,0.427165354330707,0.752713746752753));
#5415=CARTESIAN_POINT('',(-0.0610255120065493,0.419291338582674,0.752713746752753));
#5416=CARTESIAN_POINT('',(-0.0610255120065493,0.427165354330707,0.752713746752753));
#5417=CARTESIAN_POINT('',(-0.0669181678648176,0.419291338582674,0.730722055698947));
#5418=CARTESIAN_POINT('',(-0.0610255120065493,0.419291338582674,0.752713746752753));
#5419=CARTESIAN_POINT('',(-0.0669181678648176,0.427165354330706,0.730722055698947));
#5420=CARTESIAN_POINT('',(-0.0669181678648176,0.419291338582674,0.730722055698947));
#5421=CARTESIAN_POINT('',(-0.0608335957309455,0.427165354330706,0.729091699508655));
#5422=CARTESIAN_POINT('',(-0.0608335957308255,0.427165354330706,0.722792486910281));
#5423=CARTESIAN_POINT('',(-0.0669181678648172,0.427165354330706,0.730722055698947));
#5424=CARTESIAN_POINT('',(-0.0608335957309465,0.419291338582674,0.729091699508655));
#5425=CARTESIAN_POINT('',(-0.0608335957308259,0.419291338582674,0.722792486910281));
#5426=CARTESIAN_POINT('',(-0.0669181678648176,0.419291338582674,0.730722055698947));
#5427=CARTESIAN_POINT('',(-0.0608335957308255,0.427165354330706,0.722792486910281));
#5428=CARTESIAN_POINT('',(-0.0608335957308259,0.419291338582674,0.722792486910281));
#5429=CARTESIAN_POINT('',(-0.0541486509106168,0.427165354330706,0.722792486910281));
#5430=CARTESIAN_POINT('',(-0.0608335957308255,0.427165354330706,0.722792486910281));
#5431=CARTESIAN_POINT('',(-0.0541486509106168,0.419291338582674,0.722792486910281));
#5432=CARTESIAN_POINT('',(-0.0608335957308259,0.419291338582674,0.722792486910281));
#5433=CARTESIAN_POINT('',(-0.0541486509106168,0.427165354330706,0.722792486910281));
#5434=CARTESIAN_POINT('',(-0.0541486509106168,0.419291338582674,0.722792486910281));
#5435=CARTESIAN_POINT('',(-0.0541486509106166,0.427165354330706,0.730666502658389));
#5436=CARTESIAN_POINT('',(-0.046542935742677,0.427165354330706,0.728628557422221));
#5437=CARTESIAN_POINT('',(-0.0541486509106168,0.427165354330706,0.722792486910281));
#5438=CARTESIAN_POINT('',(-0.0541486509106171,0.419291338582674,0.730666502658389));
#5439=CARTESIAN_POINT('',(-0.0465429357426775,0.419291338582674,0.728628557422221));
#5440=CARTESIAN_POINT('',(-0.0541486509106168,0.419291338582674,0.722792486910281));
#5441=CARTESIAN_POINT('',(-0.046542935742677,0.427165354330706,0.728628557422221));
#5442=CARTESIAN_POINT('',(-0.0465429357426774,0.419291338582674,0.728628557422221));
#5443=CARTESIAN_POINT('',(-0.040089328712493,0.427165354330707,0.752713746752929));
#5444=CARTESIAN_POINT('',(-0.046542935742677,0.427165354330706,0.728628557422221));
#5445=CARTESIAN_POINT('',(-0.040089328712493,0.419291338582674,0.752713746752929));
#5446=CARTESIAN_POINT('',(-0.0465429357426774,0.419291338582674,0.728628557422221));
#5447=CARTESIAN_POINT('',(-0.040089328712493,0.427165354330707,0.752713746752929));
#5448=CARTESIAN_POINT('',(-0.040089328712493,0.419291338582674,0.752713746752929));
#5449=CARTESIAN_POINT('',(-0.0237857668161665,0.427165354330707,0.752713746752929));
#5450=CARTESIAN_POINT('',(-0.040089328712493,0.427165354330707,0.752713746752929));
#5451=CARTESIAN_POINT('',(-0.023785766816167,0.419291338582674,0.752713746752929));
#5452=CARTESIAN_POINT('',(-0.040089328712493,0.419291338582674,0.752713746752929));
#5453=CARTESIAN_POINT('',(-0.0237857668161665,0.427165354330707,0.752713746752929));
#5454=CARTESIAN_POINT('',(-0.023785766816167,0.419291338582674,0.752713746752929));
#5455=CARTESIAN_POINT('',(-0.0304255216691856,0.427165354330706,0.727933844290987));
#5456=CARTESIAN_POINT('',(-0.0237857668161665,0.427165354330707,0.752713746752929));
#5457=CARTESIAN_POINT('',(-0.030425521669186,0.419291338582674,0.727933844290987));
#5458=CARTESIAN_POINT('',(-0.023785766816167,0.419291338582674,0.752713746752929));
#5459=CARTESIAN_POINT('',(-0.0304255216691856,0.427165354330706,0.727933844290987));
#5460=CARTESIAN_POINT('',(-0.030425521669186,0.419291338582674,0.727933844290987));
#5461=CARTESIAN_POINT('',(-0.0494398095882248,0.427165354330706,0.733028707382484));
#5462=CARTESIAN_POINT('',(-0.049439809587754,0.427165354330706,0.713343668012719));
#5463=CARTESIAN_POINT('',(-0.0304255216691856,0.427165354330706,0.727933844290987));
#5464=CARTESIAN_POINT('',(-0.0494398095882237,0.419291338582674,0.733028707382482));
#5465=CARTESIAN_POINT('',(-0.030425521669186,0.419291338582674,0.727933844290987));
#5466=CARTESIAN_POINT('',(-0.049439809587754,0.419291338582674,0.713343668012719));
#5467=CARTESIAN_POINT('',(-0.049439809587754,0.419291338582674,0.713343668012719));
#5468=CARTESIAN_POINT('',(-0.049439809587754,0.427165354330706,0.713343668012719));
#5469=CARTESIAN_POINT('',(-0.0673550204893287,0.427165354330706,0.713343668012719));
#5470=CARTESIAN_POINT('',(-0.049439809587754,0.427165354330706,0.713343668012719));
#5471=CARTESIAN_POINT('',(-0.0673550204893292,0.419291338582674,0.713343668012719));
#5472=CARTESIAN_POINT('',(-0.049439809587754,0.419291338582674,0.713343668012719));
#5473=CARTESIAN_POINT('',(-0.0673550204893287,0.427165354330706,0.713343668012719));
#5474=CARTESIAN_POINT('',(-0.0673550204893292,0.419291338582674,0.713343668012719));
#5475=CARTESIAN_POINT('',(-0.0673550204893287,0.427165354330706,0.729091699508616));
#5476=CARTESIAN_POINT('',(-0.082566450824135,0.427165354330706,0.733167589983724));
#5477=CARTESIAN_POINT('',(-0.0673550204893287,0.427165354330706,0.713343668012719));
#5478=CARTESIAN_POINT('',(-0.0673550204893294,0.419291338582674,0.729091699508615));
#5479=CARTESIAN_POINT('',(-0.0673550204893292,0.419291338582674,0.713343668012719));
#5480=CARTESIAN_POINT('',(-0.0825664508241351,0.419291338582674,0.733167589983724));
#5481=CARTESIAN_POINT('',(-0.0825664508241351,0.419291338582674,0.733167589983724));
#5482=CARTESIAN_POINT('',(-0.0825664508241351,0.427165354330706,0.733167589983724));
#5483=CARTESIAN_POINT('',(-0.0773290739028749,0.427165354330707,0.752713746752753));
#5484=CARTESIAN_POINT('',(-0.0825664508241351,0.427165354330706,0.733167589983724));
#5485=CARTESIAN_POINT('',(-0.0773290739028749,0.419291338582674,0.752713746752753));
#5486=CARTESIAN_POINT('',(-0.0825664508241351,0.419291338582674,0.733167589983724));
#5487=CARTESIAN_POINT('',(-0.0773290739028749,0.427165354330707,0.752713746752753));
#5488=CARTESIAN_POINT('',(-0.0773290739028749,0.419291338582674,0.752713746752753));
#5489=CARTESIAN_POINT('',(-0.0610255120065493,0.427165354330707,0.752713746752753));
#5490=CARTESIAN_POINT('',(-0.0773290739028749,0.427165354330707,0.752713746752753));
#5491=CARTESIAN_POINT('',(-0.0610255120065493,0.419291338582674,0.752713746752753));
#5492=CARTESIAN_POINT('',(-0.0773290739028749,0.419291338582674,0.752713746752753));
#5493=CARTESIAN_POINT('',(0.0307086614173355,0.427165354330707,0.743264927855115));
#5494=CARTESIAN_POINT('',(0.033240464809724,0.427165354330707,0.752713746752753));
#5495=CARTESIAN_POINT('',(0.033240464809724,0.419291338582674,0.752713746752753));
#5496=CARTESIAN_POINT('',(0.033240464809724,0.427165354330707,0.752713746752753));
#5497=CARTESIAN_POINT('',(0.0307086614173351,0.419291338582674,0.743264927855116));
#5498=CARTESIAN_POINT('',(0.033240464809724,0.419291338582674,0.752713746752753));
#5499=CARTESIAN_POINT('',(0.0307086614173355,0.427165354330707,0.743264927855115));
#5500=CARTESIAN_POINT('',(0.0307086614173351,0.419291338582674,0.743264927855116));
#5501=CARTESIAN_POINT('',(0.0163035618963379,0.427165354330707,0.743264927855115));
#5502=CARTESIAN_POINT('',(0.0307086614173355,0.427165354330707,0.743264927855115));
#5503=CARTESIAN_POINT('',(0.0163035618963379,0.419291338582674,0.743264927855116));
#5504=CARTESIAN_POINT('',(0.0307086614173351,0.419291338582674,0.743264927855116));
#5505=CARTESIAN_POINT('',(0.0163035618963379,0.427165354330707,0.743264927855115));
#5506=CARTESIAN_POINT('',(0.0163035618963379,0.419291338582674,0.743264927855116));
#5507=CARTESIAN_POINT('',(0.0082861844842641,0.427165354330707,0.713343668012596));
#5508=CARTESIAN_POINT('',(0.0163035618963379,0.427165354330707,0.743264927855115));
#5509=CARTESIAN_POINT('',(0.0082861844842641,0.419291338582674,0.713343668012596));
#5510=CARTESIAN_POINT('',(0.0163035618963379,0.419291338582674,0.743264927855116));
#5511=CARTESIAN_POINT('',(0.0082861844842641,0.427165354330707,0.713343668012596));
#5512=CARTESIAN_POINT('',(0.0082861844842641,0.419291338582674,0.713343668012596));
#5513=CARTESIAN_POINT('',(-0.00801737741206154,0.427165354330707,0.713343668012596));
#5514=CARTESIAN_POINT('',(0.0082861844842641,0.427165354330707,0.713343668012596));
#5515=CARTESIAN_POINT('',(-0.00801737741206154,0.419291338582674,0.713343668012596));
#5516=CARTESIAN_POINT('',(0.0082861844842641,0.419291338582674,0.713343668012596));
#5517=CARTESIAN_POINT('',(-0.00801737741206154,0.427165354330707,0.713343668012596));
#5518=CARTESIAN_POINT('',(-0.00801737741206154,0.419291338582674,0.713343668012596));
#5519=CARTESIAN_POINT('',(1.13242748511766E-14,0.427165354330707,0.743264927855115));
#5520=CARTESIAN_POINT('',(-0.00801737741206154,0.427165354330707,0.713343668012596));
#5521=CARTESIAN_POINT('',(1.13242748511766E-14,0.419291338582674,0.743264927855116));
#5522=CARTESIAN_POINT('',(-0.00801737741206154,0.419291338582674,0.713343668012596));
#5523=CARTESIAN_POINT('',(1.13242748511766E-14,0.427165354330707,0.743264927855115));
#5524=CARTESIAN_POINT('',(1.13242748511766E-14,0.419291338582674,0.743264927855116));
#5525=CARTESIAN_POINT('',(-0.0165354330708538,0.427165354330707,0.743264927855115));
#5526=CARTESIAN_POINT('',(1.13242748511766E-14,0.427165354330707,0.743264927855115));
#5527=CARTESIAN_POINT('',(-0.0165354330708543,0.419291338582674,0.743264927855116));
#5528=CARTESIAN_POINT('',(1.13242748511766E-14,0.419291338582674,0.743264927855116));
#5529=CARTESIAN_POINT('',(-0.0165354330708538,0.427165354330707,0.743264927855115));
#5530=CARTESIAN_POINT('',(-0.0165354330708543,0.419291338582674,0.743264927855116));
#5531=CARTESIAN_POINT('',(-0.0140036296784658,0.427165354330707,0.752713746752753));
#5532=CARTESIAN_POINT('',(-0.0165354330708538,0.427165354330707,0.743264927855115));
#5533=CARTESIAN_POINT('',(-0.0140036296784658,0.419291338582674,0.752713746752753));
#5534=CARTESIAN_POINT('',(-0.0165354330708543,0.419291338582674,0.743264927855116));
#5535=CARTESIAN_POINT('',(-0.0140036296784658,0.427165354330707,0.752713746752753));
#5536=CARTESIAN_POINT('',(-0.0140036296784658,0.419291338582674,0.752713746752753));
#5537=CARTESIAN_POINT('',(0.033240464809724,0.427165354330707,0.752713746752753));
#5538=CARTESIAN_POINT('',(-0.0140036296784658,0.427165354330707,0.752713746752753));
#5539=CARTESIAN_POINT('',(0.033240464809724,0.419291338582674,0.752713746752753));
#5540=CARTESIAN_POINT('',(-0.0140036296784658,0.419291338582674,0.752713746752753));
#5541=CARTESIAN_POINT('',(-0.374015748031496,0.00393675612397537,1.08267716535433));
#5542=CARTESIAN_POINT('',(-0.305118110236221,0.00393675612397537,1.08267716535433));
#5543=CARTESIAN_POINT('',(-0.442913385826772,0.00393675612397537,1.08267716535433));
#5544=CARTESIAN_POINT('',(-0.442913385826772,0.00393675612397537,1.08267716535433));
#5545=CARTESIAN_POINT('',(-0.442913385826772,0.0452755905511832,1.08267716535433));
#5546=CARTESIAN_POINT('',(-0.374015748031497,0.0452755905511824,1.08267716535433));
#5547=CARTESIAN_POINT('',(-0.442913385826772,0.0452755905511832,1.08267716535433));
#5548=CARTESIAN_POINT('',(-0.305118110236221,0.0452755905511815,1.08267716535433));
#5549=CARTESIAN_POINT('',(-0.305118110236221,0.0452755905511832,1.08267716535433));
#5550=CARTESIAN_POINT('',(-0.305118110236221,0.00393675612397537,1.08267716535433));
#5551=CARTESIAN_POINT('',(-0.374015748031535,-0.0452759282811357,1.08267716535433));
#5552=CARTESIAN_POINT('',(-0.49212521977752,-0.0452759282811357,1.08267716535433));
#5553=CARTESIAN_POINT('',(-0.255906276285551,-0.0452759282811357,1.08267716535433));
#5554=CARTESIAN_POINT('',(-0.49212521977752,-0.0452759282811357,1.08267716535433));
#5555=CARTESIAN_POINT('',(-0.442913385826772,0.00393675612397537,1.08267716535433));
#5556=CARTESIAN_POINT('',(-0.305118110236221,0.00393675612397537,1.08267716535433));
#5557=CARTESIAN_POINT('',(-0.255906276285552,-0.0452759282811357,1.08267716535433));
#5558=CARTESIAN_POINT('',(-0.374015748031555,-0.0452759282811357,1.08267716535433));
#5559=CARTESIAN_POINT('',(-0.255906276285552,-0.0452759282811357,1.08267716535433));
#5560=CARTESIAN_POINT('',(-0.492125219777559,-0.0452759282811357,1.08267716535433));
#5561=CARTESIAN_POINT('',(-0.374015748031497,0.00393675612397537,1.08267716535433));
#5562=CARTESIAN_POINT('',(-0.305118110236221,0.00393675612397537,1.08267716535433));
#5563=CARTESIAN_POINT('',(-0.442913385826772,0.00393675612397537,1.08267716535433));
#5564=CARTESIAN_POINT('',(-0.374015748031497,0.0452755905511824,1.08267716535433));
#5565=CARTESIAN_POINT('',(-0.305118110236221,0.0452755905511832,1.08267716535433));
#5566=CARTESIAN_POINT('',(-0.442913385826772,0.0452755905511815,1.08267716535433));
#5567=CARTESIAN_POINT('',(0.374015748031496,0.00393675612397537,0.137795275590551));
#5568=CARTESIAN_POINT('',(0.442913385826772,0.00393675612397537,0.137795275590551));
#5569=CARTESIAN_POINT('',(0.305118110236221,0.00393675612397537,0.137795275590551));
#5570=CARTESIAN_POINT('',(0.30511811023622,0.00393675612397537,0.137795275590551));
#5571=CARTESIAN_POINT('',(0.30511811023622,0.0452755905511832,0.137795275590551));
#5572=CARTESIAN_POINT('',(0.374015748031496,0.0452755905511824,0.137795275590551));
#5573=CARTESIAN_POINT('',(0.30511811023622,0.0452755905511832,0.137795275590551));
#5574=CARTESIAN_POINT('',(0.442913385826772,0.0452755905511815,0.137795275590551));
#5575=CARTESIAN_POINT('',(0.442913385826772,0.0452755905511832,0.137795275590551));
#5576=CARTESIAN_POINT('',(0.442913385826772,0.00393675612397537,0.137795275590551));
#5577=CARTESIAN_POINT('',(0.374015748031555,-0.0452759282811357,0.137795275590551));
#5578=CARTESIAN_POINT('',(0.255906276285551,-0.0452759282811357,0.137795275590551));
#5579=CARTESIAN_POINT('',(0.492125219777559,-0.0452759282811357,0.137795275590551));
#5580=CARTESIAN_POINT('',(0.442913385826772,0.00393675612397537,0.137795275590551));
#5581=CARTESIAN_POINT('',(0.492125219777519,-0.0452759282811357,0.137795275590551));
#5582=CARTESIAN_POINT('',(0.255906276285551,-0.0452759282811357,0.137795275590551));
#5583=CARTESIAN_POINT('',(0.30511811023622,0.00393675612397537,0.137795275590551));
#5584=CARTESIAN_POINT('',(0.374015748031535,-0.0452759282811357,0.137795275590551));
#5585=CARTESIAN_POINT('',(0.492125219777519,-0.0452759282811357,0.137795275590551));
#5586=CARTESIAN_POINT('',(0.255906276285551,-0.0452759282811357,0.137795275590551));
#5587=CARTESIAN_POINT('',(0.374015748031496,0.00393675612397537,0.137795275590551));
#5588=CARTESIAN_POINT('',(0.442913385826772,0.00393675612397537,0.137795275590551));
#5589=CARTESIAN_POINT('',(0.30511811023622,0.00393675612397537,0.137795275590551));
#5590=CARTESIAN_POINT('',(0.374015748031496,0.0452755905511824,0.137795275590551));
#5591=CARTESIAN_POINT('',(0.442913385826772,0.0452755905511832,0.137795275590551));
#5592=CARTESIAN_POINT('',(0.305118110236221,0.0452755905511815,0.137795275590551));
#5593=CARTESIAN_POINT('',(0.464566929133858,0.0452755905511832,0.610236220472441));
#5594=CARTESIAN_POINT('',(0.4645688612003,0.636763779527561,0.610236224385798));
#5595=CARTESIAN_POINT('',(-1.96261557335472E-16,0.0452755905511824,0.610236220472441));
#5596=CARTESIAN_POINT('',(0.464566929133858,0.0452755905511832,0.610236220472441));
#5597=CARTESIAN_POINT('',(-0.464566929133859,0.0452755905511815,0.610236220472441));
#5598=CARTESIAN_POINT('',(0.,0.63676377952756,0.610236220472442));
#5599=CARTESIAN_POINT('',(0.4645688612003,0.636763779527561,0.610236224385798));
#5600=CARTESIAN_POINT('',(-0.4645688612003,0.636763779527559,0.610236220472441));
#5601=CARTESIAN_POINT('',(-0.4645688612003,0.636763779527561,0.610236216559084));
#5602=CARTESIAN_POINT('',(-0.464566929133859,0.0452755905511832,0.610236220472441));
#5603=CARTESIAN_POINT('',(-2.22044604925031E-16,0.0452755905511824,0.610236220472441));
#5604=CARTESIAN_POINT('',(-0.464566929133859,0.0452755905511832,0.610236220472441));
#5605=CARTESIAN_POINT('',(0.464566929133858,0.0452755905511815,0.610236220472441));
#5606=CARTESIAN_POINT('',(-1.11022302462516E-16,0.63676377952756,0.610236220472441));
#5607=CARTESIAN_POINT('',(-0.4645688612003,0.636763779527561,0.610236216559084));
#5608=CARTESIAN_POINT('',(0.464568861200299,0.636763779527559,0.610236220472441));
#5609=CARTESIAN_POINT('',(0.197120006072231,0.419291338582672,0.864719603844022));
#5610=CARTESIAN_POINT('',(0.198537729725974,0.419291338582678,0.862075731772684));
#5611=CARTESIAN_POINT('',(0.195282900262979,0.419291338582679,0.86234788671637));
#5612=CARTESIAN_POINT('',(0.254483383371586,0.419291338582684,0.807356226544673));
#5613=CARTESIAN_POINT('',(0.252111666243923,0.419291338582678,0.805519120735417));
#5614=CARTESIAN_POINT('',(0.251839511300237,0.41929133858268,0.808773950198419));
#5615=CARTESIAN_POINT('',(-0.159448818897638,0.419291338582674,0.610236220472441));
#5616=CARTESIAN_POINT('',(-2.22044604925031E-16,0.419291338582674,0.454724409448819));
#5617=CARTESIAN_POINT('',(0.159448818897638,0.419291338582674,0.610236220472441));
#5618=CARTESIAN_POINT('',(-1.57009245868378E-16,-0.0452755905511815,0.610236220472441));
#5619=CARTESIAN_POINT('',(0.464566929133858,-0.0452755905511815,0.610236220472441));
#5620=CARTESIAN_POINT('',(-0.464566929133858,-0.0452755905511815,0.610236220472441));
#5621=CARTESIAN_POINT('',(-0.464566929133859,-0.0452755905511815,0.610236220472441));
#5622=CARTESIAN_POINT('',(-0.464573507114723,-0.143574803149594,0.610236214498218));
#5623=CARTESIAN_POINT('',(0.464573507114723,-0.143574803149594,0.610236226446664));
#5624=CARTESIAN_POINT('',(0.464566929133858,-0.0452755905511815,0.610236220472441));
#5625=CARTESIAN_POINT('',(-3.9252312255788E-17,-0.143574803149594,0.610236220472441));
#5626=CARTESIAN_POINT('',(0.464573507114723,-0.143574803149594,0.610236226446664));
#5627=CARTESIAN_POINT('',(-0.464573507114723,-0.143574803149594,0.610236210017662));
#5628=CARTESIAN_POINT('',(-2.22044604925031E-16,-0.0452755905511815,0.610236220472441));
#5629=CARTESIAN_POINT('',(-0.464566929133859,-0.0452755905511815,0.610236220472441));
#5630=CARTESIAN_POINT('',(0.464566929133858,-0.0452755905511815,0.610236220472441));
#5631=CARTESIAN_POINT('',(-1.9626156127894E-16,-0.143574803149598,0.610236220472442));
#5632=CARTESIAN_POINT('',(-0.464573507114723,-0.143574803149594,0.610236214498218));
#5633=CARTESIAN_POINT('',(0.464573507114722,-0.143574803149601,0.61023623092722));
#5634=CARTESIAN_POINT('',(-1.22552262835655E-6,-0.151574802809922,0.610234555905293));
#5635=CARTESIAN_POINT('',(-0.120339046688773,-0.151574803149607,0.306294483553701));
#5636=CARTESIAN_POINT('',(0.256810132347856,-0.151574802470236,0.812493511832648));
#5637=CARTESIAN_POINT('',(-4.71795673875897E-7,-0.151574802920223,0.610235460290522));
#5638=CARTESIAN_POINT('',(0.202259608214206,-0.151574802690838,0.867047356396275));
#5639=CARTESIAN_POINT('',(-0.120339046688773,-0.151574803149607,0.3062944835537));
#5640=CARTESIAN_POINT('',(0.217142918685518,-0.151574802580538,0.827379236757405));
#5641=CARTESIAN_POINT('',(0.256810132347857,-0.151574802470238,0.812493511832649));
#5642=CARTESIAN_POINT('',(0.202259608214206,-0.151574802690838,0.867047356396274));
#5643=CARTESIAN_POINT('',(-1.17756937045856E-15,-0.1515748031496,0.610236220472441));
#5644=CARTESIAN_POINT('',(0.456578242367491,-0.151574803149602,0.610236230726227));
#5645=CARTESIAN_POINT('',(-0.456578242367493,-0.151574803149598,0.610236210218655));
#5646=CARTESIAN_POINT('',(0.464573507114723,-0.143574803149594,0.610236226446664));
#5647=CARTESIAN_POINT('',(0.464575973808677,-0.151574803149263,0.610236228693006));
#5648=CARTESIAN_POINT('',(0.456578242367491,-0.151574803149602,0.610236230726227));
#5649=CARTESIAN_POINT('',(-0.456578242367491,-0.151574803149602,0.610236210218654));
#5650=CARTESIAN_POINT('',(-0.464575973808678,-0.151574803149263,0.610236212251875));
#5651=CARTESIAN_POINT('',(-0.464573507114723,-0.143574803149594,0.610236214498218));
#5652=CARTESIAN_POINT('',(-1.22124532708767E-15,-0.151574803149601,0.610236220472441));
#5653=CARTESIAN_POINT('',(-0.456578242367491,-0.151574803149602,0.610236210218654));
#5654=CARTESIAN_POINT('',(0.456578242367489,-0.1515748031496,0.610236230726227));
#5655=CARTESIAN_POINT('',(0.217143027293502,0.419291338582678,0.827379247765948));
#5656=CARTESIAN_POINT('',(0.251839511300237,0.41929133858268,0.808773950198419));
#5657=CARTESIAN_POINT('',(0.198537729711882,0.419291338582676,0.862075731765128));
#5658=CARTESIAN_POINT('',(0.217142925045378,-0.14857480557774,0.827379145569424));
#5659=CARTESIAN_POINT('',(0.254002551759152,-0.148574805489201,0.813547821587105));
#5660=CARTESIAN_POINT('',(0.20331316174149,-0.148574805635979,0.864239357879462));
#5661=CARTESIAN_POINT('',(0.198537729725974,0.419291338582678,0.862075731772684));
#5662=CARTESIAN_POINT('',(0.198537727690181,-0.143574803036778,0.86207573068103));
#5663=CARTESIAN_POINT('',(0.251839510208958,-0.143574803035655,0.80877394816331));
#5664=CARTESIAN_POINT('',(0.251839511300237,0.41929133858268,0.808773950198419));
#5665=CARTESIAN_POINT('',(0.198537727690181,-0.143574803036778,0.86207573068103));
#5666=CARTESIAN_POINT('',(0.19853748519135,-0.144178069291609,0.862075526774892));
#5667=CARTESIAN_POINT('',(0.198748280209277,-0.145457592966924,0.862189826772558));
#5668=CARTESIAN_POINT('',(0.199724679195703,-0.147152406437616,0.862696836045478));
#5669=CARTESIAN_POINT('',(0.201331305777929,-0.148316730480759,0.863454157538145));
#5670=CARTESIAN_POINT('',(0.202639121100685,-0.148574401663258,0.8639879921035));
#5671=CARTESIAN_POINT('',(0.203313161741489,-0.148574805635981,0.864239357879462));
#5672=CARTESIAN_POINT('',(0.254002551759152,-0.148574805489201,0.813547821587105));
#5673=CARTESIAN_POINT('',(0.25375142456842,-0.148574231206108,0.81287449031787));
#5674=CARTESIAN_POINT('',(0.253217718862755,-0.148316368423095,0.811567085613112));
#5675=CARTESIAN_POINT('',(0.2524605758251,-0.147152157342704,0.809960855145641));
#5676=CARTESIAN_POINT('',(0.251953618981379,-0.145457528384237,0.808984539066691));
#5677=CARTESIAN_POINT('',(0.251839311444047,-0.144178061943972,0.8087737196354));
#5678=CARTESIAN_POINT('',(0.251839510208958,-0.143574803035655,0.80877394816331));
#5679=CARTESIAN_POINT('',(-2.27139698475536E-13,0.419291338582678,0.610236220472261));
#5680=CARTESIAN_POINT('',(-0.117394050265786,0.419291338582679,0.313732695444583));
#5681=CARTESIAN_POINT('',(0.252111666248338,0.419291338582676,0.805519120729717));
#5682=CARTESIAN_POINT('',(-0.117394050265786,0.41929133858268,0.313732695444583));
#5683=CARTESIAN_POINT('',(-0.117394050265672,-0.143574803149606,0.31373269544487));
#5684=CARTESIAN_POINT('',(-9.76128033983007E-14,-0.143574803149607,0.610236220472364));
#5685=CARTESIAN_POINT('',(-0.117394050265672,-0.143574803149606,0.31373269544487));
#5686=CARTESIAN_POINT('',(0.252111666237301,-0.143574803149608,0.805519120743966));
#5687=CARTESIAN_POINT('',(0.252111666820885,-0.143574803149606,0.805519119990555));
#5688=CARTESIAN_POINT('',(0.252111666243923,0.419291338582678,0.805519120735417));
#5689=CARTESIAN_POINT('',(-2.306904667293E-13,0.419291338582678,0.610236220472262));
#5690=CARTESIAN_POINT('',(0.195282900262979,0.41929133858268,0.86234788671637));
#5691=CARTESIAN_POINT('',(-0.117394050265785,0.419291338582676,0.313732695444583));
#5692=CARTESIAN_POINT('',(0.195282900262979,0.41929133858268,0.86234788671637));
#5693=CARTESIAN_POINT('',(0.195282899517861,-0.143574803149606,0.862347887293525));
#5694=CARTESIAN_POINT('',(2.04003480774873E-15,-0.143574803149607,0.610236220472441));
#5695=CARTESIAN_POINT('',(0.195282899517861,-0.143574803149606,0.862347887293525));
#5696=CARTESIAN_POINT('',(-0.117394050265587,-0.143574803149608,0.313732695445085));
#5697=CARTESIAN_POINT('',(-0.12033904668869,-0.143574803145477,0.306294483553931));
#5698=CARTESIAN_POINT('',(-0.120339046688773,-0.151574803149607,0.306294483553701));
#5699=CARTESIAN_POINT('',(-0.117394050265672,-0.143574803149606,0.31373269544487));
#5700=CARTESIAN_POINT('',(0.256810132347857,-0.151574802470238,0.812493511832649));
#5701=CARTESIAN_POINT('',(0.256227558808801,-0.151573873515068,0.811522855628641));
#5702=CARTESIAN_POINT('',(0.255029111609847,-0.151161293220849,0.809628054606048));
#5703=CARTESIAN_POINT('',(0.253404459778893,-0.149298560996468,0.807274407962885));
#5704=CARTESIAN_POINT('',(0.252346838948432,-0.146587161340764,0.805831600419437));
#5705=CARTESIAN_POINT('',(0.252111261180707,-0.144540024574177,0.805518764181015));
#5706=CARTESIAN_POINT('',(0.252111666820885,-0.143574803149606,0.805519119990555));
#5707=CARTESIAN_POINT('',(0.195282899517861,-0.143574803149606,0.862347887293525));
#5708=CARTESIAN_POINT('',(0.195282551538237,-0.144540036275058,0.862347480182506));
#5709=CARTESIAN_POINT('',(0.19559542405685,-0.146587264683804,0.862583065869975));
#5710=CARTESIAN_POINT('',(0.197038488706516,-0.149298959283431,0.863640840052149));
#5711=CARTESIAN_POINT('',(0.199392854198591,-0.151161872484817,0.865265932845367));
#5712=CARTESIAN_POINT('',(0.201288320861053,-0.151574145552875,0.866464728375613));
#5713=CARTESIAN_POINT('',(0.202259608214206,-0.151574802690838,0.867047356396275));
#5714=CARTESIAN_POINT('',(0.19712000587977,-0.143574803093201,0.864719601542348));
#5715=CARTESIAN_POINT('',(0.198537727690181,-0.143574803036778,0.86207573068103));
#5716=CARTESIAN_POINT('',(0.195282899517861,-0.143574803149606,0.862347887293525));
#5717=CARTESIAN_POINT('',(0.254483381070681,-0.143574803092638,0.807356226352274));
#5718=CARTESIAN_POINT('',(0.252111666820885,-0.143574803149606,0.805519119990555));
#5719=CARTESIAN_POINT('',(0.251839510208958,-0.143574803035655,0.80877394816331));
#5720=CARTESIAN_POINT('',(0.203313161741489,-0.148574805635981,0.864239357879462));
#5721=CARTESIAN_POINT('',(0.203313544581024,-0.151574498972096,0.864239231420949));
#5722=CARTESIAN_POINT('',(0.202259608214206,-0.151574802690838,0.867047356396275));
#5723=CARTESIAN_POINT('',(0.256810132347857,-0.151574802470238,0.812493511832649));
#5724=CARTESIAN_POINT('',(0.254002026325135,-0.151574498788402,0.81354731993307));
#5725=CARTESIAN_POINT('',(0.254002551759152,-0.148574805489201,0.813547821587105));
#5726=CARTESIAN_POINT('',(-0.508811023622046,-0.0452755905511815,1.08267716535433));
#5727=CARTESIAN_POINT('',(-0.508811023622047,-0.0452755905511797,0.137795275590552));
#5728=CARTESIAN_POINT('',(0.374015748031496,-0.0452755905511815,1.21747244094488));
#5729=CARTESIAN_POINT('',(-0.374015748031496,-0.0452755905511815,1.21747244094488));
#5730=CARTESIAN_POINT('',(-0.374015748031496,-0.0452755905511797,0.00300000000000011));
#5731=CARTESIAN_POINT('',(0.374015748031496,-0.0452755905511815,0.00300000000000034));
#5732=CARTESIAN_POINT('',(0.508811023622047,-0.0452755905511815,0.137795275590551));
#5733=CARTESIAN_POINT('',(0.508811023622047,-0.0452755905511815,1.08267716535433));
#5734=CARTESIAN_POINT('',(0.511811023622047,-0.0422755905511814,0.137795275590551));
#5735=CARTESIAN_POINT('',(0.511811023622047,-0.0422755905511814,1.08267716535433));
#5736=CARTESIAN_POINT('',(0.508811023622047,-0.0422755905511814,1.08267716535433));
#5737=CARTESIAN_POINT('',(0.508811023622047,-0.0452755905511815,1.08267716535433));
#5738=CARTESIAN_POINT('',(0.511811023622047,-0.0422755905511814,1.08267716535433));
#5739=CARTESIAN_POINT('',(0.508811023622047,-0.0422755905511814,0.137795275590551));
#5740=CARTESIAN_POINT('',(0.511811023622047,-0.0422755905511814,0.137795275590551));
#5741=CARTESIAN_POINT('',(0.508811023622047,-0.0452755905511814,0.137795275590551));
#5742=CARTESIAN_POINT('',(-0.374015748031496,-0.0422755905511814,0.));
#5743=CARTESIAN_POINT('',(0.374015748031496,-0.0422755905511814,2.22044604925031E-16));
#5744=CARTESIAN_POINT('',(0.374015748031496,-0.0422755905511814,0.00300000000000027));
#5745=CARTESIAN_POINT('',(0.374015748031496,-0.0452755905511815,0.00300000000000034));
#5746=CARTESIAN_POINT('',(0.374015748031496,-0.0422755905511814,2.22044604925031E-16));
#5747=CARTESIAN_POINT('',(-0.374015748031493,-0.0422755905511867,0.00299999999999298));
#5748=CARTESIAN_POINT('',(-0.374015748031496,-0.0452755905511797,0.00300000000000011));
#5749=CARTESIAN_POINT('',(-0.374015748031496,-0.0422755905511814,3.46944695195361E-18));
#5750=CARTESIAN_POINT('',(-0.511811023622047,-0.0422755905511814,1.08267716535433));
#5751=CARTESIAN_POINT('',(-0.511811023622047,-0.0422755905511814,0.137795275590551));
#5752=CARTESIAN_POINT('',(-0.508811023622048,-0.0422755905511805,0.137795275590552));
#5753=CARTESIAN_POINT('',(-0.508811023622047,-0.0452755905511797,0.137795275590552));
#5754=CARTESIAN_POINT('',(-0.511811023622047,-0.0422755905511814,0.137795275590551));
#5755=CARTESIAN_POINT('',(-0.508811023622046,-0.0422755905511802,1.08267716535433));
#5756=CARTESIAN_POINT('',(-0.511811023622047,-0.0422755905511814,1.08267716535433));
#5757=CARTESIAN_POINT('',(-0.508811023622046,-0.0452755905511814,1.08267716535433));
#5758=CARTESIAN_POINT('',(0.374015748031496,-0.0422755905511814,1.22047244094488));
#5759=CARTESIAN_POINT('',(-0.374015748031496,-0.0422755905511814,1.22047244094488));
#5760=CARTESIAN_POINT('',(-0.374015748031496,-0.042275590551182,1.21747244094488));
#5761=CARTESIAN_POINT('',(-0.374015748031496,-0.0452755905511815,1.21747244094488));
#5762=CARTESIAN_POINT('',(-0.374015748031496,-0.0422755905511814,1.22047244094488));
#5763=CARTESIAN_POINT('',(0.374015748031496,-0.0422755905511819,1.21747244094488));
#5764=CARTESIAN_POINT('',(0.374015748031496,-0.0422755905511814,1.22047244094488));
#5765=CARTESIAN_POINT('',(0.374015748031496,-0.0452755905511815,1.21747244094488));
#5766=CARTESIAN_POINT('',(0.374015748031496,-0.0422755905511814,1.08267716535433));
#5767=CARTESIAN_POINT('',(0.374015748031496,-0.0422755905511814,1.22047244094488));
#5768=CARTESIAN_POINT('',(0.511811023622047,-0.0422755905511814,1.08267716535433));
#5769=CARTESIAN_POINT('',(0.374015748031496,-0.0452755905511815,1.08267716535433));
#5770=CARTESIAN_POINT('',(0.374015748031496,-0.0452755905511815,1.21747244094488));
#5771=CARTESIAN_POINT('',(0.508811023622047,-0.0452755905511815,1.08267716535433));
#5772=CARTESIAN_POINT('',(-0.374015748031496,-0.0422755905511814,1.08267716535433));
#5773=CARTESIAN_POINT('',(-0.511811023622047,-0.0422755905511814,1.08267716535433));
#5774=CARTESIAN_POINT('',(-0.374015748031497,-0.0422755905511814,1.22047244094488));
#5775=CARTESIAN_POINT('',(-0.374015748031496,-0.0452755905511815,1.08267716535433));
#5776=CARTESIAN_POINT('',(-0.508811023622046,-0.0452755905511815,1.08267716535433));
#5777=CARTESIAN_POINT('',(-0.374015748031497,-0.0452755905511815,1.21747244094488));
#5778=CARTESIAN_POINT('',(-0.374015748031496,-0.0422755905511814,0.137795275590552));
#5779=CARTESIAN_POINT('',(-0.374015748031496,-0.0422755905511814,0.));
#5780=CARTESIAN_POINT('',(-0.511811023622048,-0.0422755905511796,0.137795275590551));
#5781=CARTESIAN_POINT('',(-0.374015748031497,-0.0452755905511797,0.137795275590551));
#5782=CARTESIAN_POINT('',(-0.374015748031496,-0.0452755905511797,0.00300000000000011));
#5783=CARTESIAN_POINT('',(-0.508811023622048,-0.0452755905511797,0.137795275590552));
#5784=CARTESIAN_POINT('',(0.374015748031496,-0.0422755905511814,0.137795275590551));
#5785=CARTESIAN_POINT('',(0.511811023622047,-0.0422755905511814,0.137795275590551));
#5786=CARTESIAN_POINT('',(0.374015748031496,-0.0422755905511814,2.77555756156289E-17));
#5787=CARTESIAN_POINT('',(0.374015748031496,-0.0452755905511815,0.137795275590551));
#5788=CARTESIAN_POINT('',(0.508811023622047,-0.0452755905511815,0.137795275590551));
#5789=CARTESIAN_POINT('',(0.374015748031496,-0.0452755905511815,0.00300000000000056));
#5790=CARTESIAN_POINT('',(0.374015748031496,0.0422755905511831,1.08267716535433));
#5791=CARTESIAN_POINT('',(0.374015748031497,0.0422755905511831,1.22047244094488));
#5792=CARTESIAN_POINT('',(0.511811023622048,0.0422755905511814,1.08267716535433));
#5793=CARTESIAN_POINT('',(0.511811023622047,0.0422755905511831,1.08267716535433));
#5794=CARTESIAN_POINT('',(0.511811023622047,-0.0422755905511814,1.08267716535433));
#5795=CARTESIAN_POINT('',(0.374015748031497,0.0422755905511831,1.22047244094488));
#5796=CARTESIAN_POINT('',(0.374015748031496,-0.0422755905511814,1.22047244094488));
#5797=CARTESIAN_POINT('',(-0.374015748031496,0.0422755905511831,1.08267716535433));
#5798=CARTESIAN_POINT('',(-0.511811023622047,0.0422755905511831,1.08267716535433));
#5799=CARTESIAN_POINT('',(-0.374015748031497,0.0422755905511814,1.22047244094488));
#5800=CARTESIAN_POINT('',(-0.374015748031496,0.0422755905511831,1.22047244094488));
#5801=CARTESIAN_POINT('',(-0.374015748031496,-0.0422755905511814,1.22047244094488));
#5802=CARTESIAN_POINT('',(-0.511811023622047,0.0422755905511831,1.08267716535433));
#5803=CARTESIAN_POINT('',(-0.511811023622047,-0.0422755905511814,1.08267716535433));
#5804=CARTESIAN_POINT('',(-0.374015748031497,0.0422755905511813,0.137795275590552));
#5805=CARTESIAN_POINT('',(-0.374015748031496,0.0422755905511814,2.22044604925031E-16));
#5806=CARTESIAN_POINT('',(-0.511811023622048,0.0422755905511831,0.137795275590551));
#5807=CARTESIAN_POINT('',(-0.511811023622047,0.0422755905511814,0.137795275590551));
#5808=CARTESIAN_POINT('',(-0.511811023622047,-0.0422755905511814,0.137795275590551));
#5809=CARTESIAN_POINT('',(-0.374015748031496,0.0422755905511814,2.22044604925031E-16));
#5810=CARTESIAN_POINT('',(-0.374015748031496,-0.0422755905511814,0.));
#5811=CARTESIAN_POINT('',(0.511811023622047,-0.0422755905511814,0.137795275590551));
#5812=CARTESIAN_POINT('',(0.511811023622047,0.0422755905511831,0.137795275590551));
#5813=CARTESIAN_POINT('',(0.374015748031496,0.0422755905511831,0.137795275590551));
#5814=CARTESIAN_POINT('',(0.511811023622047,0.0422755905511831,0.137795275590551));
#5815=CARTESIAN_POINT('',(0.374015748031496,0.0422755905511814,0.));
#5816=CARTESIAN_POINT('',(0.374015748031496,0.0422755905511831,2.22044604925031E-16));
#5817=CARTESIAN_POINT('',(0.374015748031496,-0.0422755905511814,2.22044604925031E-16));
#5818=CARTESIAN_POINT('',(-0.374015748031496,0.0452755905511832,1.21747244094488));
#5819=CARTESIAN_POINT('',(0.374015748031497,0.0452755905511832,1.21747244094488));
#5820=CARTESIAN_POINT('',(0.374015748031496,0.0452755905511832,0.00300000000000034));
#5821=CARTESIAN_POINT('',(-0.374015748031496,0.0452755905511832,0.00300000000000011));
#5822=CARTESIAN_POINT('',(-0.508811023622047,0.0452755905511832,0.137795275590551));
#5823=CARTESIAN_POINT('',(-0.508811023622047,0.0452755905511832,1.08267716535433));
#5824=CARTESIAN_POINT('',(0.508811023622047,0.0452755905511832,1.08267716535433));
#5825=CARTESIAN_POINT('',(0.508811023622047,0.0452755905511832,0.137795275590551));
#5826=CARTESIAN_POINT('',(0.511811023622047,0.0422755905511831,1.08267716535433));
#5827=CARTESIAN_POINT('',(0.511811023622047,0.0422755905511831,0.137795275590551));
#5828=CARTESIAN_POINT('',(-0.374015748031496,0.0422755905511831,1.22047244094488));
#5829=CARTESIAN_POINT('',(0.374015748031497,0.0422755905511831,1.22047244094488));
#5830=CARTESIAN_POINT('',(-0.511811023622047,0.0422755905511814,0.137795275590551));
#5831=CARTESIAN_POINT('',(-0.511811023622047,0.0422755905511831,1.08267716535433));
#5832=CARTESIAN_POINT('',(0.374015748031496,0.0422755905511831,2.22044604925031E-16));
#5833=CARTESIAN_POINT('',(-0.374015748031496,0.0422755905511814,2.22044604925031E-16));
#5834=CARTESIAN_POINT('',(0.508811023622047,0.0422755905511824,1.08267716535433));
#5835=CARTESIAN_POINT('',(0.508811023622047,0.0452755905511832,1.08267716535433));
#5836=CARTESIAN_POINT('',(0.511811023622047,0.0422755905511831,1.08267716535433));
#5837=CARTESIAN_POINT('',(0.508811023622047,0.0422755905511829,0.137795275590552));
#5838=CARTESIAN_POINT('',(0.511811023622047,0.0422755905511831,0.137795275590551));
#5839=CARTESIAN_POINT('',(0.508811023622047,0.0452755905511833,0.137795275590551));
#5840=CARTESIAN_POINT('',(0.374015748031496,0.0452755905511833,1.08267716535433));
#5841=CARTESIAN_POINT('',(0.374015748031497,0.0452755905511832,1.21747244094488));
#5842=CARTESIAN_POINT('',(0.508811023622047,0.0452755905511815,1.08267716535433));
#5843=CARTESIAN_POINT('',(0.374015748031497,0.0422755905511831,1.21747244094488));
#5844=CARTESIAN_POINT('',(0.374015748031497,0.0422755905511831,1.22047244094488));
#5845=CARTESIAN_POINT('',(0.374015748031497,0.0452755905511834,1.21747244094488));
#5846=CARTESIAN_POINT('',(-0.374015748031497,0.0422755905511832,1.21747244094488));
#5847=CARTESIAN_POINT('',(-0.374015748031496,0.0452755905511832,1.21747244094488));
#5848=CARTESIAN_POINT('',(-0.374015748031496,0.0422755905511831,1.22047244094488));
#5849=CARTESIAN_POINT('',(-0.374015748031496,0.0452755905511833,1.08267716535433));
#5850=CARTESIAN_POINT('',(-0.508811023622047,0.0452755905511832,1.08267716535433));
#5851=CARTESIAN_POINT('',(-0.374015748031497,0.0452755905511815,1.21747244094488));
#5852=CARTESIAN_POINT('',(-0.50881102362205,0.0422755905511861,1.08267716535433));
#5853=CARTESIAN_POINT('',(-0.508811023622047,0.0452755905511832,1.08267716535433));
#5854=CARTESIAN_POINT('',(-0.511811023622047,0.0422755905511831,1.08267716535433));
#5855=CARTESIAN_POINT('',(-0.508811023622049,0.0422755905511846,0.137795275590552));
#5856=CARTESIAN_POINT('',(-0.511811023622047,0.0422755905511814,0.137795275590551));
#5857=CARTESIAN_POINT('',(-0.508811023622047,0.0452755905511832,0.137795275590551));
#5858=CARTESIAN_POINT('',(-0.374015748031496,0.0452755905511832,0.137795275590551));
#5859=CARTESIAN_POINT('',(-0.374015748031496,0.0452755905511832,0.00300000000000014));
#5860=CARTESIAN_POINT('',(-0.508811023622047,0.0452755905511815,0.137795275590551));
#5861=CARTESIAN_POINT('',(-0.374015748031497,0.0422755905511848,0.00299999999999868));
#5862=CARTESIAN_POINT('',(-0.374015748031496,0.0452755905511832,0.00300000000000011));
#5863=CARTESIAN_POINT('',(-0.374015748031496,0.0422755905511814,2.14238349283136E-16));
#5864=CARTESIAN_POINT('',(0.374015748031497,0.0422755905511841,0.00299999999999936));
#5865=CARTESIAN_POINT('',(0.374015748031496,0.0452755905511832,0.00300000000000034));
#5866=CARTESIAN_POINT('',(0.374015748031496,0.0422755905511831,2.25514051876985E-16));
#5867=CARTESIAN_POINT('',(0.374015748031496,0.0452755905511833,0.137795275590551));
#5868=CARTESIAN_POINT('',(0.508811023622047,0.0452755905511832,0.137795275590551));
#5869=CARTESIAN_POINT('',(0.374015748031496,0.0452755905511815,0.00300000000000056));
#5870=CARTESIAN_POINT('',(-2.22044604925031E-16,0.639763779527561,0.610236220472441));
#5871=CARTESIAN_POINT('',(-0.269685039370079,0.639763779527561,0.610236220472441));
#5872=CARTESIAN_POINT('',(0.269685039370078,0.639763779527561,0.610236220472441));
#5873=CARTESIAN_POINT('',(-0.269685039370079,0.639763779527557,0.610236220472441));
#5874=CARTESIAN_POINT('',(-0.269685039370079,0.684007874015748,0.610236220472441));
#5875=CARTESIAN_POINT('',(-2.22044604925031E-16,0.684007874015748,0.610236220472441));
#5876=CARTESIAN_POINT('',(-0.269685039370079,0.684007874015748,0.610236220472441));
#5877=CARTESIAN_POINT('',(0.269685039370078,0.684007874015748,0.610236220472441));
#5878=CARTESIAN_POINT('',(0.4615702884202,0.639763779527563,0.610236227286287));
#5879=CARTESIAN_POINT('',(0.461565092919913,0.639763779527569,0.618838802245289));
#5880=CARTESIAN_POINT('',(0.461334902209155,0.639763779527569,0.627436243948239));
#5881=CARTESIAN_POINT('',(0.460859292368714,0.639763779527569,0.636020320903455));
#5882=CARTESIAN_POINT('',(0.45662581385547,0.639763779527566,0.712428549362749));
#5883=CARTESIAN_POINT('',(0.432947625446542,0.639763779527558,0.78777788056801));
#5884=CARTESIAN_POINT('',(0.392707518791842,0.639763779527554,0.852876306334369));
#5885=CARTESIAN_POINT('',(0.350047199268521,0.63976377952755,0.921890031061505));
#5886=CARTESIAN_POINT('',(0.288772841658988,0.63976377952755,0.979382702404223));
#5887=CARTESIAN_POINT('',(0.217193868981191,0.639763779527548,1.01756584742039));
#5888=CARTESIAN_POINT('',(0.15071952625218,0.639763779527546,1.05302597451248));
#5889=CARTESIAN_POINT('',(0.0753579016418559,0.639763779527543,1.07183247579498));
#5890=CARTESIAN_POINT('',(-9.63999500364076E-7,0.639763779527543,1.07183268126584));
#5891=CARTESIAN_POINT('',(-0.0753598296408566,0.639763779527543,1.0718328867367));
#5892=CARTESIAN_POINT('',(-0.150715936313244,0.639763779527546,1.05302679639593));
#5893=CARTESIAN_POINT('',(-0.217191513008218,0.639763779527547,1.01756615162831));
#5894=CARTESIAN_POINT('',(-0.288771814409432,0.639763779527548,0.9793824491838));
#5895=CARTESIAN_POINT('',(-0.350055329431918,0.639763779527548,0.921888143700694));
#5896=CARTESIAN_POINT('',(-0.392709705719046,0.63976377952755,0.852875951242227));
#5897=CARTESIAN_POINT('',(-0.437463886132554,0.639763779527552,0.780466403128635));
#5898=CARTESIAN_POINT('',(-0.461709618266923,0.639763779527558,0.695377042347653));
#5899=CARTESIAN_POINT('',(-0.461570288420201,0.639763779527563,0.610236213658595));
#5900=CARTESIAN_POINT('',(-0.159448818897638,0.68700787401575,0.610236220472441));
#5901=CARTESIAN_POINT('',(-2.22044604925031E-16,0.68700787401575,0.454724409448819));
#5902=CARTESIAN_POINT('',(0.159448818897638,0.68700787401575,0.610236220472441));
#5903=CARTESIAN_POINT('',(0.4615702884202,0.639763779527563,0.610236227286287));
#5904=CARTESIAN_POINT('',(0.464569585715499,0.639763779527662,0.610236225863616));
#5905=CARTESIAN_POINT('',(0.4645688612003,0.636763779527561,0.610236224385798));
#5906=CARTESIAN_POINT('',(-0.4645688612003,0.636763779527561,0.610236216559084));
#5907=CARTESIAN_POINT('',(-0.46456958571525,0.639763779527419,0.610236215081268));
#5908=CARTESIAN_POINT('',(-0.461570288420201,0.639763779527563,0.610236213658595));
#5909=CARTESIAN_POINT('',(-0.461570288420201,0.639763779527563,0.610236213658595));
#5910=CARTESIAN_POINT('',(-0.461565092919913,0.639763779527568,0.601633638699595));
#5911=CARTESIAN_POINT('',(-0.461334902209156,0.639763779527566,0.593036196996644));
#5912=CARTESIAN_POINT('',(-0.460859292368714,0.639763779527564,0.584452120041427));
#5913=CARTESIAN_POINT('',(-0.456625813855471,0.639763779527546,0.508043891582131));
#5914=CARTESIAN_POINT('',(-0.432947625446544,0.639763779527543,0.432694560376873));
#5915=CARTESIAN_POINT('',(-0.392707518791845,0.639763779527542,0.367596134610516));
#5916=CARTESIAN_POINT('',(-0.350047199268525,0.63976377952754,0.298582409883381));
#5917=CARTESIAN_POINT('',(-0.288772841658993,0.639763779527541,0.241089738540663));
#5918=CARTESIAN_POINT('',(-0.217193868981196,0.639763779527541,0.2029065935245));
#5919=CARTESIAN_POINT('',(-0.150719526252184,0.63976377952754,0.167446466432409));
#5920=CARTESIAN_POINT('',(-0.0753579016418588,0.639763779527539,0.148639965149909));
#5921=CARTESIAN_POINT('',(9.63999497713421E-7,0.639763779527538,0.148639759679045));
#5922=CARTESIAN_POINT('',(0.0753598296408545,0.639763779527537,0.148639554208181));
#5923=CARTESIAN_POINT('',(0.150715936313243,0.639763779527536,0.167445644548952));
#5924=CARTESIAN_POINT('',(0.217191513008216,0.639763779527537,0.202906289316577));
#5925=CARTESIAN_POINT('',(0.28877181440943,0.639763779527538,0.241089991761086));
#5926=CARTESIAN_POINT('',(0.350055329431914,0.63976377952754,0.298584297244193));
#5927=CARTESIAN_POINT('',(0.392709705719042,0.639763779527543,0.367596489702661));
#5928=CARTESIAN_POINT('',(0.43746388613255,0.639763779527547,0.440006037816252));
#5929=CARTESIAN_POINT('',(0.461709618266921,0.639763779527553,0.525095398597233));
#5930=CARTESIAN_POINT('',(0.4615702884202,0.639763779527563,0.610236227286287));
#5931=CARTESIAN_POINT('',(-0.266685039384396,0.684007874030065,0.610236220472441));
#5932=CARTESIAN_POINT('',(-0.269685039370079,0.684007874015748,0.610236220472441));
#5933=CARTESIAN_POINT('',(-0.266685039386046,0.687007874015748,0.610236220472442));
#5934=CARTESIAN_POINT('',(-2.22044604925031E-16,0.687007874015748,0.610236220472441));
#5935=CARTESIAN_POINT('',(-0.266685039386046,0.687007874015748,0.610236220472442));
#5936=CARTESIAN_POINT('',(0.266685039386045,0.687007874015748,0.610236220472441));
#5937=CARTESIAN_POINT('',(-0.374015748031479,-0.0452755905511815,0.137795275590553));
#5938=CARTESIAN_POINT('',(-0.472465748031479,-0.0452755905511815,0.137795275590554));
#5939=CARTESIAN_POINT('',(-0.275565748031479,-0.0452755905511815,0.137795275590554));
#5940=CARTESIAN_POINT('',(-0.472465748031479,-0.0452755905511832,0.137795275590554));
#5941=CARTESIAN_POINT('',(-0.472465748031479,-0.0352755905511817,0.137795275590554));
#5942=CARTESIAN_POINT('',(-0.374015748031479,-0.0352755905511817,0.137795275590553));
#5943=CARTESIAN_POINT('',(-0.472465748031479,-0.0352755905511817,0.137795275590554));
#5944=CARTESIAN_POINT('',(-0.275565748031479,-0.0352755905511817,0.137795275590554));
#5945=CARTESIAN_POINT('',(0.383860748031564,-0.0352755905511817,1.01376216535384));
#5946=CARTESIAN_POINT('',(0.383860748031565,-0.0352755905511799,1.14092097081942));
#5947=CARTESIAN_POINT('',(0.364170748031568,-0.0352755905511817,1.14092097081943));
#5948=CARTESIAN_POINT('',(0.364170748031568,-0.0352755905511799,1.01376216535384));
#5949=CARTESIAN_POINT('',(0.430467611163505,-0.0452755905511797,1.12220518546536));
#5950=CARTESIAN_POINT('',(0.438532163039672,-0.0452755905511779,1.12785204548133));
#5951=CARTESIAN_POINT('',(0.42240305928734,-0.0452755905511815,1.11655832544938));
#5952=CARTESIAN_POINT('',(0.374015748031476,-0.0452755905511733,1.08267716535433));
#5953=CARTESIAN_POINT('',(0.422403059287341,-0.0452755905511779,1.11655832544938));
#5954=CARTESIAN_POINT('',(0.429378863176631,-0.0452755905511815,1.06208128272253));
#5955=CARTESIAN_POINT('',(0.408779940083199,-0.0452755905511779,1.07397407651554));
#5956=CARTESIAN_POINT('',(0.4087799400832,-0.0352755905511799,1.07397407651554));
#5957=CARTESIAN_POINT('',(0.429378863176632,-0.0452755905511779,1.06208128272253));
#5958=CARTESIAN_POINT('',(0.408779940083199,-0.0452755905511779,1.07397407651554));
#5959=CARTESIAN_POINT('',(0.403857440083199,-0.0452755905511797,1.06544805641579));
#5960=CARTESIAN_POINT('',(0.408779940083199,-0.0452755905511779,1.07397407651554));
#5961=CARTESIAN_POINT('',(0.398934940083201,-0.0452755905511815,1.05692203631603));
#5962=CARTESIAN_POINT('',(0.428775388733025,-0.0452755905511779,1.03969364525532));
#5963=CARTESIAN_POINT('',(0.428775388733027,-0.0352755905511799,1.03969364525532));
#5964=CARTESIAN_POINT('',(0.398934940083201,-0.0452755905511779,1.05692203631604));
#5965=CARTESIAN_POINT('',(0.428775388733025,-0.0452755905511779,1.03969364525532));
#5966=CARTESIAN_POINT('',(0.442223908833532,-0.0452755905511779,1.04329716535434));
#5967=CARTESIAN_POINT('',(0.442223908833534,-0.0352755905511817,1.04329716535434));
#5968=CARTESIAN_POINT('',(0.43369788873368,-0.0452755905511779,1.04821966535542));
#5969=CARTESIAN_POINT('',(0.428775388733025,-0.0452755905511779,1.03969364525532));
#5970=CARTESIAN_POINT('',(0.442223908833533,-0.0452755905511815,1.04329716535434));
#5971=CARTESIAN_POINT('',(0.374015748031483,-0.0452755905511705,1.08267716535433));
#5972=CARTESIAN_POINT('',(0.442223908833532,-0.0452755905511779,1.04329716535434));
#5973=CARTESIAN_POINT('',(0.438532163039673,-0.0452755905511797,1.12785204548133));
#5974=CARTESIAN_POINT('',(0.430467611163507,-0.0352755905511817,1.12220518546536));
#5975=CARTESIAN_POINT('',(0.438532163039673,-0.0352755905511817,1.12785204548133));
#5976=CARTESIAN_POINT('',(0.422403059287341,-0.0352755905511817,1.11655832544938));
#5977=CARTESIAN_POINT('',(0.374015748031469,-0.0352755905511799,1.08267716535433));
#5978=CARTESIAN_POINT('',(0.422403059287342,-0.0352755905511817,1.11655832544938));
#5979=CARTESIAN_POINT('',(0.429378863176633,-0.0352755905511817,1.06208128272253));
#5980=CARTESIAN_POINT('',(0.429378863176633,-0.0352755905511817,1.06208128272253));
#5981=CARTESIAN_POINT('',(0.4087799400832,-0.0352755905511799,1.07397407651554));
#5982=CARTESIAN_POINT('',(0.403857440083202,-0.0352755905511808,1.06544805641579));
#5983=CARTESIAN_POINT('',(0.398934940083202,-0.0352755905511817,1.05692203631604));
#5984=CARTESIAN_POINT('',(0.4087799400832,-0.0352755905511799,1.07397407651554));
#5985=CARTESIAN_POINT('',(0.398934940083202,-0.0352755905511817,1.05692203631604));
#5986=CARTESIAN_POINT('',(0.428775388733027,-0.0352755905511799,1.03969364525532));
#5987=CARTESIAN_POINT('',(0.433697888733681,-0.0352755905511972,1.04821966535542));
#5988=CARTESIAN_POINT('',(0.442223908833534,-0.0352755905511817,1.04329716535434));
#5989=CARTESIAN_POINT('',(0.428775388733027,-0.0352755905511799,1.03969364525532));
#5990=CARTESIAN_POINT('',(0.374015748031488,-0.0352755905511984,1.08267716535433));
#5991=CARTESIAN_POINT('',(0.438532163039673,-0.0352755905511817,1.12785204548133));
#5992=CARTESIAN_POINT('',(0.442223908833534,-0.0352755905511817,1.04329716535434));
#5993=CARTESIAN_POINT('',(0.438532163039673,-0.0352755905511817,1.12785204548133));
#5994=CARTESIAN_POINT('',(0.438532163039672,-0.0452755905511779,1.12785204548133));
#5995=CARTESIAN_POINT('',(0.422403059287342,-0.0352755905511817,1.11655832544938));
#5996=CARTESIAN_POINT('',(0.422403059287341,-0.0452755905511779,1.11655832544938));
#5997=CARTESIAN_POINT('',(0.429378863176633,-0.0352755905511817,1.06208128272253));
#5998=CARTESIAN_POINT('',(0.429378863176632,-0.0452755905511779,1.06208128272253));
#5999=CARTESIAN_POINT('',(0.398934940083202,-0.0352755905511817,1.05692203631604));
#6000=CARTESIAN_POINT('',(0.398934940083201,-0.0452755905511779,1.05692203631604));
#6001=CARTESIAN_POINT('',(0.383860748031563,-0.0452755905511779,1.01376216535384));
#6002=CARTESIAN_POINT('',(0.383860748031563,-0.0452755905511779,1.14092097081942));
#6003=CARTESIAN_POINT('',(0.364170748031567,-0.0452755905511779,1.14092097081942));
#6004=CARTESIAN_POINT('',(0.364170748031567,-0.0452755905511779,1.01376216535384));
#6005=CARTESIAN_POINT('',(0.334487727920976,-0.0452755905511797,1.1391290284875));
#6006=CARTESIAN_POINT('',(0.328840867904211,-0.0452755905511779,1.1471935803629));
#6007=CARTESIAN_POINT('',(0.340134587896497,-0.0452755905511815,1.13106447658322));
#6008=CARTESIAN_POINT('',(0.374015748031476,-0.045275590551138,1.08267716535434));
#6009=CARTESIAN_POINT('',(0.340134587882812,-0.0452755905511779,1.13106447657364));
#6010=CARTESIAN_POINT('',(0.364170748031567,-0.0452755905511822,1.14092097081943));
#6011=CARTESIAN_POINT('',(0.364170748031567,-0.0452755905511779,1.01376216535384));
#6012=CARTESIAN_POINT('',(0.364170748031568,-0.0352755905511799,1.01376216535384));
#6013=CARTESIAN_POINT('',(0.374015748031565,-0.0452755905511797,1.01376216535384));
#6014=CARTESIAN_POINT('',(0.364170748031567,-0.0452755905511779,1.01376216535384));
#6015=CARTESIAN_POINT('',(0.383860748031563,-0.0452755905511815,1.01376216535384));
#6016=CARTESIAN_POINT('',(0.403550748031722,-0.0452755905511779,1.1338332859563));
#6017=CARTESIAN_POINT('',(0.403550748031724,-0.0352755905511817,1.1338332859563));
#6018=CARTESIAN_POINT('',(0.374015748031505,-0.0452755905511249,1.08267716535437));
#6019=CARTESIAN_POINT('',(0.383860748031563,-0.0452755905511779,1.14092097081942));
#6020=CARTESIAN_POINT('',(0.403550748031724,-0.0452755905511815,1.1338332859563));
#6021=CARTESIAN_POINT('',(0.413395748009121,-0.0452755905511779,1.15088532616983));
#6022=CARTESIAN_POINT('',(0.413395748003475,-0.0352755905511817,1.15088532617309));
#6023=CARTESIAN_POINT('',(0.408473248031714,-0.0452755905511797,1.14235930605654));
#6024=CARTESIAN_POINT('',(0.403550748031722,-0.0452755905511779,1.1338332859563));
#6025=CARTESIAN_POINT('',(0.413395748003475,-0.0452755905511815,1.15088532617309));
#6026=CARTESIAN_POINT('',(0.374015748031481,-0.0452755905511705,1.08267716535433));
#6027=CARTESIAN_POINT('',(0.413395748009121,-0.0452755905511779,1.15088532616983));
#6028=CARTESIAN_POINT('',(0.328840867904212,-0.0452755905511797,1.1471935803629));
#6029=CARTESIAN_POINT('',(0.334487727919022,-0.0352755905511817,1.13912902848613));
#6030=CARTESIAN_POINT('',(0.328840867904213,-0.0352755905511817,1.1471935803629));
#6031=CARTESIAN_POINT('',(0.340134587892588,-0.0352755905511817,1.13106447658049));
#6032=CARTESIAN_POINT('',(0.374015748019274,-0.0352755905513963,1.0826771653841));
#6033=CARTESIAN_POINT('',(0.340134587892588,-0.0352755905511817,1.13106447658049));
#6034=CARTESIAN_POINT('',(0.364170748031568,-0.0352755905511817,1.14092097081943));
#6035=CARTESIAN_POINT('',(0.374015748031566,-0.0352755905511808,1.01376216535384));
#6036=CARTESIAN_POINT('',(0.383860748031564,-0.0352755905511817,1.01376216535384));
#6037=CARTESIAN_POINT('',(0.364170748031568,-0.0352755905511799,1.01376216535384));
#6038=CARTESIAN_POINT('',(0.374015748031498,-0.035275590551585,1.08267716535436));
#6039=CARTESIAN_POINT('',(0.383860748031565,-0.0352755905511799,1.14092097081942));
#6040=CARTESIAN_POINT('',(0.403550748031724,-0.0352755905511817,1.1338332859563));
#6041=CARTESIAN_POINT('',(0.408473248031716,-0.0352755905511817,1.14235930605654));
#6042=CARTESIAN_POINT('',(0.413395748003475,-0.0352755905511817,1.15088532617309));
#6043=CARTESIAN_POINT('',(0.403550748031724,-0.0352755905511817,1.1338332859563));
#6044=CARTESIAN_POINT('',(0.374015748029042,-0.0352755905511265,1.0826771654102));
#6045=CARTESIAN_POINT('',(0.328840867904213,-0.0352755905511817,1.1471935803629));
#6046=CARTESIAN_POINT('',(0.413395748003475,-0.0352755905511817,1.15088532617309));
#6047=CARTESIAN_POINT('',(0.328840867904213,-0.0352755905511817,1.1471935803629));
#6048=CARTESIAN_POINT('',(0.328840867904211,-0.0452755905511779,1.1471935803629));
#6049=CARTESIAN_POINT('',(0.340134587892588,-0.0352755905511817,1.13106447658049));
#6050=CARTESIAN_POINT('',(0.340134587882812,-0.0452755905511779,1.13106447657364));
#6051=CARTESIAN_POINT('',(0.364170748031568,-0.0352755905511817,1.14092097081943));
#6052=CARTESIAN_POINT('',(0.364170748031567,-0.0452755905511779,1.14092097081942));
#6053=CARTESIAN_POINT('',(0.383860748031564,-0.0352755905511817,1.01376216535384));
#6054=CARTESIAN_POINT('',(0.383860748031563,-0.0452755905511779,1.01376216535384));
#6055=CARTESIAN_POINT('',(0.383860748031565,-0.0352755905511799,1.14092097081942));
#6056=CARTESIAN_POINT('',(0.383860748031563,-0.0452755905511779,1.14092097081942));
#6057=CARTESIAN_POINT('',(0.309499333022221,-0.0452755905511779,1.0375022852279));
#6058=CARTESIAN_POINT('',(0.309499333022223,-0.0352755905511799,1.0375022852279));
#6059=CARTESIAN_POINT('',(0.305807587228957,-0.0452755905511779,1.1220571653546));
#6060=CARTESIAN_POINT('',(0.305807587228958,-0.0352755905511817,1.1220571653546));
#6061=CARTESIAN_POINT('',(0.374015748031482,-0.0452755905511706,1.08267716535433));
#6062=CARTESIAN_POINT('',(0.305807587228957,-0.0452755905511779,1.1220571653546));
#6063=CARTESIAN_POINT('',(0.309499333022223,-0.0452755905511797,1.0375022852279));
#6064=CARTESIAN_POINT('',(0.319256107328092,-0.0452755905511779,1.1256606854547));
#6065=CARTESIAN_POINT('',(0.319256107328094,-0.0352755905511817,1.1256606854547));
#6066=CARTESIAN_POINT('',(0.314333607328928,-0.0452755905511779,1.11713466535377));
#6067=CARTESIAN_POINT('',(0.319256107328092,-0.0452755905511779,1.1256606854547));
#6068=CARTESIAN_POINT('',(0.305807587228958,-0.0452755905511815,1.1220571653546));
#6069=CARTESIAN_POINT('',(0.317563884898244,-0.0452755905511797,1.04314914524378));
#6070=CARTESIAN_POINT('',(0.309499333022221,-0.0452755905511779,1.0375022852279));
#6071=CARTESIAN_POINT('',(0.325628436792967,-0.0452755905511815,1.04879600523295));
#6072=CARTESIAN_POINT('',(0.374015748031487,-0.0452755905511732,1.08267716535433));
#6073=CARTESIAN_POINT('',(0.325628436789226,-0.0452755905511779,1.04879600523829));
#6074=CARTESIAN_POINT('',(0.318652632886353,-0.0452755905511815,1.10327304798875));
#6075=CARTESIAN_POINT('',(0.339329686953079,-0.0452755905511779,1.09133514525728));
#6076=CARTESIAN_POINT('',(0.339329686953081,-0.0352755905511799,1.09133514525728));
#6077=CARTESIAN_POINT('',(0.318652632886353,-0.0452755905511779,1.10327304798875));
#6078=CARTESIAN_POINT('',(0.339329686953079,-0.0452755905511779,1.09133514525728));
#6079=CARTESIAN_POINT('',(0.34425218695313,-0.0452755905511797,1.09986116535583));
#6080=CARTESIAN_POINT('',(0.339329686953079,-0.0452755905511779,1.09133514525728));
#6081=CARTESIAN_POINT('',(0.349174686953182,-0.0452755905511815,1.10838718545438));
#6082=CARTESIAN_POINT('',(0.349174686953181,-0.0452755905511779,1.10838718545438));
#6083=CARTESIAN_POINT('',(0.319256107328092,-0.0452755905511779,1.1256606854547));
#6084=CARTESIAN_POINT('',(0.314333607328928,-0.0352755905511602,1.11713466535377));
#6085=CARTESIAN_POINT('',(0.319256107328094,-0.0352755905511817,1.1256606854547));
#6086=CARTESIAN_POINT('',(0.305807587228958,-0.0352755905511817,1.1220571653546));
#6087=CARTESIAN_POINT('',(0.374015748031497,-0.0352755905512089,1.08267716535433));
#6088=CARTESIAN_POINT('',(0.309499333022223,-0.0352755905511799,1.0375022852279));
#6089=CARTESIAN_POINT('',(0.305807587228958,-0.0352755905511817,1.1220571653546));
#6090=CARTESIAN_POINT('',(0.317563884898247,-0.0352755905511808,1.04314914524378));
#6091=CARTESIAN_POINT('',(0.325628436792969,-0.0352755905511817,1.04879600523295));
#6092=CARTESIAN_POINT('',(0.309499333022223,-0.0352755905511799,1.0375022852279));
#6093=CARTESIAN_POINT('',(0.3740157480315,-0.0352755905511683,1.08267716535433));
#6094=CARTESIAN_POINT('',(0.325628436792969,-0.0352755905511817,1.04879600523295));
#6095=CARTESIAN_POINT('',(0.318652632886354,-0.0352755905511817,1.10327304798875));
#6096=CARTESIAN_POINT('',(0.318652632886354,-0.0352755905511817,1.10327304798875));
#6097=CARTESIAN_POINT('',(0.339329686953081,-0.0352755905511799,1.09133514525728));
#6098=CARTESIAN_POINT('',(0.344252186953131,-0.0352755905511808,1.09986116535583));
#6099=CARTESIAN_POINT('',(0.349174686953183,-0.0352755905511817,1.10838718545438));
#6100=CARTESIAN_POINT('',(0.339329686953081,-0.0352755905511799,1.09133514525728));
#6101=CARTESIAN_POINT('',(0.349174686953183,-0.0352755905511817,1.10838718545438));
#6102=CARTESIAN_POINT('',(0.319256107328094,-0.0352755905511817,1.1256606854547));
#6103=CARTESIAN_POINT('',(0.325628436792969,-0.0352755905511817,1.04879600523295));
#6104=CARTESIAN_POINT('',(0.325628436789226,-0.0452755905511779,1.04879600523829));
#6105=CARTESIAN_POINT('',(0.318652632886354,-0.0352755905511817,1.10327304798875));
#6106=CARTESIAN_POINT('',(0.318652632886353,-0.0452755905511779,1.10327304798875));
#6107=CARTESIAN_POINT('',(0.349174686953183,-0.0352755905511817,1.10838718545438));
#6108=CARTESIAN_POINT('',(0.349174686953181,-0.0452755905511779,1.10838718545438));
#6109=CARTESIAN_POINT('',(0.47246574803148,-0.0452755905511815,1.08267716535433));
#6110=CARTESIAN_POINT('',(0.472465748031481,-0.0352755905511852,1.08267716535433));
#6111=CARTESIAN_POINT('',(0.37401574803148,-0.0352755905511817,1.08267716535433));
#6112=CARTESIAN_POINT('',(0.47246574803148,-0.0352755905511817,1.08267716535433));
#6113=CARTESIAN_POINT('',(0.27556574803148,-0.0352755905511817,1.08267716535433));
#6114=CARTESIAN_POINT('',(0.37401574803148,-0.0452755905511834,1.08267716535433));
#6115=CARTESIAN_POINT('',(0.47246574803148,-0.0452755905511815,1.08267716535433));
#6116=CARTESIAN_POINT('',(0.275565748031481,-0.0452755905511853,1.08267716535433));
#6117=CARTESIAN_POINT('',(0.269685039370078,0.639763779527559,0.610236220472441));
#6118=CARTESIAN_POINT('',(0.269685039370078,0.684007874015748,0.610236220472441));
#6119=CARTESIAN_POINT('',(-1.96261557335472E-16,0.639763779527561,0.610236220472441));
#6120=CARTESIAN_POINT('',(0.269685039370078,0.639763779527561,0.610236220472441));
#6121=CARTESIAN_POINT('',(-0.269685039370079,0.639763779527561,0.610236220472441));
#6122=CARTESIAN_POINT('',(-1.96261557335472E-16,0.684007874015748,0.610236220472441));
#6123=CARTESIAN_POINT('',(0.269685039370078,0.684007874015748,0.610236220472441));
#6124=CARTESIAN_POINT('',(-0.269685039370079,0.684007874015748,0.610236220472441));
#6125=CARTESIAN_POINT('',(0.266685039384394,0.684007874030064,0.61023622047244));
#6126=CARTESIAN_POINT('',(0.269685039370078,0.684007874015748,0.610236220472441));
#6127=CARTESIAN_POINT('',(0.266685039386045,0.687007874015748,0.610236220472441));
#6128=CARTESIAN_POINT('',(-1.57009245868378E-16,0.687007874015748,0.610236220472441));
#6129=CARTESIAN_POINT('',(0.266685039386045,0.687007874015748,0.610236220472441));
#6130=CARTESIAN_POINT('',(-0.266685039386045,0.687007874015748,0.610236220472442));
#6131=CARTESIAN_POINT('',(-0.275565748031478,-0.0452755905511815,0.137795275590554));
#6132=CARTESIAN_POINT('',(-0.275565748031478,-0.0352755905511817,0.137795275590554));
#6133=CARTESIAN_POINT('',(-0.374015748031479,-0.0452755905511815,0.137795275590554));
#6134=CARTESIAN_POINT('',(-0.275565748031479,-0.0452755905511815,0.137795275590554));
#6135=CARTESIAN_POINT('',(-0.472465748031479,-0.0452755905511815,0.137795275590554));
#6136=CARTESIAN_POINT('',(-0.374015748031479,-0.0352755905511817,0.137795275590554));
#6137=CARTESIAN_POINT('',(-0.275565748031479,-0.0352755905511817,0.137795275590554));
#6138=CARTESIAN_POINT('',(-0.472465748031479,-0.0352755905511817,0.137795275590554));
#6139=CARTESIAN_POINT('',(0.27556574803148,-0.0452755905511815,1.08267716535433));
#6140=CARTESIAN_POINT('',(0.27556574803148,-0.0352755905511817,1.08267716535433));
#6141=CARTESIAN_POINT('',(0.37401574803148,-0.0352755905511817,1.08267716535433));
#6142=CARTESIAN_POINT('',(0.27556574803148,-0.0352755905511817,1.08267716535433));
#6143=CARTESIAN_POINT('',(0.47246574803148,-0.0352755905511817,1.08267716535433));
#6144=CARTESIAN_POINT('',(0.37401574803148,-0.0452755905511834,1.08267716535433));
#6145=CARTESIAN_POINT('',(0.27556574803148,-0.0452755905511853,1.08267716535433));
#6146=CARTESIAN_POINT('',(0.47246574803148,-0.0452755905511815,1.08267716535433));
#6147=CARTESIAN_POINT('',(5.39138535203963E-9,1.00000000390946,0.610236202841136));
#6148=CARTESIAN_POINT('',(0.,7.105427357601E-15,0.));
#6149=CARTESIAN_POINT('',(0.,-0.999999999999993,0.));
#6150=CARTESIAN_POINT('',(-0.999999999999993,0.,0.));
#6151=CARTESIAN_POINT('',(0.116141732283464,0.713029396887022,0.610236220472441));
#6152=CARTESIAN_POINT('',(0.159448818897638,0.687007874015755,0.610236220472441));
#6153=CARTESIAN_POINT('',(0.116141732283464,0.713029396887022,0.653543307086614));
#6154=CARTESIAN_POINT('',(0.159448818897638,0.687007874015755,0.610236220472441));
#6155=CARTESIAN_POINT('',(0.159448818897638,0.713029396887022,0.653543307086614));
#6156=CARTESIAN_POINT('',(0.159448818897638,0.687007874015755,0.610236220472441));
#6157=CARTESIAN_POINT('',(0.202755905511811,0.713029396887022,0.653543307086614));
#6158=CARTESIAN_POINT('',(0.159448818897638,0.687007874015755,0.610236220472441));
#6159=CARTESIAN_POINT('',(0.202755905511811,0.713029396887022,0.610236220472441));
#6160=CARTESIAN_POINT('',(0.159448818897638,0.687007874015755,0.610236220472441));
#6161=CARTESIAN_POINT('',(0.159448818897638,-0.0890748031496074,0.610236220472441));
#6162=CARTESIAN_POINT('',(0.11240157480315,-0.0890748031496069,0.610236220472441));
#6163=CARTESIAN_POINT('',(0.112401574803149,-0.0420275590551196,0.610236220472441));
#6164=CARTESIAN_POINT('',(0.112401574803149,0.322490157480318,0.610236220472441));
#6165=CARTESIAN_POINT('',(0.112401574803149,0.687007874015755,0.610236220472441));
#6166=CARTESIAN_POINT('',(0.159448818897638,-0.0890748031496074,0.610236220472441));
#6167=CARTESIAN_POINT('',(0.11240157480315,-0.0890748031496069,0.657283464566928));
#6168=CARTESIAN_POINT('',(0.112401574803149,-0.0420275590551196,0.65728346456693));
#6169=CARTESIAN_POINT('',(0.112401574803149,0.322490157480318,0.657283464566929));
#6170=CARTESIAN_POINT('',(0.112401574803149,0.687007874015755,0.657283464566929));
#6171=CARTESIAN_POINT('',(0.159448818897638,-0.0890748031496074,0.610236220472441));
#6172=CARTESIAN_POINT('',(0.159448818897638,-0.0890748031496069,0.657283464566928));
#6173=CARTESIAN_POINT('',(0.159448818897638,-0.0420275590551196,0.65728346456693));
#6174=CARTESIAN_POINT('',(0.159448818897638,0.322490157480318,0.657283464566929));
#6175=CARTESIAN_POINT('',(0.159448818897638,0.687007874015755,0.657283464566929));
#6176=CARTESIAN_POINT('',(0.159448818897638,-0.0890748031496074,0.610236220472441));
#6177=CARTESIAN_POINT('',(0.206496062992125,-0.0890748031496069,0.657283464566928));
#6178=CARTESIAN_POINT('',(0.206496062992127,-0.0420275590551196,0.65728346456693));
#6179=CARTESIAN_POINT('',(0.206496062992126,0.322490157480318,0.657283464566929));
#6180=CARTESIAN_POINT('',(0.206496062992126,0.687007874015755,0.657283464566929));
#6181=CARTESIAN_POINT('',(0.159448818897638,-0.0890748031496074,0.610236220472441));
#6182=CARTESIAN_POINT('',(0.206496062992125,-0.0890748031496069,0.610236220472441));
#6183=CARTESIAN_POINT('',(0.206496062992127,-0.0420275590551196,0.610236220472441));
#6184=CARTESIAN_POINT('',(0.206496062992126,0.322490157480318,0.610236220472441));
#6185=CARTESIAN_POINT('',(0.206496062992126,0.687007874015755,0.610236220472441));
#6186=CARTESIAN_POINT('',(0.112401574803149,0.687007874015755,0.610236220472441));
#6187=CARTESIAN_POINT('',(0.104330708661417,0.844488188976378,0.610236220472441));
#6188=CARTESIAN_POINT('',(0.116141732283465,0.844488188976378,0.610236220472441));
#6189=CARTESIAN_POINT('',(0.104330708661417,0.844488188976378,0.665354330708661));
#6190=CARTESIAN_POINT('',(0.116141732283465,0.844488188976378,0.653543307086614));
#6191=CARTESIAN_POINT('',(0.159448818897638,0.844488188976378,0.665354330708661));
#6192=CARTESIAN_POINT('',(0.159448818897638,0.844488188976378,0.653543307086614));
#6193=CARTESIAN_POINT('',(0.214566929133858,0.844488188976378,0.665354330708661));
#6194=CARTESIAN_POINT('',(0.202755905511811,0.844488188976378,0.653543307086614));
#6195=CARTESIAN_POINT('',(0.214566929133858,0.844488188976378,0.610236220472441));
#6196=CARTESIAN_POINT('',(0.202755905511811,0.844488188976378,0.610236220472441));
#6197=CARTESIAN_POINT('',(0.214566929133858,0.844488188976378,0.55511811023622));
#6198=CARTESIAN_POINT('',(0.202755905511811,0.844488188976378,0.566929133858268));
#6199=CARTESIAN_POINT('',(0.159448818897638,0.844488188976378,0.55511811023622));
#6200=CARTESIAN_POINT('',(0.159448818897638,0.844488188976378,0.566929133858268));
#6201=CARTESIAN_POINT('',(0.104330708661417,0.844488188976378,0.55511811023622));
#6202=CARTESIAN_POINT('',(0.116141732283465,0.844488188976378,0.566929133858268));
#6203=CARTESIAN_POINT('',(0.104330708661417,0.844488188976378,0.610236220472441));
#6204=CARTESIAN_POINT('',(0.116141732283465,0.844488188976378,0.610236220472441));
#6205=CARTESIAN_POINT('',(0.159448818897638,0.765748031496065,0.610236220472441));
#6206=CARTESIAN_POINT('',(0.159448818897638,0.7787587929317,0.610236220472441));
#6207=CARTESIAN_POINT('',(0.159448818897637,0.842909744261135,0.72955831327437));
#6208=CARTESIAN_POINT('',(0.202755905511811,0.713029396887022,0.610236220472441));
#6209=CARTESIAN_POINT('',(0.159448818897638,0.687007874015755,0.610236220472441));
#6210=CARTESIAN_POINT('',(0.202755905511811,0.713029396887022,0.566929133858267));
#6211=CARTESIAN_POINT('',(0.159448818897638,0.687007874015755,0.610236220472441));
#6212=CARTESIAN_POINT('',(0.159448818897638,0.713029396887022,0.566929133858267));
#6213=CARTESIAN_POINT('',(0.159448818897638,0.687007874015755,0.610236220472441));
#6214=CARTESIAN_POINT('',(0.116141732283464,0.713029396887022,0.566929133858267));
#6215=CARTESIAN_POINT('',(0.159448818897638,0.687007874015755,0.610236220472441));
#6216=CARTESIAN_POINT('',(0.116141732283464,0.713029396887022,0.610236220472441));
#6217=CARTESIAN_POINT('',(0.159448818897638,0.687007874015755,0.610236220472441));
#6218=CARTESIAN_POINT('',(0.159448818897638,-0.0890748031496074,0.610236220472441));
#6219=CARTESIAN_POINT('',(0.206496062992125,-0.0890748031496069,0.610236220472441));
#6220=CARTESIAN_POINT('',(0.206496062992127,-0.0420275590551196,0.610236220472441));
#6221=CARTESIAN_POINT('',(0.206496062992126,0.322490157480318,0.610236220472441));
#6222=CARTESIAN_POINT('',(0.206496062992126,0.687007874015755,0.610236220472441));
#6223=CARTESIAN_POINT('',(0.159448818897638,-0.0890748031496074,0.610236220472441));
#6224=CARTESIAN_POINT('',(0.206496062992125,-0.0890748031496069,0.563188976377953));
#6225=CARTESIAN_POINT('',(0.206496062992127,-0.0420275590551196,0.563188976377952));
#6226=CARTESIAN_POINT('',(0.206496062992126,0.322490157480318,0.563188976377952));
#6227=CARTESIAN_POINT('',(0.206496062992126,0.687007874015755,0.563188976377953));
#6228=CARTESIAN_POINT('',(0.159448818897638,-0.0890748031496074,0.610236220472441));
#6229=CARTESIAN_POINT('',(0.159448818897638,-0.0890748031496069,0.563188976377953));
#6230=CARTESIAN_POINT('',(0.159448818897638,-0.0420275590551196,0.563188976377952));
#6231=CARTESIAN_POINT('',(0.159448818897638,0.322490157480318,0.563188976377952));
#6232=CARTESIAN_POINT('',(0.159448818897638,0.687007874015755,0.563188976377953));
#6233=CARTESIAN_POINT('',(0.159448818897638,-0.0890748031496074,0.610236220472441));
#6234=CARTESIAN_POINT('',(0.11240157480315,-0.0890748031496069,0.563188976377954));
#6235=CARTESIAN_POINT('',(0.112401574803149,-0.0420275590551196,0.563188976377952));
#6236=CARTESIAN_POINT('',(0.112401574803149,0.322490157480318,0.563188976377952));
#6237=CARTESIAN_POINT('',(0.112401574803149,0.687007874015755,0.563188976377953));
#6238=CARTESIAN_POINT('',(0.159448818897638,-0.0890748031496074,0.610236220472441));
#6239=CARTESIAN_POINT('',(0.11240157480315,-0.0890748031496069,0.610236220472441));
#6240=CARTESIAN_POINT('',(0.112401574803149,-0.0420275590551196,0.610236220472441));
#6241=CARTESIAN_POINT('',(0.112401574803149,0.322490157480318,0.610236220472441));
#6242=CARTESIAN_POINT('',(0.112401574803149,0.687007874015755,0.610236220472441));
#6243=CARTESIAN_POINT('',(0.206496062992126,0.687007874015755,0.610236220472441));
#6244=CARTESIAN_POINT('',(0.159448818897638,0.765748031496065,0.610236220472441));
#6245=CARTESIAN_POINT('',(0.159448818897638,0.7787587929317,0.610236220472441));
#6246=CARTESIAN_POINT('',(0.159448818897638,-0.0890748031496074,0.610236220472441));
#6247=CARTESIAN_POINT('',(0.159448818897638,0.687007874015755,0.610236220472441));
#6248=CARTESIAN_POINT('',(0.116141732283464,0.713029396887022,0.610236220472441));
#6249=CARTESIAN_POINT('',(0.116141732283465,0.844488188976378,0.610236220472441));
#6250=CARTESIAN_POINT('',(0.104330708661417,0.844488188976378,0.610236220472441));
#6251=CARTESIAN_POINT('',(0.104330708661417,0.687007874015752,0.610236220472441));
#6252=CARTESIAN_POINT('',(0.112401574803149,0.687007874015755,0.610236220472441));
#6253=CARTESIAN_POINT('',(0.104330708661417,0.841331299545956,0.610236220472441));
#6254=CARTESIAN_POINT('',(0.214566929133858,0.84448818897638,0.610236220472441));
#6255=CARTESIAN_POINT('',(0.20275590551181,0.844488188976378,0.610236220472441));
#6256=CARTESIAN_POINT('',(0.116141732283465,0.841331299545937,0.61023622047244));
#6257=CARTESIAN_POINT('',(0.202755905511811,0.713029396887018,0.610236220472441));
#6258=CARTESIAN_POINT('',(0.206496062992126,0.687007874015755,0.610236220472441));
#6259=CARTESIAN_POINT('',(0.214566929133858,0.687007874015759,0.610236220472441));
#6260=CARTESIAN_POINT('',(0.214566929133857,0.841331282150176,0.610236220702561));
#6261=CARTESIAN_POINT('',(0.202755905511812,0.841331299545914,0.61023622047244));
#6262=CARTESIAN_POINT('',(0.159448818897638,-0.0890748031496074,0.610236220472441));
#6263=CARTESIAN_POINT('',(0.11240157480315,-0.0890748031496069,0.610236220472441));
#6264=CARTESIAN_POINT('',(0.112401574803149,-0.0420275590551196,0.610236220472441));
#6265=CARTESIAN_POINT('',(0.112401574803149,0.322490157480318,0.610236220472441));
#6266=CARTESIAN_POINT('',(0.112401574803149,0.687007874015755,0.610236220472441));
#6267=CARTESIAN_POINT('',(0.116141732283464,0.713029396887022,0.610236220472441));
#6268=CARTESIAN_POINT('',(0.159448818897638,0.687007874015755,0.610236220472441));
#6269=CARTESIAN_POINT('',(0.104330708661417,0.844488188976378,0.610236220472441));
#6270=CARTESIAN_POINT('',(0.116141732283465,0.844488188976378,0.610236220472441));
#6271=CARTESIAN_POINT('',(0.104330708661417,0.687007874015752,0.610236220472441));
#6272=CARTESIAN_POINT('',(0.104330708661417,0.841331299545956,0.610236220472441));
#6273=CARTESIAN_POINT('',(0.112401574803149,0.687007874015755,0.610236220472441));
#6274=CARTESIAN_POINT('',(0.104330708661417,0.687007874015752,0.610236220472441));
#6275=CARTESIAN_POINT('',(0.159448818897638,0.687007874015755,0.610236220472441));
#6276=CARTESIAN_POINT('',(0.112401574803149,0.687007874015755,0.610236220472441));
#6277=CARTESIAN_POINT('',(0.206496062992126,0.687007874015755,0.610236220472441));
#6278=CARTESIAN_POINT('',(0.159448818897638,0.687007874015755,0.610236220472441));
#6279=CARTESIAN_POINT('',(0.104330708661417,0.687007874015752,0.610236220472441));
#6280=CARTESIAN_POINT('',(0.214566929133858,0.687007874015759,0.610236220472441));
#6281=CARTESIAN_POINT('',(0.159448818897638,0.71302939688702,0.610236220472441));
#6282=CARTESIAN_POINT('',(0.116141732283464,0.713029396887022,0.610236220472441));
#6283=CARTESIAN_POINT('',(0.202755905511812,0.713029396887018,0.610236220472441));
#6284=CARTESIAN_POINT('',(0.20275590551181,0.844488188976378,0.610236220472441));
#6285=CARTESIAN_POINT('',(0.214566929133858,0.84448818897638,0.610236220472441));
#6286=CARTESIAN_POINT('',(0.116141732283465,0.841331299545937,0.61023622047244));
#6287=CARTESIAN_POINT('',(0.116141732283464,0.713029396887022,0.610236220472441));
#6288=CARTESIAN_POINT('',(0.159448818897638,0.844488188976378,0.610236220472441));
#6289=CARTESIAN_POINT('',(0.214566929133858,0.844488188976378,0.610236220472441));
#6290=CARTESIAN_POINT('',(0.104330708661417,0.844488188976378,0.610236220472441));
#6291=CARTESIAN_POINT('',(0.159448818897638,0.844488188976378,0.610236220472441));
#6292=CARTESIAN_POINT('',(0.202755905511811,0.844488188976378,0.610236220472441));
#6293=CARTESIAN_POINT('',(0.116141732283465,0.844488188976378,0.610236220472441));
#6294=CARTESIAN_POINT('',(0.104330708661417,0.841331299545956,0.610236220472441));
#6295=CARTESIAN_POINT('',(0.104330708661417,0.844488188976378,0.610236220472441));
#6296=CARTESIAN_POINT('',(0.116141732283465,0.844488188976378,0.610236220472441));
#6297=CARTESIAN_POINT('',(0.116141732283465,0.841331299545937,0.61023622047244));
#6298=CARTESIAN_POINT('',(0.202755905522117,0.842909744261117,0.729558313280052));
#6299=CARTESIAN_POINT('',(0.20275590551181,0.844488188976378,0.610236220472441));
#6300=CARTESIAN_POINT('',(0.202755905511812,0.841331299545915,0.61023622047244));
#6301=CARTESIAN_POINT('',(0.104330708661417,0.841331299545956,0.610236220472441));
#6302=CARTESIAN_POINT('',(0.104330708661417,0.832982755702613,0.610346658653666));
#6303=CARTESIAN_POINT('',(0.10431063354124,0.824660908276019,0.611334212494581));
#6304=CARTESIAN_POINT('',(0.104508102236528,0.808383400106464,0.615025472656353));
#6305=CARTESIAN_POINT('',(0.104726996438666,0.800432770164761,0.617731996085945));
#6306=CARTESIAN_POINT('',(0.106151352838777,0.785262174123936,0.624737233045724));
#6307=CARTESIAN_POINT('',(0.107367483749181,0.778048959504325,0.629063270797613));
#6308=CARTESIAN_POINT('',(0.112002762024742,0.764994773065771,0.638804566838115));
#6309=CARTESIAN_POINT('',(0.115402568767679,0.759298691540012,0.644138749370922));
#6310=CARTESIAN_POINT('',(0.120474429383418,0.754679931302354,0.649210609986661));
#6311=CARTESIAN_POINT('',(0.125031259292678,0.750530190923183,0.65376743989592));
#6312=CARTESIAN_POINT('',(0.130726819068298,0.747451856747185,0.657857408155423));
#6313=CARTESIAN_POINT('',(0.144279642039351,0.743307211999586,0.663736689234033));
#6314=CARTESIAN_POINT('',(0.151784981631283,0.742320967844213,0.665354330708662));
#6315=CARTESIAN_POINT('',(0.15944881889764,0.742320967844215,0.665354330708662));
#6316=CARTESIAN_POINT('',(0.167112656164004,0.742320967844213,0.665354330708662));
#6317=CARTESIAN_POINT('',(0.174617995755912,0.743307211999582,0.663736689234038));
#6318=CARTESIAN_POINT('',(0.188170818726964,0.74745185674718,0.657857408155428));
#6319=CARTESIAN_POINT('',(0.193866378502606,0.750530190923191,0.653767439895911));
#6320=CARTESIAN_POINT('',(0.198423208411856,0.754679931302354,0.649210609986661));
#6321=CARTESIAN_POINT('',(0.20349506902761,0.759298691540025,0.644138749370907));
#6322=CARTESIAN_POINT('',(0.206894875770521,0.764994773065739,0.638804566838139));
#6323=CARTESIAN_POINT('',(0.211530154046091,0.778048959504311,0.62906327079762));
#6324=CARTESIAN_POINT('',(0.212746284956494,0.785262174123909,0.624737233045739));
#6325=CARTESIAN_POINT('',(0.214170641356607,0.800432770164727,0.617731996085958));
#6326=CARTESIAN_POINT('',(0.214389535558746,0.808383400106424,0.615025472656365));
#6327=CARTESIAN_POINT('',(0.214587004185429,0.824660902620694,0.611334213777039));
#6328=CARTESIAN_POINT('',(0.214566929161743,0.832982744142505,0.610346660025503));
#6329=CARTESIAN_POINT('',(0.214566929133857,0.841331282150176,0.610236220702561));
#6330=CARTESIAN_POINT('',(0.202755905511811,0.713029396887022,0.610236220472441));
#6331=CARTESIAN_POINT('',(0.159448818897638,0.687007874015755,0.610236220472441));
#6332=CARTESIAN_POINT('',(0.159448818897638,0.71302939688702,0.610236220472441));
#6333=CARTESIAN_POINT('',(0.202755905511811,0.713029396887018,0.610236220472441));
#6334=CARTESIAN_POINT('',(0.116141732283464,0.713029396887022,0.610236220472441));
#6335=CARTESIAN_POINT('',(0.159448818897638,-0.0890748031496074,0.610236220472441));
#6336=CARTESIAN_POINT('',(0.206496062992125,-0.0890748031496069,0.610236220472441));
#6337=CARTESIAN_POINT('',(0.206496062992127,-0.0420275590551196,0.610236220472441));
#6338=CARTESIAN_POINT('',(0.206496062992126,0.322490157480318,0.610236220472441));
#6339=CARTESIAN_POINT('',(0.206496062992126,0.687007874015755,0.610236220472441));
#6340=CARTESIAN_POINT('',(0.159448818897638,0.687007874015755,0.610236220472441));
#6341=CARTESIAN_POINT('',(0.206496062992126,0.687007874015755,0.610236220472441));
#6342=CARTESIAN_POINT('',(0.112401574803149,0.687007874015755,0.610236220472441));
#6343=CARTESIAN_POINT('',(0.206496062992126,0.687007874015755,0.610236220472441));
#6344=CARTESIAN_POINT('',(0.214566929133858,0.687007874015752,0.610236220472441));
#6345=CARTESIAN_POINT('',(0.159448818897638,0.687007874015755,0.610236220472441));
#6346=CARTESIAN_POINT('',(0.214566929133858,0.687007874015759,0.610236220472441));
#6347=CARTESIAN_POINT('',(0.104330708661417,0.687007874015752,0.610236220472441));
#6348=CARTESIAN_POINT('',(0.214566929133858,0.687007874015752,0.610236220472441));
#6349=CARTESIAN_POINT('',(0.214566929133858,0.841331282147863,0.610236220472441));
#6350=CARTESIAN_POINT('',(0.214566929136239,0.842909744261131,0.729558313282141));
#6351=CARTESIAN_POINT('',(0.214566929133857,0.841331282150176,0.610236220702561));
#6352=CARTESIAN_POINT('',(0.214566929133858,0.844488188976381,0.610236220472441));
#6353=CARTESIAN_POINT('',(0.202755905511811,0.841331299545914,0.610236220472441));
#6354=CARTESIAN_POINT('',(0.202755905511811,0.713029396887022,0.610236220472441));
#6355=CARTESIAN_POINT('',(0.202755905511812,0.841331299545914,0.61023622047244));
#6356=CARTESIAN_POINT('',(0.202755905511812,0.826757621988911,0.610429007439055));
#6357=CARTESIAN_POINT('',(0.202993795580041,0.812162954297668,0.613340271771855));
#6358=CARTESIAN_POINT('',(0.201913318995662,0.798649405640703,0.618737395828449));
#6359=CARTESIAN_POINT('',(0.201369518949323,0.791848084360715,0.621453749291825));
#6360=CARTESIAN_POINT('',(0.200443537366495,0.785284924952249,0.624817813724806));
#6361=CARTESIAN_POINT('',(0.198657801365142,0.779248243092869,0.628625332602022));
#6362=CARTESIAN_POINT('',(0.196865948342671,0.773190882639126,0.632445894097722));
#6363=CARTESIAN_POINT('',(0.194198322903532,0.76766601528511,0.636732185703177));
#6364=CARTESIAN_POINT('',(0.190071553515954,0.76308069456013,0.640858955090755));
#6365=CARTESIAN_POINT('',(0.183113578101207,0.755349574675116,0.6478169305055));
#6366=CARTESIAN_POINT('',(0.172361844721013,0.750920765830969,0.653543307086613));
#6367=CARTESIAN_POINT('',(0.159448818897638,0.750920765830965,0.653543307086613));
#6368=CARTESIAN_POINT('',(0.146535793074262,0.750920765830965,0.653543307086613));
#6369=CARTESIAN_POINT('',(0.135784059694064,0.75534957467512,0.647816930505498));
#6370=CARTESIAN_POINT('',(0.128826084279321,0.76308069456013,0.640858955090756));
#6371=CARTESIAN_POINT('',(0.124699314891731,0.767666015285123,0.636732185703166));
#6372=CARTESIAN_POINT('',(0.122031689452608,0.773190882639115,0.632445894097732));
#6373=CARTESIAN_POINT('',(0.120239836430133,0.779248243092873,0.628625332602023));
#6374=CARTESIAN_POINT('',(0.11845410042878,0.785284924952249,0.624817813724808));
#6375=CARTESIAN_POINT('',(0.117528118845951,0.791848084360738,0.621453749291813));
#6376=CARTESIAN_POINT('',(0.116984318799613,0.798649405640716,0.618737395828443));
#6377=CARTESIAN_POINT('',(0.115903842215235,0.81216295429768,0.613340271771852));
#6378=CARTESIAN_POINT('',(0.116141732283465,0.826757621988934,0.610429007439052));
#6379=CARTESIAN_POINT('',(0.116141732283465,0.841331299545938,0.61023622047244));
#6380=CARTESIAN_POINT('',(-0.0433070866141738,0.71302939688702,0.454724409448819));
#6381=CARTESIAN_POINT('',(-2.22044604925031E-16,0.687007874015753,0.454724409448819));
#6382=CARTESIAN_POINT('',(-0.0433070866141738,0.71302939688702,0.498031496062992));
#6383=CARTESIAN_POINT('',(-2.22044604925031E-16,0.687007874015753,0.454724409448819));
#6384=CARTESIAN_POINT('',(-2.24696399175154E-16,0.71302939688702,0.498031496062992));
#6385=CARTESIAN_POINT('',(-2.22044604925031E-16,0.687007874015753,0.454724409448819));
#6386=CARTESIAN_POINT('',(0.0433070866141734,0.71302939688702,0.498031496062992));
#6387=CARTESIAN_POINT('',(-2.22044604925031E-16,0.687007874015753,0.454724409448819));
#6388=CARTESIAN_POINT('',(0.0433070866141734,0.71302939688702,0.454724409448819));
#6389=CARTESIAN_POINT('',(-2.22044604925031E-16,0.687007874015753,0.454724409448819));
#6390=CARTESIAN_POINT('',(-2.22044604925031E-16,-0.0890748031496091,0.454724409448819));
#6391=CARTESIAN_POINT('',(-0.0470472440944876,-0.0890748031496087,0.454724409448818));
#6392=CARTESIAN_POINT('',(-0.0470472440944893,-0.0420275590551213,0.454724409448819));
#6393=CARTESIAN_POINT('',(-0.0470472440944889,0.322490157480316,0.454724409448819));
#6394=CARTESIAN_POINT('',(-0.0470472440944885,0.687007874015753,0.454724409448819));
#6395=CARTESIAN_POINT('',(-2.22044604925031E-16,-0.0890748031496091,0.454724409448819));
#6396=CARTESIAN_POINT('',(-0.0470472440944876,-0.0890748031496087,0.501771653543306));
#6397=CARTESIAN_POINT('',(-0.0470472440944893,-0.0420275590551213,0.501771653543308));
#6398=CARTESIAN_POINT('',(-0.0470472440944889,0.322490157480316,0.501771653543307));
#6399=CARTESIAN_POINT('',(-0.0470472440944885,0.687007874015753,0.501771653543307));
#6400=CARTESIAN_POINT('',(-2.22044604925031E-16,-0.0890748031496091,0.454724409448819));
#6401=CARTESIAN_POINT('',(-2.8043656900074E-16,-0.0890748031496087,0.501771653543306));
#6402=CARTESIAN_POINT('',(-2.24925417769482E-16,-0.0420275590551213,0.501771653543308));
#6403=CARTESIAN_POINT('',(-2.24925417769482E-16,0.322490157480316,0.501771653543307));
#6404=CARTESIAN_POINT('',(-2.24925417769482E-16,0.687007874015753,0.501771653543307));
#6405=CARTESIAN_POINT('',(-2.22044604925031E-16,-0.0890748031496091,0.454724409448819));
#6406=CARTESIAN_POINT('',(0.0470472440944871,-0.0890748031496087,0.501771653543306));
#6407=CARTESIAN_POINT('',(0.0470472440944889,-0.0420275590551213,0.501771653543308));
#6408=CARTESIAN_POINT('',(0.0470472440944884,0.322490157480316,0.501771653543307));
#6409=CARTESIAN_POINT('',(0.047047244094488,0.687007874015753,0.501771653543307));
#6410=CARTESIAN_POINT('',(-2.22044604925031E-16,-0.0890748031496091,0.454724409448819));
#6411=CARTESIAN_POINT('',(0.0470472440944871,-0.0890748031496087,0.454724409448819));
#6412=CARTESIAN_POINT('',(0.0470472440944889,-0.0420275590551213,0.454724409448819));
#6413=CARTESIAN_POINT('',(0.0470472440944885,0.322490157480316,0.454724409448819));
#6414=CARTESIAN_POINT('',(0.047047244094488,0.687007874015753,0.454724409448819));
#6415=CARTESIAN_POINT('',(-0.0470472440944885,0.687007874015753,0.454724409448819));
#6416=CARTESIAN_POINT('',(-0.0551181102362206,0.844488188976376,0.454724409448819));
#6417=CARTESIAN_POINT('',(-0.0433070866141734,0.844488188976376,0.454724409448819));
#6418=CARTESIAN_POINT('',(-0.0551181102362206,0.844488188976376,0.509842519685039));
#6419=CARTESIAN_POINT('',(-0.0433070866141734,0.844488188976376,0.498031496062992));
#6420=CARTESIAN_POINT('',(-2.25419615788823E-16,0.844488188976376,0.509842519685039));
#6421=CARTESIAN_POINT('',(-2.24696399175154E-16,0.844488188976376,0.498031496062992));
#6422=CARTESIAN_POINT('',(0.0551181102362201,0.844488188976376,0.509842519685039));
#6423=CARTESIAN_POINT('',(0.0433070866141729,0.844488188976376,0.498031496062992));
#6424=CARTESIAN_POINT('',(0.0551181102362202,0.844488188976376,0.454724409448819));
#6425=CARTESIAN_POINT('',(0.0433070866141729,0.844488188976376,0.454724409448819));
#6426=CARTESIAN_POINT('',(0.0551181102362201,0.844488188976376,0.399606299212598));
#6427=CARTESIAN_POINT('',(0.0433070866141729,0.844488188976376,0.411417322834645));
#6428=CARTESIAN_POINT('',(-2.11919572333656E-16,0.844488188976376,0.399606299212598));
#6429=CARTESIAN_POINT('',(-2.14089222174665E-16,0.844488188976376,0.411417322834645));
#6430=CARTESIAN_POINT('',(-0.0551181102362206,0.844488188976376,0.399606299212598));
#6431=CARTESIAN_POINT('',(-0.0433070866141734,0.844488188976376,0.411417322834645));
#6432=CARTESIAN_POINT('',(-0.0551181102362206,0.844488188976376,0.454724409448819));
#6433=CARTESIAN_POINT('',(-0.0433070866141734,0.844488188976376,0.454724409448819));
#6434=CARTESIAN_POINT('',(-2.22044604925031E-16,0.765748031496063,0.454724409448819));
#6435=CARTESIAN_POINT('',(-2.22044604925031E-16,0.778758792931698,0.454724409448819));
#6436=CARTESIAN_POINT('',(-7.65528548327157E-16,0.842909744261134,0.574046502250748));
#6437=CARTESIAN_POINT('',(0.0433070866141734,0.71302939688702,0.454724409448819));
#6438=CARTESIAN_POINT('',(-2.22044604925031E-16,0.687007874015753,0.454724409448819));
#6439=CARTESIAN_POINT('',(0.0433070866141734,0.71302939688702,0.411417322834645));
#6440=CARTESIAN_POINT('',(-2.22044604925031E-16,0.687007874015753,0.454724409448819));
#6441=CARTESIAN_POINT('',(-2.19392810674909E-16,0.71302939688702,0.411417322834645));
#6442=CARTESIAN_POINT('',(-2.22044604925031E-16,0.687007874015753,0.454724409448819));
#6443=CARTESIAN_POINT('',(-0.0433070866141738,0.71302939688702,0.411417322834645));
#6444=CARTESIAN_POINT('',(-2.22044604925031E-16,0.687007874015753,0.454724409448819));
#6445=CARTESIAN_POINT('',(-0.0433070866141738,0.71302939688702,0.454724409448819));
#6446=CARTESIAN_POINT('',(-2.22044604925031E-16,0.687007874015753,0.454724409448819));
#6447=CARTESIAN_POINT('',(-2.22044604925031E-16,-0.0890748031496091,0.454724409448819));
#6448=CARTESIAN_POINT('',(0.0470472440944871,-0.0890748031496087,0.454724409448819));
#6449=CARTESIAN_POINT('',(0.0470472440944889,-0.0420275590551213,0.454724409448819));
#6450=CARTESIAN_POINT('',(0.0470472440944885,0.322490157480316,0.454724409448819));
#6451=CARTESIAN_POINT('',(0.047047244094488,0.687007874015753,0.454724409448819));
#6452=CARTESIAN_POINT('',(-2.22044604925031E-16,-0.0890748031496091,0.454724409448819));
#6453=CARTESIAN_POINT('',(0.0470472440944872,-0.0890748031496087,0.407677165354331));
#6454=CARTESIAN_POINT('',(0.0470472440944889,-0.0420275590551213,0.407677165354329));
#6455=CARTESIAN_POINT('',(0.0470472440944885,0.322490157480316,0.40767716535433));
#6456=CARTESIAN_POINT('',(0.047047244094488,0.687007874015753,0.40767716535433));
#6457=CARTESIAN_POINT('',(-2.22044604925031E-16,-0.0890748031496091,0.454724409448819));
#6458=CARTESIAN_POINT('',(-1.08141489618065E-16,-0.0890748031496087,0.407677165354331));
#6459=CARTESIAN_POINT('',(-2.1916379208058E-16,-0.0420275590551213,0.407677165354329));
#6460=CARTESIAN_POINT('',(-2.1916379208058E-16,0.322490157480316,0.40767716535433));
#6461=CARTESIAN_POINT('',(-2.1916379208058E-16,0.687007874015753,0.40767716535433));
#6462=CARTESIAN_POINT('',(-2.22044604925031E-16,-0.0890748031496091,0.454724409448819));
#6463=CARTESIAN_POINT('',(-0.0470472440944874,-0.0890748031496087,0.407677165354331));
#6464=CARTESIAN_POINT('',(-0.0470472440944893,-0.0420275590551213,0.407677165354329));
#6465=CARTESIAN_POINT('',(-0.0470472440944889,0.322490157480316,0.40767716535433));
#6466=CARTESIAN_POINT('',(-0.0470472440944884,0.687007874015753,0.40767716535433));
#6467=CARTESIAN_POINT('',(-2.22044604925031E-16,-0.0890748031496091,0.454724409448819));
#6468=CARTESIAN_POINT('',(-0.0470472440944876,-0.0890748031496087,0.454724409448818));
#6469=CARTESIAN_POINT('',(-0.0470472440944893,-0.0420275590551213,0.454724409448819));
#6470=CARTESIAN_POINT('',(-0.0470472440944889,0.322490157480316,0.454724409448819));
#6471=CARTESIAN_POINT('',(-0.0470472440944885,0.687007874015753,0.454724409448819));
#6472=CARTESIAN_POINT('',(0.047047244094488,0.687007874015753,0.454724409448819));
#6473=CARTESIAN_POINT('',(-2.77555756156289E-16,0.765748031496063,0.454724409448819));
#6474=CARTESIAN_POINT('',(-2.22044604925031E-16,0.778758792931698,0.454724409448819));
#6475=CARTESIAN_POINT('',(-2.22044604925031E-16,-0.0890748031496091,0.454724409448819));
#6476=CARTESIAN_POINT('',(-2.22044604925031E-16,0.687007874015753,0.454724409448819));
#6477=CARTESIAN_POINT('',(-0.0433070866141738,0.71302939688702,0.454724409448819));
#6478=CARTESIAN_POINT('',(-0.0433070866141734,0.844488188976376,0.454724409448819));
#6479=CARTESIAN_POINT('',(-0.0551181102362206,0.844488188976376,0.454724409448819));
#6480=CARTESIAN_POINT('',(-0.0551181102362206,0.68700787401575,0.454724409448819));
#6481=CARTESIAN_POINT('',(-0.0470472440944885,0.687007874015753,0.454724409448819));
#6482=CARTESIAN_POINT('',(-0.0551181102362206,0.841331299545955,0.454724409448819));
#6483=CARTESIAN_POINT('',(0.0551181102362197,0.844488188976378,0.454724409448819));
#6484=CARTESIAN_POINT('',(0.0433070866141725,0.844488188976376,0.454724409448819));
#6485=CARTESIAN_POINT('',(-0.0433070866141729,0.841331299545935,0.454724409448818));
#6486=CARTESIAN_POINT('',(0.0433070866141734,0.713029396887016,0.454724409448819));
#6487=CARTESIAN_POINT('',(0.047047244094488,0.687007874015753,0.454724409448819));
#6488=CARTESIAN_POINT('',(0.0551181102362202,0.687007874015757,0.454724409448819));
#6489=CARTESIAN_POINT('',(0.0551181102362188,0.841331282150176,0.454724409678938));
#6490=CARTESIAN_POINT('',(0.0433070866141739,0.841331299545913,0.454724409448818));
#6491=CARTESIAN_POINT('',(-2.22044604925031E-16,-0.0890748031496091,0.454724409448819));
#6492=CARTESIAN_POINT('',(-0.0470472440944876,-0.0890748031496087,0.454724409448818));
#6493=CARTESIAN_POINT('',(-0.0470472440944893,-0.0420275590551213,0.454724409448819));
#6494=CARTESIAN_POINT('',(-0.0470472440944889,0.322490157480316,0.454724409448819));
#6495=CARTESIAN_POINT('',(-0.0470472440944885,0.687007874015753,0.454724409448819));
#6496=CARTESIAN_POINT('',(-0.0433070866141738,0.71302939688702,0.454724409448819));
#6497=CARTESIAN_POINT('',(-2.22044604925031E-16,0.687007874015753,0.454724409448819));
#6498=CARTESIAN_POINT('',(-0.0551181102362206,0.844488188976376,0.454724409448819));
#6499=CARTESIAN_POINT('',(-0.0433070866141734,0.844488188976376,0.454724409448819));
#6500=CARTESIAN_POINT('',(-0.0551181102362206,0.68700787401575,0.454724409448819));
#6501=CARTESIAN_POINT('',(-0.0551181102362206,0.841331299545955,0.454724409448819));
#6502=CARTESIAN_POINT('',(-0.0470472440944885,0.687007874015753,0.454724409448819));
#6503=CARTESIAN_POINT('',(-0.0551181102362206,0.68700787401575,0.454724409448819));
#6504=CARTESIAN_POINT('',(-2.22044604925031E-16,0.687007874015753,0.454724409448819));
#6505=CARTESIAN_POINT('',(-0.0470472440944885,0.687007874015753,0.454724409448819));
#6506=CARTESIAN_POINT('',(0.047047244094488,0.687007874015753,0.454724409448819));
#6507=CARTESIAN_POINT('',(-2.22044604925031E-16,0.687007874015753,0.454724409448819));
#6508=CARTESIAN_POINT('',(-0.0551181102362206,0.68700787401575,0.454724409448819));
#6509=CARTESIAN_POINT('',(0.0551181102362202,0.687007874015757,0.454724409448819));
#6510=CARTESIAN_POINT('',(-2.22044604925031E-16,0.713029396887018,0.454724409448819));
#6511=CARTESIAN_POINT('',(-0.0433070866141738,0.71302939688702,0.454724409448819));
#6512=CARTESIAN_POINT('',(0.0433070866141734,0.713029396887016,0.454724409448819));
#6513=CARTESIAN_POINT('',(0.0433070866141725,0.844488188976376,0.454724409448819));
#6514=CARTESIAN_POINT('',(0.0551181102362197,0.844488188976378,0.454724409448819));
#6515=CARTESIAN_POINT('',(-0.0433070866141729,0.841331299545935,0.454724409448818));
#6516=CARTESIAN_POINT('',(-0.0433070866141738,0.71302939688702,0.454724409448819));
#6517=CARTESIAN_POINT('',(-2.35513868802568E-16,0.844488188976376,0.454724409448819));
#6518=CARTESIAN_POINT('',(0.0551181102362202,0.844488188976376,0.454724409448819));
#6519=CARTESIAN_POINT('',(-0.0551181102362206,0.844488188976376,0.454724409448819));
#6520=CARTESIAN_POINT('',(-1.96261557335473E-16,0.844488188976376,0.454724409448819));
#6521=CARTESIAN_POINT('',(0.0433070866141729,0.844488188976376,0.454724409448819));
#6522=CARTESIAN_POINT('',(-0.0433070866141733,0.844488188976376,0.454724409448819));
#6523=CARTESIAN_POINT('',(-0.0551181102362206,0.841331299545955,0.454724409448819));
#6524=CARTESIAN_POINT('',(-0.0551181102362206,0.844488188976376,0.454724409448819));
#6525=CARTESIAN_POINT('',(-0.0433070866141734,0.844488188976376,0.454724409448819));
#6526=CARTESIAN_POINT('',(-0.0433070866141729,0.841331299545935,0.454724409448818));
#6527=CARTESIAN_POINT('',(0.0433070866256685,0.842909744261109,0.574046502258006));
#6528=CARTESIAN_POINT('',(0.0433070866141725,0.844488188976376,0.454724409448819));
#6529=CARTESIAN_POINT('',(0.0433070866141739,0.841331299545913,0.454724409448818));
#6530=CARTESIAN_POINT('',(-0.0551181102362206,0.841331299545955,0.454724409448819));
#6531=CARTESIAN_POINT('',(-0.0551181102362206,0.832982755702611,0.454834847630043));
#6532=CARTESIAN_POINT('',(-0.0551381853563979,0.824660908276018,0.455822401470959));
#6533=CARTESIAN_POINT('',(-0.05494071666111,0.808383400106463,0.459513661632731));
#6534=CARTESIAN_POINT('',(-0.0547218224589721,0.800432770164759,0.462220185062323));
#6535=CARTESIAN_POINT('',(-0.0532974660588612,0.785262174123934,0.469225422022102));
#6536=CARTESIAN_POINT('',(-0.0520813351484566,0.778048959504323,0.473551459773991));
#6537=CARTESIAN_POINT('',(-0.0474460568728963,0.764994773065769,0.483292755814492));
#6538=CARTESIAN_POINT('',(-0.044046250129959,0.75929869154001,0.4886269383473));
#6539=CARTESIAN_POINT('',(-0.0389743895142198,0.754679931302352,0.493698798963039));
#6540=CARTESIAN_POINT('',(-0.0344175596049603,0.750530190923181,0.498255628872298));
#6541=CARTESIAN_POINT('',(-0.0287219998293404,0.747451856747183,0.5023455971318));
#6542=CARTESIAN_POINT('',(-0.0151691768582871,0.743307211999584,0.50822487821041));
#6543=CARTESIAN_POINT('',(-0.00766383726635511,0.742320967844211,0.50984251968504));
#6544=CARTESIAN_POINT('',(1.55431223447522E-15,0.742320967844213,0.50984251968504));
#6545=CARTESIAN_POINT('',(0.00766383726636621,0.742320967844211,0.50984251968504));
#6546=CARTESIAN_POINT('',(0.0151691768582738,0.74330721199958,0.508224878210416));
#6547=CARTESIAN_POINT('',(0.0287219998293258,0.747451856747178,0.502345597131806));
#6548=CARTESIAN_POINT('',(0.0344175596049683,0.75053019092319,0.498255628872289));
#6549=CARTESIAN_POINT('',(0.0389743895142185,0.754679931302352,0.493698798963039));
#6550=CARTESIAN_POINT('',(0.0440462501299719,0.759298691540023,0.488626938347285));
#6551=CARTESIAN_POINT('',(0.0474460568728829,0.764994773065737,0.483292755814516));
#6552=CARTESIAN_POINT('',(0.0520813351484526,0.778048959504309,0.473551459773998));
#6553=CARTESIAN_POINT('',(0.0532974660588559,0.785262174123908,0.469225422022117));
#6554=CARTESIAN_POINT('',(0.0547218224589689,0.800432770164726,0.462220185062336));
#6555=CARTESIAN_POINT('',(0.0549407166611082,0.808383400106422,0.459513661632743));
#6556=CARTESIAN_POINT('',(0.0551381852877905,0.824660902620693,0.455822402753417));
#6557=CARTESIAN_POINT('',(0.0551181102641055,0.832982744142504,0.454834849001881));
#6558=CARTESIAN_POINT('',(0.0551181102362188,0.841331282150176,0.454724409678938));
#6559=CARTESIAN_POINT('',(0.0433070866141734,0.71302939688702,0.454724409448819));
#6560=CARTESIAN_POINT('',(-2.22044604925031E-16,0.687007874015753,0.454724409448819));
#6561=CARTESIAN_POINT('',(-1.96261557335472E-16,0.713029396887018,0.454724409448818));
#6562=CARTESIAN_POINT('',(0.0433070866141734,0.713029396887016,0.454724409448819));
#6563=CARTESIAN_POINT('',(-0.0433070866141738,0.71302939688702,0.454724409448819));
#6564=CARTESIAN_POINT('',(-2.22044604925031E-16,-0.0890748031496091,0.454724409448819));
#6565=CARTESIAN_POINT('',(0.0470472440944871,-0.0890748031496087,0.454724409448818));
#6566=CARTESIAN_POINT('',(0.0470472440944889,-0.0420275590551213,0.454724409448819));
#6567=CARTESIAN_POINT('',(0.0470472440944885,0.322490157480316,0.454724409448819));
#6568=CARTESIAN_POINT('',(0.047047244094488,0.687007874015753,0.454724409448819));
#6569=CARTESIAN_POINT('',(-1.96261557335472E-16,0.687007874015753,0.454724409448819));
#6570=CARTESIAN_POINT('',(0.047047244094488,0.687007874015753,0.454724409448819));
#6571=CARTESIAN_POINT('',(-0.0470472440944884,0.687007874015753,0.454724409448819));
#6572=CARTESIAN_POINT('',(0.047047244094488,0.687007874015753,0.454724409448819));
#6573=CARTESIAN_POINT('',(0.0551181102362202,0.68700787401575,0.454724409448819));
#6574=CARTESIAN_POINT('',(-1.96261557335472E-16,0.687007874015753,0.454724409448819));
#6575=CARTESIAN_POINT('',(0.0551181102362202,0.687007874015757,0.454724409448819));
#6576=CARTESIAN_POINT('',(-0.0551181102362205,0.68700787401575,0.454724409448819));
#6577=CARTESIAN_POINT('',(0.0551181102362202,0.68700787401575,0.454724409448819));
#6578=CARTESIAN_POINT('',(0.0551181102362202,0.841331282147863,0.454724409448819));
#6579=CARTESIAN_POINT('',(0.0551181102388001,0.842909744261126,0.57404650225711));
#6580=CARTESIAN_POINT('',(0.0551181102362188,0.841331282150176,0.454724409678938));
#6581=CARTESIAN_POINT('',(0.0551181102362199,0.844488188976379,0.454724409448819));
#6582=CARTESIAN_POINT('',(0.0433070866141729,0.841331299545912,0.454724409448819));
#6583=CARTESIAN_POINT('',(0.0433070866141734,0.71302939688702,0.454724409448819));
#6584=CARTESIAN_POINT('',(0.0433070866141739,0.841331299545913,0.454724409448818));
#6585=CARTESIAN_POINT('',(0.0433070866141739,0.826757621988909,0.454917196415433));
#6586=CARTESIAN_POINT('',(0.0435449766824025,0.812162954297666,0.457828460748232));
#6587=CARTESIAN_POINT('',(0.0424645000980241,0.798649405640701,0.463225584804827));
#6588=CARTESIAN_POINT('',(0.041920700051685,0.791848084360713,0.465941938268203));
#6589=CARTESIAN_POINT('',(0.0409947184688574,0.785284924952247,0.469306002701184));
#6590=CARTESIAN_POINT('',(0.0392089824675036,0.779248243092867,0.4731135215784));
#6591=CARTESIAN_POINT('',(0.0374171294450325,0.773190882639124,0.4769340830741));
#6592=CARTESIAN_POINT('',(0.0347495040058936,0.767666015285109,0.481220374679555));
#6593=CARTESIAN_POINT('',(0.0306227346183163,0.763080694560129,0.485347144067133));
#6594=CARTESIAN_POINT('',(0.023664759203569,0.755349574675114,0.492305119481878));
#6595=CARTESIAN_POINT('',(0.0129130258233752,0.750920765830967,0.498031496062991));
#6596=CARTESIAN_POINT('',(3.35299631438965E-16,0.750920765830963,0.498031496062991));
#6597=CARTESIAN_POINT('',(-0.0129130258233759,0.750920765830963,0.498031496062991));
#6598=CARTESIAN_POINT('',(-0.0236647592035737,0.755349574675118,0.492305119481875));
#6599=CARTESIAN_POINT('',(-0.030622734618317,0.763080694560129,0.485347144067133));
#6600=CARTESIAN_POINT('',(-0.0347495040059068,0.767666015285121,0.481220374679544));
#6601=CARTESIAN_POINT('',(-0.0374171294450296,0.773190882639113,0.476934083074109));
#6602=CARTESIAN_POINT('',(-0.0392089824675054,0.779248243092871,0.4731135215784));
#6603=CARTESIAN_POINT('',(-0.0409947184688585,0.785284924952247,0.469306002701186));
#6604=CARTESIAN_POINT('',(-0.0419207000516866,0.791848084360736,0.465941938268191));
#6605=CARTESIAN_POINT('',(-0.0424645000980246,0.798649405640714,0.46322558480482));
#6606=CARTESIAN_POINT('',(-0.0435449766824027,0.812162954297678,0.457828460748229));
#6607=CARTESIAN_POINT('',(-0.0433070866141728,0.826757621988932,0.45491719641543));
#6608=CARTESIAN_POINT('',(-0.0433070866141728,0.841331299545936,0.454724409448818));
#6609=CARTESIAN_POINT('',(-0.202755905511812,0.71302939688702,0.610236220472441));
#6610=CARTESIAN_POINT('',(-0.159448818897638,0.687007874015753,0.610236220472441));
#6611=CARTESIAN_POINT('',(-0.202755905511812,0.71302939688702,0.653543307086615));
#6612=CARTESIAN_POINT('',(-0.159448818897638,0.687007874015753,0.610236220472441));
#6613=CARTESIAN_POINT('',(-0.159448818897638,0.71302939688702,0.653543307086615));
#6614=CARTESIAN_POINT('',(-0.159448818897638,0.687007874015753,0.610236220472441));
#6615=CARTESIAN_POINT('',(-0.116141732283465,0.71302939688702,0.653543307086615));
#6616=CARTESIAN_POINT('',(-0.159448818897638,0.687007874015753,0.610236220472441));
#6617=CARTESIAN_POINT('',(-0.116141732283465,0.71302939688702,0.610236220472441));
#6618=CARTESIAN_POINT('',(-0.159448818897638,0.687007874015753,0.610236220472441));
#6619=CARTESIAN_POINT('',(-0.159448818897638,-0.0890748031496091,0.610236220472441));
#6620=CARTESIAN_POINT('',(-0.206496062992126,-0.0890748031496087,0.610236220472441));
#6621=CARTESIAN_POINT('',(-0.206496062992127,-0.0420275590551213,0.610236220472441));
#6622=CARTESIAN_POINT('',(-0.206496062992127,0.322490157480316,0.610236220472441));
#6623=CARTESIAN_POINT('',(-0.206496062992126,0.687007874015753,0.610236220472441));
#6624=CARTESIAN_POINT('',(-0.159448818897638,-0.0890748031496091,0.610236220472441));
#6625=CARTESIAN_POINT('',(-0.206496062992126,-0.0890748031496087,0.657283464566929));
#6626=CARTESIAN_POINT('',(-0.206496062992127,-0.0420275590551213,0.65728346456693));
#6627=CARTESIAN_POINT('',(-0.206496062992127,0.322490157480316,0.65728346456693));
#6628=CARTESIAN_POINT('',(-0.206496062992126,0.687007874015753,0.657283464566929));
#6629=CARTESIAN_POINT('',(-0.159448818897638,-0.0890748031496091,0.610236220472441));
#6630=CARTESIAN_POINT('',(-0.159448818897638,-0.0890748031496087,0.657283464566929));
#6631=CARTESIAN_POINT('',(-0.159448818897638,-0.0420275590551213,0.65728346456693));
#6632=CARTESIAN_POINT('',(-0.159448818897638,0.322490157480316,0.65728346456693));
#6633=CARTESIAN_POINT('',(-0.159448818897638,0.687007874015753,0.657283464566929));
#6634=CARTESIAN_POINT('',(-0.159448818897638,-0.0890748031496091,0.610236220472441));
#6635=CARTESIAN_POINT('',(-0.112401574803151,-0.0890748031496087,0.657283464566929));
#6636=CARTESIAN_POINT('',(-0.112401574803149,-0.0420275590551213,0.65728346456693));
#6637=CARTESIAN_POINT('',(-0.112401574803149,0.322490157480316,0.65728346456693));
#6638=CARTESIAN_POINT('',(-0.11240157480315,0.687007874015753,0.657283464566929));
#6639=CARTESIAN_POINT('',(-0.159448818897638,-0.0890748031496091,0.610236220472441));
#6640=CARTESIAN_POINT('',(-0.112401574803151,-0.0890748031496087,0.610236220472441));
#6641=CARTESIAN_POINT('',(-0.112401574803149,-0.0420275590551213,0.610236220472441));
#6642=CARTESIAN_POINT('',(-0.112401574803149,0.322490157480316,0.610236220472441));
#6643=CARTESIAN_POINT('',(-0.11240157480315,0.687007874015753,0.610236220472441));
#6644=CARTESIAN_POINT('',(-0.206496062992126,0.687007874015753,0.610236220472441));
#6645=CARTESIAN_POINT('',(-0.214566929133859,0.844488188976376,0.610236220472441));
#6646=CARTESIAN_POINT('',(-0.202755905511811,0.844488188976376,0.610236220472441));
#6647=CARTESIAN_POINT('',(-0.214566929133859,0.844488188976376,0.665354330708662));
#6648=CARTESIAN_POINT('',(-0.202755905511811,0.844488188976376,0.653543307086614));
#6649=CARTESIAN_POINT('',(-0.159448818897638,0.844488188976376,0.665354330708662));
#6650=CARTESIAN_POINT('',(-0.159448818897638,0.844488188976376,0.653543307086614));
#6651=CARTESIAN_POINT('',(-0.104330708661418,0.844488188976376,0.665354330708662));
#6652=CARTESIAN_POINT('',(-0.116141732283465,0.844488188976376,0.653543307086614));
#6653=CARTESIAN_POINT('',(-0.104330708661418,0.844488188976376,0.610236220472441));
#6654=CARTESIAN_POINT('',(-0.116141732283465,0.844488188976376,0.610236220472441));
#6655=CARTESIAN_POINT('',(-0.104330708661418,0.844488188976376,0.555118110236221));
#6656=CARTESIAN_POINT('',(-0.116141732283465,0.844488188976376,0.566929133858268));
#6657=CARTESIAN_POINT('',(-0.159448818897638,0.844488188976376,0.555118110236221));
#6658=CARTESIAN_POINT('',(-0.159448818897638,0.844488188976376,0.566929133858268));
#6659=CARTESIAN_POINT('',(-0.214566929133859,0.844488188976376,0.555118110236221));
#6660=CARTESIAN_POINT('',(-0.202755905511811,0.844488188976376,0.566929133858268));
#6661=CARTESIAN_POINT('',(-0.214566929133859,0.844488188976376,0.610236220472441));
#6662=CARTESIAN_POINT('',(-0.202755905511811,0.844488188976376,0.610236220472441));
#6663=CARTESIAN_POINT('',(-0.159448818897638,0.765748031496063,0.610236220472441));
#6664=CARTESIAN_POINT('',(-0.159448818897638,0.778758792931698,0.610236220472441));
#6665=CARTESIAN_POINT('',(-0.159448818897639,0.842909744261134,0.729558313274371));
#6666=CARTESIAN_POINT('',(-0.116141732283465,0.71302939688702,0.610236220472441));
#6667=CARTESIAN_POINT('',(-0.159448818897638,0.687007874015753,0.610236220472441));
#6668=CARTESIAN_POINT('',(-0.116141732283465,0.71302939688702,0.566929133858268));
#6669=CARTESIAN_POINT('',(-0.159448818897638,0.687007874015753,0.610236220472441));
#6670=CARTESIAN_POINT('',(-0.159448818897638,0.71302939688702,0.566929133858268));
#6671=CARTESIAN_POINT('',(-0.159448818897638,0.687007874015753,0.610236220472441));
#6672=CARTESIAN_POINT('',(-0.202755905511812,0.71302939688702,0.566929133858268));
#6673=CARTESIAN_POINT('',(-0.159448818897638,0.687007874015753,0.610236220472441));
#6674=CARTESIAN_POINT('',(-0.202755905511812,0.71302939688702,0.610236220472441));
#6675=CARTESIAN_POINT('',(-0.159448818897638,0.687007874015753,0.610236220472441));
#6676=CARTESIAN_POINT('',(-0.159448818897638,-0.0890748031496091,0.610236220472441));
#6677=CARTESIAN_POINT('',(-0.112401574803151,-0.0890748031496087,0.610236220472441));
#6678=CARTESIAN_POINT('',(-0.112401574803149,-0.0420275590551213,0.610236220472441));
#6679=CARTESIAN_POINT('',(-0.112401574803149,0.322490157480316,0.610236220472441));
#6680=CARTESIAN_POINT('',(-0.11240157480315,0.687007874015753,0.610236220472441));
#6681=CARTESIAN_POINT('',(-0.159448818897638,-0.0890748031496091,0.610236220472441));
#6682=CARTESIAN_POINT('',(-0.112401574803151,-0.0890748031496087,0.563188976377954));
#6683=CARTESIAN_POINT('',(-0.112401574803149,-0.0420275590551213,0.563188976377952));
#6684=CARTESIAN_POINT('',(-0.112401574803149,0.322490157480316,0.563188976377953));
#6685=CARTESIAN_POINT('',(-0.11240157480315,0.687007874015753,0.563188976377953));
#6686=CARTESIAN_POINT('',(-0.159448818897638,-0.0890748031496091,0.610236220472441));
#6687=CARTESIAN_POINT('',(-0.159448818897638,-0.0890748031496087,0.563188976377954));
#6688=CARTESIAN_POINT('',(-0.159448818897638,-0.0420275590551213,0.563188976377952));
#6689=CARTESIAN_POINT('',(-0.159448818897638,0.322490157480316,0.563188976377953));
#6690=CARTESIAN_POINT('',(-0.159448818897638,0.687007874015753,0.563188976377953));
#6691=CARTESIAN_POINT('',(-0.159448818897638,-0.0890748031496091,0.610236220472441));
#6692=CARTESIAN_POINT('',(-0.206496062992126,-0.0890748031496087,0.563188976377954));
#6693=CARTESIAN_POINT('',(-0.206496062992127,-0.0420275590551213,0.563188976377952));
#6694=CARTESIAN_POINT('',(-0.206496062992127,0.322490157480316,0.563188976377953));
#6695=CARTESIAN_POINT('',(-0.206496062992126,0.687007874015753,0.563188976377953));
#6696=CARTESIAN_POINT('',(-0.159448818897638,-0.0890748031496091,0.610236220472441));
#6697=CARTESIAN_POINT('',(-0.206496062992126,-0.0890748031496087,0.610236220472441));
#6698=CARTESIAN_POINT('',(-0.206496062992127,-0.0420275590551213,0.610236220472441));
#6699=CARTESIAN_POINT('',(-0.206496062992127,0.322490157480316,0.610236220472441));
#6700=CARTESIAN_POINT('',(-0.206496062992126,0.687007874015753,0.610236220472441));
#6701=CARTESIAN_POINT('',(-0.11240157480315,0.687007874015753,0.610236220472441));
#6702=CARTESIAN_POINT('',(-0.159448818897638,0.765748031496063,0.610236220472441));
#6703=CARTESIAN_POINT('',(-0.159448818897638,0.778758792931698,0.610236220472441));
#6704=CARTESIAN_POINT('',(-0.159448818897638,-0.0890748031496091,0.610236220472441));
#6705=CARTESIAN_POINT('',(-0.159448818897638,0.687007874015753,0.610236220472441));
#6706=CARTESIAN_POINT('',(-0.202755905511812,0.71302939688702,0.610236220472441));
#6707=CARTESIAN_POINT('',(-0.202755905511811,0.844488188976376,0.610236220472442));
#6708=CARTESIAN_POINT('',(-0.214566929133859,0.844488188976376,0.610236220472442));
#6709=CARTESIAN_POINT('',(-0.214566929133859,0.68700787401575,0.610236220472441));
#6710=CARTESIAN_POINT('',(-0.206496062992126,0.687007874015753,0.610236220472441));
#6711=CARTESIAN_POINT('',(-0.214566929133859,0.841331299545955,0.610236220472442));
#6712=CARTESIAN_POINT('',(-0.104330708661418,0.844488188976378,0.610236220472442));
#6713=CARTESIAN_POINT('',(-0.116141732283465,0.844488188976376,0.610236220472442));
#6714=CARTESIAN_POINT('',(-0.202755905511811,0.841331299545935,0.610236220472441));
#6715=CARTESIAN_POINT('',(-0.116141732283465,0.713029396887016,0.610236220472441));
#6716=CARTESIAN_POINT('',(-0.11240157480315,0.687007874015753,0.610236220472441));
#6717=CARTESIAN_POINT('',(-0.104330708661418,0.687007874015757,0.610236220472441));
#6718=CARTESIAN_POINT('',(-0.104330708661419,0.841331282150181,0.610236220702561));
#6719=CARTESIAN_POINT('',(-0.116141732283464,0.841331299545913,0.610236220472441));
#6720=CARTESIAN_POINT('',(-0.159448818897638,-0.0890748031496091,0.610236220472441));
#6721=CARTESIAN_POINT('',(-0.206496062992126,-0.0890748031496087,0.610236220472441));
#6722=CARTESIAN_POINT('',(-0.206496062992127,-0.0420275590551213,0.610236220472441));
#6723=CARTESIAN_POINT('',(-0.206496062992127,0.322490157480316,0.610236220472441));
#6724=CARTESIAN_POINT('',(-0.206496062992126,0.687007874015753,0.610236220472441));
#6725=CARTESIAN_POINT('',(-0.202755905511812,0.71302939688702,0.610236220472441));
#6726=CARTESIAN_POINT('',(-0.159448818897638,0.687007874015753,0.610236220472441));
#6727=CARTESIAN_POINT('',(-0.214566929133859,0.844488188976376,0.610236220472442));
#6728=CARTESIAN_POINT('',(-0.202755905511811,0.844488188976376,0.610236220472442));
#6729=CARTESIAN_POINT('',(-0.214566929133859,0.68700787401575,0.610236220472441));
#6730=CARTESIAN_POINT('',(-0.214566929133859,0.841331299545955,0.610236220472442));
#6731=CARTESIAN_POINT('',(-0.206496062992126,0.687007874015753,0.610236220472441));
#6732=CARTESIAN_POINT('',(-0.214566929133859,0.68700787401575,0.610236220472441));
#6733=CARTESIAN_POINT('',(-0.159448818897638,0.687007874015753,0.610236220472441));
#6734=CARTESIAN_POINT('',(-0.206496062992126,0.687007874015753,0.610236220472441));
#6735=CARTESIAN_POINT('',(-0.11240157480315,0.687007874015753,0.610236220472441));
#6736=CARTESIAN_POINT('',(-0.159448818897638,0.687007874015754,0.610236220472441));
#6737=CARTESIAN_POINT('',(-0.214566929133859,0.68700787401575,0.610236220472441));
#6738=CARTESIAN_POINT('',(-0.104330708661418,0.687007874015757,0.610236220472441));
#6739=CARTESIAN_POINT('',(-0.159448818897638,0.713029396887018,0.610236220472441));
#6740=CARTESIAN_POINT('',(-0.202755905511812,0.71302939688702,0.610236220472441));
#6741=CARTESIAN_POINT('',(-0.116141732283465,0.713029396887016,0.610236220472441));
#6742=CARTESIAN_POINT('',(-0.116141732283465,0.844488188976376,0.610236220472442));
#6743=CARTESIAN_POINT('',(-0.104330708661418,0.844488188976378,0.610236220472442));
#6744=CARTESIAN_POINT('',(-0.202755905511811,0.841331299545935,0.610236220472441));
#6745=CARTESIAN_POINT('',(-0.202755905511812,0.71302939688702,0.610236220472441));
#6746=CARTESIAN_POINT('',(-0.159448818897638,0.844488188976376,0.610236220472441));
#6747=CARTESIAN_POINT('',(-0.104330708661418,0.844488188976376,0.610236220472442));
#6748=CARTESIAN_POINT('',(-0.214566929133858,0.844488188976376,0.610236220472441));
#6749=CARTESIAN_POINT('',(-0.159448818897638,0.844488188976376,0.610236220472441));
#6750=CARTESIAN_POINT('',(-0.116141732283465,0.844488188976376,0.610236220472442));
#6751=CARTESIAN_POINT('',(-0.202755905511811,0.844488188976376,0.610236220472441));
#6752=CARTESIAN_POINT('',(-0.214566929133859,0.841331299545955,0.610236220472442));
#6753=CARTESIAN_POINT('',(-0.214566929133859,0.844488188976376,0.610236220472442));
#6754=CARTESIAN_POINT('',(-0.202755905511811,0.844488188976376,0.610236220472442));
#6755=CARTESIAN_POINT('',(-0.202755905511811,0.841331299545935,0.610236220472441));
#6756=CARTESIAN_POINT('',(-0.116141732272843,0.842909744261115,0.729558313280052));
#6757=CARTESIAN_POINT('',(-0.116141732283465,0.844488188976376,0.610236220472442));
#6758=CARTESIAN_POINT('',(-0.116141732283464,0.841331299545913,0.610236220472441));
#6759=CARTESIAN_POINT('',(-0.214566929133859,0.841331299545955,0.610236220472442));
#6760=CARTESIAN_POINT('',(-0.214566929133859,0.832982755702611,0.610346658653666));
#6761=CARTESIAN_POINT('',(-0.214587004254036,0.824660908276018,0.611334212494581));
#6762=CARTESIAN_POINT('',(-0.214389535558748,0.808383400106463,0.615025472656353));
#6763=CARTESIAN_POINT('',(-0.21417064135661,0.800432770164759,0.617731996085946));
#6764=CARTESIAN_POINT('',(-0.212746284956499,0.785262174123934,0.624737233045725));
#6765=CARTESIAN_POINT('',(-0.211530154046095,0.778048959504323,0.629063270797614));
#6766=CARTESIAN_POINT('',(-0.206894875770534,0.764994773065769,0.638804566838115));
#6767=CARTESIAN_POINT('',(-0.203495069027597,0.75929869154001,0.644138749370923));
#6768=CARTESIAN_POINT('',(-0.198423208411858,0.754679931302352,0.649210609986661));
#6769=CARTESIAN_POINT('',(-0.193866378502598,0.750530190923181,0.653767439895921));
#6770=CARTESIAN_POINT('',(-0.188170818726978,0.747451856747183,0.657857408155423));
#6771=CARTESIAN_POINT('',(-0.174617995755925,0.743307211999584,0.663736689234033));
#6772=CARTESIAN_POINT('',(-0.167112656163993,0.742320967844211,0.665354330708663));
#6773=CARTESIAN_POINT('',(-0.159448818897636,0.742320967844213,0.665354330708663));
#6774=CARTESIAN_POINT('',(-0.151784981631272,0.742320967844211,0.665354330708663));
#6775=CARTESIAN_POINT('',(-0.144279642039364,0.74330721199958,0.663736689234038));
#6776=CARTESIAN_POINT('',(-0.130726819068312,0.747451856747178,0.657857408155429));
#6777=CARTESIAN_POINT('',(-0.12503125929267,0.75053019092319,0.653767439895911));
#6778=CARTESIAN_POINT('',(-0.120474429383419,0.754679931302352,0.649210609986661));
#6779=CARTESIAN_POINT('',(-0.115402568767666,0.759298691540023,0.644138749370908));
#6780=CARTESIAN_POINT('',(-0.112002762024755,0.764994773065737,0.638804566838139));
#6781=CARTESIAN_POINT('',(-0.107367483749185,0.778048959504309,0.629063270797621));
#6782=CARTESIAN_POINT('',(-0.106151352838782,0.785262174123908,0.62473723304574));
#6783=CARTESIAN_POINT('',(-0.104726996438669,0.800432770164726,0.617731996085958));
#6784=CARTESIAN_POINT('',(-0.10450810223653,0.808383400106422,0.615025472656366));
#6785=CARTESIAN_POINT('',(-0.104310633609847,0.824660902620695,0.611334213777039));
#6786=CARTESIAN_POINT('',(-0.104330708633532,0.832982744142508,0.610346660025503));
#6787=CARTESIAN_POINT('',(-0.104330708661419,0.841331282150181,0.610236220702561));
#6788=CARTESIAN_POINT('',(-0.116141732283465,0.71302939688702,0.610236220472441));
#6789=CARTESIAN_POINT('',(-0.159448818897638,0.687007874015753,0.610236220472441));
#6790=CARTESIAN_POINT('',(-0.159448818897638,0.713029396887018,0.610236220472441));
#6791=CARTESIAN_POINT('',(-0.116141732283465,0.713029396887016,0.610236220472441));
#6792=CARTESIAN_POINT('',(-0.202755905511812,0.71302939688702,0.610236220472441));
#6793=CARTESIAN_POINT('',(-0.159448818897638,-0.0890748031496091,0.610236220472441));
#6794=CARTESIAN_POINT('',(-0.112401574803151,-0.0890748031496087,0.610236220472441));
#6795=CARTESIAN_POINT('',(-0.112401574803149,-0.0420275590551213,0.610236220472441));
#6796=CARTESIAN_POINT('',(-0.112401574803149,0.322490157480316,0.610236220472441));
#6797=CARTESIAN_POINT('',(-0.11240157480315,0.687007874015753,0.610236220472441));
#6798=CARTESIAN_POINT('',(-0.159448818897638,0.687007874015753,0.610236220472441));
#6799=CARTESIAN_POINT('',(-0.11240157480315,0.687007874015753,0.610236220472441));
#6800=CARTESIAN_POINT('',(-0.206496062992126,0.687007874015753,0.610236220472441));
#6801=CARTESIAN_POINT('',(-0.11240157480315,0.687007874015753,0.610236220472441));
#6802=CARTESIAN_POINT('',(-0.104330708661418,0.68700787401575,0.610236220472441));
#6803=CARTESIAN_POINT('',(-0.159448818897638,0.687007874015754,0.610236220472441));
#6804=CARTESIAN_POINT('',(-0.104330708661418,0.687007874015757,0.610236220472441));
#6805=CARTESIAN_POINT('',(-0.214566929133859,0.68700787401575,0.610236220472441));
#6806=CARTESIAN_POINT('',(-0.104330708661418,0.68700787401575,0.610236220472441));
#6807=CARTESIAN_POINT('',(-0.104330708661418,0.841331282147869,0.610236220472441));
#6808=CARTESIAN_POINT('',(-0.104330708656895,0.842909744261129,0.729558313280948));
#6809=CARTESIAN_POINT('',(-0.104330708661419,0.841331282150181,0.610236220702561));
#6810=CARTESIAN_POINT('',(-0.104330708661418,0.844488188976379,0.610236220472442));
#6811=CARTESIAN_POINT('',(-0.116141732283465,0.841331299545912,0.610236220472441));
#6812=CARTESIAN_POINT('',(-0.116141732283465,0.71302939688702,0.610236220472441));
#6813=CARTESIAN_POINT('',(-0.116141732283464,0.841331299545913,0.610236220472441));
#6814=CARTESIAN_POINT('',(-0.116141732283464,0.826757621988909,0.610429007439055));
#6815=CARTESIAN_POINT('',(-0.115903842215236,0.812162954297666,0.613340271771855));
#6816=CARTESIAN_POINT('',(-0.116984318799614,0.798649405640701,0.618737395828449));
#6817=CARTESIAN_POINT('',(-0.117528118845953,0.791848084360713,0.621453749291826));
#6818=CARTESIAN_POINT('',(-0.118454100428781,0.785284924952247,0.624817813724807));
#6819=CARTESIAN_POINT('',(-0.120239836430134,0.779248243092867,0.628625332602023));
#6820=CARTESIAN_POINT('',(-0.122031689452606,0.773190882639124,0.632445894097722));
#6821=CARTESIAN_POINT('',(-0.124699314891744,0.767666015285109,0.636732185703178));
#6822=CARTESIAN_POINT('',(-0.128826084279322,0.763080694560129,0.640858955090756));
#6823=CARTESIAN_POINT('',(-0.135784059694069,0.755349574675114,0.647816930505501));
#6824=CARTESIAN_POINT('',(-0.146535793074262,0.750920765830967,0.653543307086613));
#6825=CARTESIAN_POINT('',(-0.159448818897637,0.750920765830963,0.653543307086614));
#6826=CARTESIAN_POINT('',(-0.172361844721014,0.750920765830963,0.653543307086614));
#6827=CARTESIAN_POINT('',(-0.183113578101211,0.755349574675118,0.647816930505498));
#6828=CARTESIAN_POINT('',(-0.190071553515955,0.763080694560129,0.640858955090756));
#6829=CARTESIAN_POINT('',(-0.194198322903545,0.767666015285121,0.636732185703166));
#6830=CARTESIAN_POINT('',(-0.196865948342667,0.773190882639113,0.632445894097732));
#6831=CARTESIAN_POINT('',(-0.198657801365143,0.779248243092871,0.628625332602023));
#6832=CARTESIAN_POINT('',(-0.200443537366497,0.785284924952247,0.624817813724808));
#6833=CARTESIAN_POINT('',(-0.201369518949325,0.791848084360736,0.621453749291814));
#6834=CARTESIAN_POINT('',(-0.201913318995663,0.798649405640714,0.618737395828443));
#6835=CARTESIAN_POINT('',(-0.202993795580041,0.812162954297678,0.613340271771852));
#6836=CARTESIAN_POINT('',(-0.202755905511811,0.826757621988932,0.610429007439053));
#6837=CARTESIAN_POINT('',(-0.202755905511811,0.841331299545936,0.610236220472441));
#6838=CARTESIAN_POINT('',(0.,0.,0.));
#6839=CARTESIAN_POINT('',(0.,0.,0.));
#6840=CARTESIAN_POINT('',(0.,0.,0.));
ENDSEC;
END-ISO-10303-21;
